timestamp,emg1,emg2,emg3,emg4,emg5,emg6,emg7,emg8,performer,situation,gesture
1.57E+15,2,5,0,-1,-1,-1,-2,-2,matsu,stand,matsu
1.57E+15,-7,0,-1,-2,-2,-3,0,0,matsu,stand,matsu
1.57E+15,3,1,-1,-3,-2,-1,-1,-2,matsu,stand,matsu
1.57E+15,2,0,-2,-2,-3,0,0,0,matsu,stand,matsu
1.57E+15,-4,-3,-3,1,-2,0,0,-1,matsu,stand,matsu
1.57E+15,6,2,0,0,2,0,0,1,matsu,stand,matsu
1.57E+15,6,0,-3,0,0,-1,0,0,matsu,stand,matsu
1.57E+15,-13,-3,-1,-3,-1,-2,0,-3,matsu,stand,matsu
1.57E+15,-1,-2,-2,-1,0,-1,-1,-3,matsu,stand,matsu
1.57E+15,-3,-2,-1,-1,-1,-2,0,-2,matsu,stand,matsu
1.57E+15,-1,-2,0,-2,-1,-3,0,-2,matsu,stand,matsu
1.57E+15,8,-1,-2,-1,0,0,-1,1,matsu,stand,matsu
1.57E+15,2,8,1,-1,-1,-1,-2,-1,matsu,stand,matsu
1.57E+15,-8,-9,-5,-3,-2,0,-1,-2,matsu,stand,matsu
1.57E+15,-1,-1,-3,-1,-1,0,-2,0,matsu,stand,matsu
1.57E+15,6,2,-2,-2,-2,-3,-1,1,matsu,stand,matsu
1.57E+15,14,10,5,2,1,3,2,11,matsu,stand,matsu
1.57E+15,3,0,-2,0,-1,-1,-1,3,matsu,stand,matsu
1.57E+15,-45,-13,-5,-4,-4,-7,-8,-26,matsu,stand,matsu
1.57E+15,0,-3,-1,0,-1,-2,-2,-2,matsu,stand,matsu
1.57E+15,1,-5,-2,1,0,-1,0,2,matsu,stand,matsu
1.57E+15,-1,10,1,1,1,4,5,-11,matsu,stand,matsu
1.57E+15,55,21,8,7,3,8,15,29,matsu,stand,matsu
1.57E+15,9,1,-3,-5,0,2,5,72,matsu,stand,matsu
1.57E+15,-48,-11,-4,-2,-2,-8,-26,-88,matsu,stand,matsu
1.57E+15,25,1,0,-2,2,3,7,8,matsu,stand,matsu
1.57E+15,-70,-6,1,0,-1,-3,-9,-21,matsu,stand,matsu
1.57E+15,-10,-13,0,11,-4,-7,-9,-83,matsu,stand,matsu
1.57E+15,62,10,7,-1,3,9,16,55,matsu,stand,matsu
1.57E+15,-10,18,12,-1,-1,1,10,87,matsu,stand,matsu
1.57E+15,46,17,-3,-11,-2,-2,-13,-108,matsu,stand,matsu
1.57E+15,-11,-26,-9,-7,-4,-8,-6,86,matsu,stand,matsu
1.57E+15,-12,-20,20,30,5,8,10,37,matsu,stand,matsu
1.57E+15,-82,-13,-19,-29,-9,-25,-49,-102,matsu,stand,matsu
1.57E+15,74,-2,-10,15,-11,-10,-8,-4,matsu,stand,matsu
1.57E+15,73,46,20,-11,10,15,31,42,matsu,stand,matsu
1.57E+15,-18,7,3,11,4,12,26,34,matsu,stand,matsu
1.57E+15,47,-52,-22,-2,-14,-26,-55,-48,matsu,stand,matsu
1.57E+15,30,2,5,3,12,8,12,101,matsu,stand,matsu
1.57E+15,-109,-62,-32,-9,-26,-39,-71,-128,matsu,stand,matsu
1.57E+15,127,71,32,22,4,13,34,70,matsu,stand,matsu
1.57E+15,-44,0,-3,-37,6,13,20,20,matsu,stand,matsu
1.57E+15,-68,-59,-49,-29,-20,-19,-7,11,matsu,stand,matsu
1.57E+15,127,66,21,30,12,25,32,26,matsu,stand,matsu
1.57E+15,-128,-52,-17,-4,-14,-26,-58,-86,matsu,stand,matsu
1.57E+15,63,59,23,5,4,9,18,63,matsu,stand,matsu
1.57E+15,-68,-60,-22,5,-10,-22,-49,-102,matsu,stand,matsu
1.57E+15,9,17,-10,-29,2,11,44,73,matsu,stand,matsu
1.57E+15,86,32,9,0,6,25,76,55,matsu,stand,matsu
1.57E+15,-54,-25,-8,2,-10,-16,-49,17,matsu,stand,matsu
1.57E+15,27,41,36,34,11,13,23,87,matsu,stand,matsu
1.57E+15,-41,-3,14,10,8,0,2,-1,matsu,stand,matsu
1.57E+15,-6,-38,-29,-17,-12,-16,-37,-47,matsu,stand,matsu
1.57E+15,49,12,16,4,3,15,48,45,matsu,stand,matsu
1.57E+15,-86,0,-14,-38,1,6,7,-1,matsu,stand,matsu
1.57E+15,3,1,5,21,-4,-8,-30,-56,matsu,stand,matsu
1.57E+15,-23,-2,-8,-21,3,1,8,12,matsu,stand,matsu
1.57E+15,27,-1,2,16,2,7,18,3,matsu,stand,matsu
1.57E+15,21,15,16,17,0,-1,-6,-13,matsu,stand,matsu
1.57E+15,8,-9,-11,-19,-3,-2,-6,-22,matsu,stand,matsu
1.57E+15,-12,-10,-6,-7,-1,-7,-6,2,matsu,stand,matsu
1.57E+15,0,-4,-4,13,2,-2,1,-23,matsu,stand,matsu
1.57E+15,-29,-9,-2,-11,-4,-4,-10,-24,matsu,stand,matsu
1.57E+15,-26,-9,-3,-6,0,4,11,18,matsu,stand,matsu
1.57E+15,-6,2,-6,-5,-2,-3,-11,7,matsu,stand,matsu
1.57E+15,8,1,2,8,-1,-4,-15,2,matsu,stand,matsu
1.57E+15,48,10,4,-9,4,8,24,-16,matsu,stand,matsu
1.57E+15,1,-4,-1,-2,0,-1,-1,4,matsu,stand,matsu
1.57E+15,-13,-4,-3,-1,-1,-4,-8,-20,matsu,stand,matsu
1.57E+15,3,-1,-4,-3,2,2,12,11,matsu,stand,matsu
1.57E+15,16,3,5,2,0,1,5,33,matsu,stand,matsu
1.57E+15,-10,-7,0,4,-2,-4,-10,-14,matsu,stand,matsu
1.57E+15,0,-4,-5,-9,-3,-8,-16,-19,matsu,stand,matsu
1.57E+15,-11,-6,-2,0,2,5,9,-13,matsu,stand,matsu
1.57E+15,7,7,4,3,0,2,4,19,matsu,stand,matsu
1.57E+15,-2,0,1,1,-1,-2,-7,-12,matsu,stand,matsu
1.57E+15,-5,-4,-5,-8,1,0,-3,7,matsu,stand,matsu
1.57E+15,0,-2,-2,1,0,0,4,-7,matsu,stand,matsu
1.57E+15,13,5,5,2,2,1,-1,5,matsu,stand,matsu
1.57E+15,1,-2,-1,-5,-1,-1,-2,6,matsu,stand,matsu
1.57E+15,-6,-3,-3,-1,-1,-3,-4,5,matsu,stand,matsu
1.57E+15,-5,-3,-2,2,-1,-2,-1,-14,matsu,stand,matsu
1.57E+15,13,3,2,-1,1,-1,1,5,matsu,stand,matsu
1.57E+15,-9,-4,2,-1,-2,1,3,9,matsu,stand,matsu
1.57E+15,-7,-2,-4,-2,-2,-5,-4,-5,matsu,stand,matsu
1.57E+15,3,-1,-2,1,1,-1,-2,-14,matsu,stand,matsu
1.57E+15,4,4,1,-1,-2,2,3,16,matsu,stand,matsu
1.57E+15,-3,-2,-2,-2,1,1,0,0,matsu,stand,matsu
1.57E+15,-2,0,-1,0,-3,-2,-5,-9,matsu,stand,matsu
1.57E+15,2,-2,-3,-1,-1,1,1,-2,matsu,stand,matsu
1.57E+15,6,2,1,1,-1,0,2,11,matsu,stand,matsu
1.57E+15,-5,-4,-2,1,-1,-3,-2,-3,matsu,stand,matsu
1.57E+15,0,0,-1,-4,-1,-2,-4,-6,matsu,stand,matsu
1.57E+15,-3,-2,4,0,0,0,2,0,matsu,stand,matsu
1.57E+15,-1,-1,-4,-2,-1,0,-1,3,matsu,stand,matsu
1.57E+15,-2,-1,0,0,0,0,-2,-3,matsu,stand,matsu
1.57E+15,1,0,-7,-4,-1,0,-3,1,matsu,stand,matsu
1.57E+15,1,2,-4,0,0,2,2,-3,matsu,stand,matsu
1.57E+15,3,-1,9,0,-2,-1,-1,-1,matsu,stand,matsu
1.57E+15,1,-1,2,-1,-1,-3,0,2,matsu,stand,matsu
1.57E+15,-3,-6,0,-3,-2,-2,-1,1,matsu,stand,matsu
1.57E+15,-2,2,35,-1,-2,-3,-2,-4,matsu,stand,matsu
1.57E+15,1,1,-9,-2,1,0,0,4,matsu,stand,matsu
1.57E+15,2,4,4,-1,-1,0,1,2,matsu,stand,matsu
1.57E+15,0,-5,-3,1,-1,0,-3,-6,matsu,stand,matsu
1.57E+15,-13,-5,5,2,-2,1,-2,-7,matsu,stand,matsu
1.57E+15,1,1,4,-1,0,3,1,1,matsu,stand,matsu
1.57E+15,4,-8,-15,-1,-2,-1,1,2,matsu,stand,matsu
1.57E+15,-7,6,3,-1,-1,-2,-1,-1,matsu,stand,matsu
1.57E+15,0,3,-9,-3,-1,0,-1,-1,matsu,stand,matsu
1.57E+15,6,0,-6,-2,2,0,0,2,matsu,stand,matsu
1.57E+15,11,-3,-7,1,0,-1,-1,0,matsu,stand,matsu
1.57E+15,-17,-2,6,11,-3,-4,-4,-6,matsu,stand,matsu
1.57E+15,-17,-11,-18,-15,-1,-3,0,-3,matsu,stand,matsu
1.57E+15,15,0,0,5,-2,-1,0,4,matsu,stand,matsu
1.57E+15,1,37,10,-8,1,-1,1,0,matsu,stand,matsu
1.57E+15,-17,-1,6,-4,-1,-2,-1,-2,matsu,stand,matsu
1.57E+15,14,0,0,9,1,0,0,0,matsu,stand,matsu
1.57E+15,3,1,-1,-4,1,-1,1,0,matsu,stand,matsu
1.57E+15,-13,-19,-12,-5,-1,-3,-3,-4,matsu,stand,matsu
1.57E+15,-5,-1,12,3,-1,-4,-2,-2,matsu,stand,matsu
1.57E+15,2,6,-37,-4,-2,-1,0,1,matsu,stand,matsu
1.57E+15,8,-2,7,-2,1,0,-2,0,matsu,stand,matsu
1.57E+15,7,1,21,9,-1,0,0,3,matsu,stand,matsu
1.57E+15,-1,-2,-12,-2,0,2,-1,0,matsu,stand,matsu
1.57E+15,7,-7,-2,-10,-2,-2,-1,-1,matsu,stand,matsu
1.57E+15,-2,-2,-19,-2,1,0,0,-2,matsu,stand,matsu
1.57E+15,-16,-9,10,-12,-3,-1,-2,-3,matsu,stand,matsu
1.57E+15,3,-1,7,10,-1,0,-1,-2,matsu,stand,matsu
1.57E+15,6,3,8,6,1,1,0,2,matsu,stand,matsu
1.57E+15,-7,1,-1,-8,-3,-3,-2,-1,matsu,stand,matsu
1.57E+15,-5,0,-2,3,0,0,-2,-3,matsu,stand,matsu
1.57E+15,9,-5,-9,-6,-1,0,-1,0,matsu,stand,matsu
1.57E+15,-3,-1,1,1,1,-2,0,-2,matsu,stand,matsu
1.57E+15,-17,1,1,0,-2,-1,-2,1,matsu,stand,matsu
1.57E+15,53,-5,-6,2,0,-1,-1,6,matsu,stand,matsu
1.57E+15,-7,0,-5,-3,1,3,9,21,matsu,stand,matsu
1.57E+15,-25,11,-2,0,-1,-1,2,-31,matsu,stand,matsu
1.57E+15,-8,1,6,2,-2,2,10,40,matsu,stand,matsu
1.57E+15,-26,0,2,6,4,4,-2,-38,matsu,stand,matsu
1.57E+15,55,-4,-13,-4,-5,-11,-25,-70,matsu,stand,matsu
1.57E+15,-10,-8,9,-8,2,-2,-5,-34,matsu,stand,matsu
1.57E+15,-52,-32,-11,-9,-10,-18,-32,-104,matsu,stand,matsu
1.57E+15,63,13,-3,19,-5,1,19,99,matsu,stand,matsu
1.57E+15,25,20,15,-5,10,20,27,-1,matsu,stand,matsu
1.57E+15,1,12,13,48,-5,-10,-24,61,matsu,stand,matsu
1.57E+15,101,5,1,-41,4,11,30,15,matsu,stand,matsu
1.57E+15,-32,-14,-31,-35,5,4,1,8,matsu,stand,matsu
1.57E+15,-64,-63,1,29,-14,-32,-79,-83,matsu,stand,matsu
1.57E+15,47,-4,-9,-43,-2,-13,-9,63,matsu,stand,matsu
1.57E+15,39,14,12,61,10,6,13,80,matsu,stand,matsu
1.57E+15,-20,33,9,-36,-4,-1,11,21,matsu,stand,matsu
1.57E+15,105,16,-8,-9,3,19,51,79,matsu,stand,matsu
1.57E+15,-103,-18,16,25,8,12,-1,-79,matsu,stand,matsu
1.57E+15,4,-5,-2,0,-9,-12,-30,-45,matsu,stand,matsu
1.57E+15,46,4,-7,0,-3,-5,-12,-50,matsu,stand,matsu
1.57E+15,-18,16,20,55,3,-3,-6,-36,matsu,stand,matsu
1.57E+15,104,33,-16,-42,0,14,43,112,matsu,stand,matsu
1.57E+15,-110,-51,-57,-21,-4,-6,-54,-76,matsu,stand,matsu
1.57E+15,11,-15,3,9,-2,-13,-34,88,matsu,stand,matsu
1.57E+15,-33,29,7,-23,-2,-3,-10,-7,matsu,stand,matsu
1.57E+15,14,-20,-37,24,-9,-4,9,6,matsu,stand,matsu
1.57E+15,17,23,29,-5,4,13,40,82,matsu,stand,matsu
1.57E+15,-31,-19,-10,2,0,0,-2,-48,matsu,stand,matsu
1.57E+15,31,8,-1,-2,-1,1,9,45,matsu,stand,matsu
1.57E+15,5,21,47,-18,4,9,14,-9,matsu,stand,matsu
1.57E+15,7,-4,-3,16,-5,-10,-10,-24,matsu,stand,matsu
1.57E+15,-27,-12,-16,-5,-2,-1,1,-20,matsu,stand,matsu
1.57E+15,-1,10,-2,-14,1,1,11,43,matsu,stand,matsu
1.57E+15,-17,-13,-4,-3,-3,-4,-16,-37,matsu,stand,matsu
1.57E+15,1,0,0,4,0,1,7,1,matsu,stand,matsu
1.57E+15,-21,0,13,10,-2,-2,1,-25,matsu,stand,matsu
1.57E+15,-17,-6,-8,-16,0,6,15,55,matsu,stand,matsu
1.57E+15,-20,-12,-12,0,-4,-6,-22,-4,matsu,stand,matsu
1.57E+15,34,15,15,1,0,3,7,27,matsu,stand,matsu
1.57E+15,-4,2,1,5,-1,-1,-17,-3,matsu,stand,matsu
1.57E+15,-15,-14,-13,-12,-3,-2,-2,-39,matsu,stand,matsu
1.57E+15,9,-15,2,7,-3,-7,-6,9,matsu,stand,matsu
1.57E+15,-12,22,9,-2,2,1,12,25,matsu,stand,matsu
1.57E+15,-14,-6,-2,-1,-3,-1,3,-12,matsu,stand,matsu
1.57E+15,-4,-3,-11,-3,1,0,-3,20,matsu,stand,matsu
1.57E+15,13,2,24,4,1,3,1,-7,matsu,stand,matsu
1.57E+15,-8,-6,-25,-7,-1,-2,2,-11,matsu,stand,matsu
1.57E+15,-6,-5,4,3,0,1,-1,-12,matsu,stand,matsu
1.57E+15,3,-4,-7,-6,-4,-3,-4,-3,matsu,stand,matsu
1.57E+15,17,4,1,1,2,1,8,4,matsu,stand,matsu
1.57E+15,-7,5,6,-3,-1,-1,-2,-11,matsu,stand,matsu
1.57E+15,-3,-1,-1,5,-1,-3,2,6,matsu,stand,matsu
1.57E+15,-1,-2,1,-4,-1,-1,2,11,matsu,stand,matsu
1.57E+15,13,-5,-9,1,-2,-2,0,-10,matsu,stand,matsu
1.57E+15,-41,-4,-5,-1,-4,-1,-7,-5,matsu,stand,matsu
1.57E+15,7,-8,3,-1,-2,1,2,-1,matsu,stand,matsu
1.57E+15,-10,-1,-1,-5,-1,0,1,-7,matsu,stand,matsu
1.57E+15,2,-1,-8,-2,-1,-1,-4,-8,matsu,stand,matsu
1.57E+15,17,3,7,2,-1,-1,0,5,matsu,stand,matsu
1.57E+15,-2,6,7,0,0,0,6,4,matsu,stand,matsu
1.57E+15,-5,-11,16,-3,1,-2,-3,-6,matsu,stand,matsu
1.57E+15,-3,-4,-31,1,-3,-1,-4,2,matsu,stand,matsu
1.57E+15,-3,19,-2,-9,0,1,2,5,matsu,stand,matsu
1.57E+15,1,0,6,-2,-1,-1,1,-9,matsu,stand,matsu
1.57E+15,0,-4,-2,9,-1,-1,0,4,matsu,stand,matsu
1.57E+15,-5,18,-1,-17,-1,0,2,-3,matsu,stand,matsu
1.57E+15,3,-5,6,2,-1,0,-1,-1,matsu,stand,matsu
1.57E+15,5,-7,-8,2,-2,-2,-2,-2,matsu,stand,matsu
1.57E+15,1,21,-7,-4,-2,0,-1,0,matsu,stand,matsu
1.57E+15,-6,-5,2,5,-1,-1,-2,-1,matsu,stand,matsu
1.57E+15,0,-9,-5,-4,-2,-2,-2,-1,matsu,stand,matsu
1.57E+15,16,13,10,3,1,0,2,4,matsu,stand,matsu
1.57E+15,0,-6,-15,1,1,-1,0,0,matsu,stand,matsu
1.57E+15,-11,-19,1,0,-1,-1,-2,-7,matsu,stand,matsu
1.57E+15,33,32,6,0,1,2,1,8,matsu,stand,matsu
1.57E+15,2,2,15,8,1,2,0,-1,matsu,stand,matsu
1.57E+15,-19,4,-26,-15,-2,-2,-3,-4,matsu,stand,matsu
1.57E+15,-7,8,7,-1,0,0,1,-2,matsu,stand,matsu
1.57E+15,5,-5,51,30,2,1,-1,2,matsu,stand,matsu
1.57E+15,0,-6,-49,-22,-4,1,-1,-3,matsu,stand,matsu
1.57E+15,-6,-7,-19,-24,-4,-4,-2,-3,matsu,stand,matsu
1.57E+15,-1,7,-14,-8,-4,-3,-1,1,matsu,stand,matsu
1.57E+15,5,-19,-7,-6,-4,-4,-2,1,matsu,stand,matsu
1.57E+15,0,10,57,31,4,1,0,1,matsu,stand,matsu
1.57E+15,5,-20,-43,-9,-3,0,2,-2,matsu,stand,matsu
1.57E+15,4,-7,-21,0,-1,0,0,-5,matsu,stand,matsu
1.57E+15,-5,-9,-2,2,1,1,-3,-3,matsu,stand,matsu
1.57E+15,-9,-2,-16,-6,-2,-3,-2,-1,matsu,stand,matsu
1.57E+15,0,3,19,6,2,0,-2,0,matsu,stand,matsu
1.57E+15,-1,-3,8,5,2,1,0,1,matsu,stand,matsu
1.57E+15,-8,-4,-13,-5,1,1,-2,-2,matsu,stand,matsu
1.57E+15,-4,-15,-6,-7,-2,-2,1,-1,matsu,stand,matsu
1.57E+15,-9,-5,13,3,-1,-1,-1,1,matsu,stand,matsu
1.57E+15,-2,-5,13,5,-1,0,-1,-2,matsu,stand,matsu
1.57E+15,17,-1,-11,-5,-1,-2,-1,2,matsu,stand,matsu
1.57E+15,27,4,-8,-4,-1,-3,-2,4,matsu,stand,matsu
1.57E+15,-59,-12,18,6,0,-1,-2,-9,matsu,stand,matsu
1.57E+15,-23,-6,-1,2,0,-2,-5,-5,matsu,stand,matsu
1.57E+15,-5,0,-8,-10,-1,-1,0,-2,matsu,stand,matsu
1.57E+15,21,7,-5,-1,-1,1,0,3,matsu,stand,matsu
1.57E+15,3,6,13,9,0,1,-3,0,matsu,stand,matsu
1.57E+15,-11,-4,1,-6,-2,1,0,-3,matsu,stand,matsu
1.57E+15,-2,-3,9,11,-1,-1,-2,-1,matsu,stand,matsu
1.57E+15,-2,2,18,7,1,1,2,2,matsu,stand,matsu
1.57E+15,24,7,-9,-2,1,-2,-1,4,matsu,stand,matsu
1.57E+15,-6,-22,-35,-44,-8,-6,-4,-5,matsu,stand,matsu
1.57E+15,-2,-7,-21,2,-2,-1,0,-2,matsu,stand,matsu
1.57E+15,-8,-2,-2,1,-2,-1,-3,-3,matsu,stand,matsu
1.57E+15,12,10,32,17,0,3,1,2,matsu,stand,matsu
1.57E+15,19,-2,15,16,1,1,0,8,matsu,stand,matsu
1.57E+15,11,-4,-7,-12,-1,0,1,8,matsu,stand,matsu
1.57E+15,-54,-15,-4,-2,-3,-1,-2,-5,matsu,stand,matsu
1.57E+15,-9,-13,-28,-8,-3,0,-4,-32,matsu,stand,matsu
1.57E+15,48,25,7,4,4,8,25,28,matsu,stand,matsu
1.57E+15,37,14,8,0,5,4,4,107,matsu,stand,matsu
1.57E+15,-98,-33,1,10,0,-8,-36,-97,matsu,stand,matsu
1.57E+15,-14,-17,-30,-41,-8,-6,0,-17,matsu,stand,matsu
1.57E+15,73,24,1,9,-1,5,26,80,matsu,stand,matsu
1.57E+15,47,23,38,25,8,-2,-22,2,matsu,stand,matsu
1.57E+15,-60,-49,-6,-12,-14,-36,-64,-30,matsu,stand,matsu
1.57E+15,-42,-20,-13,-22,-2,4,11,55,matsu,stand,matsu
1.57E+15,40,10,12,49,10,27,47,29,matsu,stand,matsu
1.57E+15,-1,9,-17,4,5,1,-7,100,matsu,stand,matsu
1.57E+15,60,41,64,-26,3,1,-15,-74,matsu,stand,matsu
1.57E+15,4,10,-46,-15,1,-1,20,72,matsu,stand,matsu
1.57E+15,20,20,21,49,0,1,5,-29,matsu,stand,matsu
1.57E+15,-36,-18,-25,-53,-1,5,2,-116,matsu,stand,matsu
1.57E+15,102,12,-21,-3,13,33,73,126,matsu,stand,matsu
1.57E+15,-100,-48,-5,-9,-9,-19,-84,-124,matsu,stand,matsu
1.57E+15,85,31,38,21,10,2,25,127,matsu,stand,matsu
1.57E+15,0,-4,17,20,-3,-8,-45,-22,matsu,stand,matsu
1.57E+15,-62,-3,9,35,-4,-7,-3,-89,matsu,stand,matsu
1.57E+15,104,33,57,8,13,36,86,127,matsu,stand,matsu
1.57E+15,-71,-14,-20,-23,-4,-18,-66,-108,matsu,stand,matsu
1.57E+15,-57,-27,-46,-6,-14,-20,-16,-39,matsu,stand,matsu
1.57E+15,43,8,-16,-36,-3,5,24,66,matsu,stand,matsu
1.57E+15,76,22,31,47,-1,2,16,-15,matsu,stand,matsu
1.57E+15,-90,-28,27,18,-4,-7,-25,-69,matsu,stand,matsu
1.57E+15,-9,17,-9,-70,9,6,24,0,matsu,stand,matsu
1.57E+15,12,1,-44,21,0,7,16,52,matsu,stand,matsu
1.57E+15,-1,5,-61,-52,-11,-15,-25,-44,matsu,stand,matsu
1.57E+15,-11,-23,15,-22,-5,-12,-24,-25,matsu,stand,matsu
1.57E+15,3,2,88,12,-7,2,19,-26,matsu,stand,matsu
1.57E+15,-28,-4,-22,23,0,-3,3,92,matsu,stand,matsu
1.57E+15,23,9,45,29,2,-3,-16,-34,matsu,stand,matsu
1.57E+15,-16,-12,-29,-31,-5,-5,-8,12,matsu,stand,matsu
1.57E+15,-5,-8,-13,20,-3,3,16,32,matsu,stand,matsu
1.57E+15,4,12,19,-10,-1,1,-8,-42,matsu,stand,matsu
1.57E+15,2,4,0,7,1,3,9,5,matsu,stand,matsu
1.57E+15,-15,-14,-16,-23,-6,-10,-8,9,matsu,stand,matsu
1.57E+15,26,2,-7,10,1,0,-6,36,matsu,stand,matsu
1.57E+15,2,1,3,-6,-2,-4,-3,12,matsu,stand,matsu
1.57E+15,-5,-6,-1,2,0,-3,-5,-18,matsu,stand,matsu
1.57E+15,-14,-3,-19,-6,-1,2,5,6,matsu,stand,matsu
1.57E+15,-9,-7,-1,5,-2,-2,3,-22,matsu,stand,matsu
1.57E+15,3,-7,-19,-10,-1,-2,-2,-5,matsu,stand,matsu
1.57E+15,4,-2,12,11,1,-1,0,18,matsu,stand,matsu
1.57E+15,-10,2,3,-9,2,1,-4,-9,matsu,stand,matsu
1.57E+15,-4,-7,-17,-1,-5,-3,-2,-7,matsu,stand,matsu
1.57E+15,5,-3,1,-2,-1,-1,3,-3,matsu,stand,matsu
1.57E+15,1,-4,8,4,1,-4,-6,11,matsu,stand,matsu
1.57E+15,-4,0,-2,-3,-1,-3,-5,-10,matsu,stand,matsu
1.57E+15,-4,-5,-9,1,-4,0,3,-13,matsu,stand,matsu
1.57E+15,12,5,-4,1,0,1,3,11,matsu,stand,matsu
1.57E+15,9,5,9,2,0,-1,-5,1,matsu,stand,matsu
1.57E+15,-48,-7,-13,-9,0,-2,-6,-16,matsu,stand,matsu
1.57E+15,-1,-1,-3,4,-2,1,4,-3,matsu,stand,matsu
1.57E+15,5,3,2,-4,-1,-2,0,0,matsu,stand,matsu
1.57E+15,-1,-1,1,0,-1,-5,-7,5,matsu,stand,matsu
1.57E+15,15,1,0,-3,0,1,1,-2,matsu,stand,matsu
1.57E+15,-1,-1,-1,3,-1,0,2,0,matsu,stand,matsu
1.57E+15,-14,-1,2,-2,-2,-1,-4,-3,matsu,stand,matsu
1.57E+15,-3,0,1,-1,0,-1,-2,2,matsu,stand,matsu
1.57E+15,4,-1,-6,-2,-2,-2,-1,-2,matsu,stand,matsu
1.57E+15,-3,-3,0,1,-3,-3,-1,-7,matsu,stand,matsu
1.57E+15,9,-1,-6,-3,-3,-2,-1,-2,matsu,stand,matsu
1.57E+15,-5,-3,0,4,0,-1,-1,2,matsu,stand,matsu
1.57E+15,-1,1,-1,-2,-1,0,-1,-3,matsu,stand,matsu
1.57E+15,-4,-1,-3,-1,0,0,-1,-2,matsu,stand,matsu
1.57E+15,4,0,-1,-1,-1,0,-1,1,matsu,stand,matsu
1.57E+15,-4,0,1,1,-2,0,-2,1,matsu,stand,matsu
1.57E+15,-1,-2,-1,-3,-3,-1,-4,-3,matsu,stand,matsu
1.57E+15,-2,-3,-4,-3,0,-1,-1,-4,matsu,stand,matsu
,,,,,,,,,,,
1.57E+15,7,-1,-2,0,0,1,-1,-1,matsu,stand,matsu
1.57E+15,-1,-2,-2,-3,0,-1,-2,0,matsu,stand,matsu
1.57E+15,-1,-3,-2,0,-1,-2,-1,-1,matsu,stand,matsu
1.57E+15,-1,3,3,0,0,0,0,-1,matsu,stand,matsu
1.57E+15,-3,-1,-2,-1,-2,-2,0,0,matsu,stand,matsu
1.57E+15,-1,-1,1,0,-1,-3,0,-2,matsu,stand,matsu
1.57E+15,-9,-2,0,-1,0,-1,1,0,matsu,stand,matsu
1.57E+15,-1,-3,-2,-1,0,0,-1,0,matsu,stand,matsu
1.57E+15,-6,-2,0,-1,-1,-1,-1,-2,matsu,stand,matsu
1.57E+15,6,1,-1,-2,-1,-1,0,0,matsu,stand,matsu
1.57E+15,11,4,1,0,-2,-1,-1,2,matsu,stand,matsu
1.57E+15,-1,1,-2,0,-1,-3,-2,-2,matsu,stand,matsu
1.57E+15,-5,-2,7,6,0,-1,0,-1,matsu,stand,matsu
1.57E+15,-20,-9,12,-9,-3,-1,-1,-3,matsu,stand,matsu
1.57E+15,1,-4,-15,-1,1,-1,-1,-3,matsu,stand,matsu
1.57E+15,4,1,1,-1,-1,1,-1,1,matsu,stand,matsu
1.57E+15,15,1,-4,0,0,-1,0,1,matsu,stand,matsu
1.57E+15,1,5,28,9,-2,0,-1,-2,matsu,stand,matsu
1.57E+15,4,2,-4,1,-1,0,0,0,matsu,stand,matsu
1.57E+15,0,-3,-27,-9,-1,-2,0,-1,matsu,stand,matsu
1.57E+15,-5,-3,14,-3,-2,-1,-1,-2,matsu,stand,matsu
1.57E+15,2,0,-11,-2,-2,-1,1,0,matsu,stand,matsu
1.57E+15,1,1,9,2,-1,-2,-1,1,matsu,stand,matsu
1.57E+15,3,4,3,5,0,-1,-1,-1,matsu,stand,matsu
1.57E+15,-5,-7,-9,-4,-1,-1,-1,-1,matsu,stand,matsu
1.57E+15,-18,-6,-11,-1,-1,-1,-2,-2,matsu,stand,matsu
1.57E+15,1,-4,3,-4,-1,-4,-3,-3,matsu,stand,matsu
1.57E+15,-4,-3,-1,-2,1,-2,-1,-1,matsu,stand,matsu
1.57E+15,12,5,-4,-2,-2,0,1,1,matsu,stand,matsu
1.57E+15,19,2,-1,3,1,2,0,3,matsu,stand,matsu
1.57E+15,-9,7,16,3,-1,1,0,-2,matsu,stand,matsu
1.57E+15,-22,-15,-30,-8,-2,-1,-2,-3,matsu,stand,matsu
1.57E+15,-12,-5,-5,-10,-3,-3,-2,-2,matsu,stand,matsu
1.57E+15,17,1,-14,-2,1,-3,-1,2,matsu,stand,matsu
1.57E+15,18,-3,22,-2,1,1,2,6,matsu,stand,matsu
1.57E+15,-34,19,30,8,0,0,-1,-8,matsu,stand,matsu
1.57E+15,-2,7,-11,6,0,-1,-1,-2,matsu,stand,matsu
1.57E+15,9,-8,-7,-11,-2,-2,0,-1,matsu,stand,matsu
1.57E+15,43,8,-1,13,2,3,6,17,matsu,stand,matsu
1.57E+15,38,7,8,-5,2,4,4,29,matsu,stand,matsu
1.57E+15,-75,-14,-8,-5,-4,-4,-11,-43,matsu,stand,matsu
1.57E+15,-25,-7,3,2,-2,-4,-8,-25,matsu,stand,matsu
1.57E+15,-14,-1,-7,-4,-1,-1,-1,-11,matsu,stand,matsu
1.57E+15,18,-9,2,2,-1,-1,0,5,matsu,stand,matsu
1.57E+15,16,10,6,7,2,2,1,27,matsu,stand,matsu
1.57E+15,9,5,-16,-14,-2,2,3,-7,matsu,stand,matsu
1.57E+15,30,3,2,0,-3,-2,3,29,matsu,stand,matsu
1.57E+15,25,6,-15,0,-1,2,0,24,matsu,stand,matsu
1.57E+15,-25,10,7,3,1,0,-8,-32,matsu,stand,matsu
1.57E+15,-34,-3,8,1,-2,-2,-3,-30,matsu,stand,matsu
1.57E+15,69,19,0,-2,4,8,17,14,matsu,stand,matsu
1.57E+15,-30,-7,8,0,1,-5,-7,2,matsu,stand,matsu
1.57E+15,-29,-28,-13,-6,-3,-9,-13,-36,matsu,stand,matsu
1.57E+15,47,15,4,42,-2,5,16,77,matsu,stand,matsu
1.57E+15,-118,-13,22,-39,9,8,13,-14,matsu,stand,matsu
1.57E+15,-22,-21,-38,-5,-16,-22,-46,-74,matsu,stand,matsu
1.57E+15,74,59,24,22,4,6,8,-10,matsu,stand,matsu
1.57E+15,76,45,19,25,9,1,-3,-94,matsu,stand,matsu
1.57E+15,-92,-58,-48,-82,-4,-12,-21,-8,matsu,stand,matsu
1.57E+15,83,16,16,9,6,16,39,106,matsu,stand,matsu
1.57E+15,68,18,16,-10,-1,7,24,20,matsu,stand,matsu
1.57E+15,127,66,5,30,9,24,34,73,matsu,stand,matsu
1.57E+15,-45,-69,-16,16,-16,-27,-65,-58,matsu,stand,matsu
1.57E+15,-96,-43,-20,-30,-11,-24,-38,-85,matsu,stand,matsu
1.57E+15,-4,-3,5,34,1,7,36,127,matsu,stand,matsu
1.57E+15,30,7,-10,-63,-4,-7,-11,-69,matsu,stand,matsu
1.57E+15,52,53,15,57,7,21,47,51,matsu,stand,matsu
1.57E+15,-122,-36,-7,-35,-3,-20,-81,-106,matsu,stand,matsu
1.57E+15,116,15,-7,12,-4,1,29,41,matsu,stand,matsu
1.57E+15,-91,-42,-8,-14,-7,-16,-34,54,matsu,stand,matsu
1.57E+15,-26,-2,-7,-1,-2,-9,-14,-7,matsu,stand,matsu
1.57E+15,65,23,21,41,0,8,36,42,matsu,stand,matsu
1.57E+15,-7,-1,2,-7,5,6,6,3,matsu,stand,matsu
1.57E+15,-100,-38,-13,-23,-4,-2,9,21,matsu,stand,matsu
1.57E+15,-3,2,0,22,-4,1,-1,-4,matsu,stand,matsu
1.57E+15,48,13,10,-11,6,11,21,10,matsu,stand,matsu
1.57E+15,-28,-13,-11,-26,0,-4,-18,-24,matsu,stand,matsu
1.57E+15,-20,-21,-14,-3,-2,-3,-4,-2,matsu,stand,matsu
1.57E+15,24,15,0,7,-5,-5,-9,-36,matsu,stand,matsu
1.57E+15,29,18,13,11,4,8,21,14,matsu,stand,matsu
1.57E+15,17,-23,-10,-16,-5,-9,-20,-21,matsu,stand,matsu
1.57E+15,-26,-9,-3,5,-6,-5,-11,-16,matsu,stand,matsu
1.57E+15,4,1,2,2,2,3,5,5,matsu,stand,matsu
1.57E+15,46,14,5,3,0,6,18,32,matsu,stand,matsu
1.57E+15,-49,-16,-11,-8,-1,-4,-16,-20,matsu,stand,matsu
1.57E+15,-7,-3,6,3,2,-1,0,6,matsu,stand,matsu
1.57E+15,24,7,-8,-7,-2,-3,3,11,matsu,stand,matsu
1.57E+15,-34,-10,-3,-3,-2,0,7,2,matsu,stand,matsu
1.57E+15,4,-5,-2,1,-2,-4,-9,-20,matsu,stand,matsu
1.57E+15,2,-2,1,0,2,1,1,-1,matsu,stand,matsu
1.57E+15,-16,0,-2,-2,1,0,3,6,matsu,stand,matsu
1.57E+15,10,-3,0,4,-2,-2,-4,-8,matsu,stand,matsu
1.57E+15,-22,-4,1,-3,-1,-2,-7,-7,matsu,stand,matsu
1.57E+15,-12,-5,-2,-2,-2,0,2,4,matsu,stand,matsu
1.57E+15,10,-1,-3,-2,-3,-2,-2,17,matsu,stand,matsu
1.57E+15,4,2,1,3,-1,1,3,-6,matsu,stand,matsu
1.57E+15,-17,-6,-4,-5,-2,-2,-5,-5,matsu,stand,matsu
1.57E+15,-10,-5,-1,1,-2,0,-1,0,matsu,stand,matsu
1.57E+15,16,5,0,2,-2,-1,-1,-7,matsu,stand,matsu
1.57E+15,-3,1,1,0,-1,-1,3,3,matsu,stand,matsu
1.57E+15,-22,-9,-6,-4,-1,-1,-2,-3,matsu,stand,matsu
1.57E+15,11,-2,1,0,0,-2,0,0,matsu,stand,matsu
1.57E+15,5,3,-1,1,-1,1,-1,-1,matsu,stand,matsu
1.57E+15,-9,-2,0,-1,-2,1,4,7,matsu,stand,matsu
1.57E+15,-6,-5,-3,-1,-2,-2,-4,-6,matsu,stand,matsu
1.57E+15,1,-2,2,0,-2,-3,0,4,matsu,stand,matsu
1.57E+15,2,-1,0,-2,-1,-1,-1,-4,matsu,stand,matsu
1.57E+15,-8,-2,0,-1,0,-1,1,2,matsu,stand,matsu
1.57E+15,0,0,0,1,-1,-1,-3,-3,matsu,stand,matsu
1.57E+15,0,1,1,-1,0,-1,-2,-1,matsu,stand,matsu
1.57E+15,-3,-4,-8,-3,-1,0,0,-3,matsu,stand,matsu
1.57E+15,3,-1,1,2,-2,-1,2,-1,matsu,stand,matsu
1.57E+15,1,-3,0,-2,0,2,-2,-1,matsu,stand,matsu
1.57E+15,-6,-2,-4,-1,-1,-1,-1,0,matsu,stand,matsu
1.57E+15,4,1,3,0,0,-1,-2,-2,matsu,stand,matsu
1.57E+15,-2,0,-3,-1,0,0,0,1,matsu,stand,matsu
1.57E+15,-6,-2,14,-1,0,-2,-1,0,matsu,stand,matsu
1.57E+15,-3,-6,-26,-4,-1,-2,-1,1,matsu,stand,matsu
1.57E+15,4,6,7,1,-1,-1,0,0,matsu,stand,matsu
1.57E+15,1,5,6,1,1,-1,-1,2,matsu,stand,matsu
1.57E+15,-7,-10,-18,-3,-2,-1,-4,-4,matsu,stand,matsu
1.57E+15,0,-7,-31,-8,-2,-2,-5,-3,matsu,stand,matsu
1.57E+15,2,-4,5,1,-2,-1,0,-1,matsu,stand,matsu
1.57E+15,-2,-4,-3,0,0,-1,0,0,matsu,stand,matsu
1.57E+15,1,3,1,-1,-1,1,0,-1,matsu,stand,matsu
1.57E+15,-2,2,10,2,2,0,-1,0,matsu,stand,matsu
1.57E+15,-3,-6,-15,-3,-5,-3,-3,-4,matsu,stand,matsu
1.57E+15,-1,-1,1,-2,-2,0,-1,-3,matsu,stand,matsu
1.57E+15,1,0,2,1,-1,0,0,-1,matsu,stand,matsu
1.57E+15,2,1,8,4,0,0,1,2,matsu,stand,matsu
1.57E+15,-5,2,-2,-3,1,-2,0,0,matsu,stand,matsu
1.57E+15,8,-1,4,-1,-2,-2,-1,-1,matsu,stand,matsu
1.57E+15,16,1,-4,-3,0,-1,1,-1,matsu,stand,matsu
1.57E+15,-10,2,6,2,-2,-1,-1,0,matsu,stand,matsu
1.57E+15,-24,-5,3,-3,-2,0,-1,-3,matsu,stand,matsu
1.57E+15,13,2,-4,0,-3,-2,0,2,matsu,stand,matsu
1.57E+15,-7,0,-5,-1,0,0,0,-1,matsu,stand,matsu
1.57E+15,-12,-9,-2,-21,-2,-4,-2,-7,matsu,stand,matsu
1.57E+15,4,0,4,8,-1,0,-1,2,matsu,stand,matsu
1.57E+15,-1,-1,21,3,0,-1,-1,2,matsu,stand,matsu
1.57E+15,-6,-7,-13,1,-1,-1,-1,0,matsu,stand,matsu
1.57E+15,4,9,44,16,1,1,0,1,matsu,stand,matsu
1.57E+15,3,-7,-24,1,-1,-2,-1,0,matsu,stand,matsu
1.57E+15,-13,-1,57,-4,1,1,-2,-4,matsu,stand,matsu
1.57E+15,-6,-11,-68,-6,-2,-4,-3,-6,matsu,stand,matsu
1.57E+15,4,-10,21,-19,-5,-4,-1,-1,matsu,stand,matsu
1.57E+15,3,9,18,12,1,-2,-1,-1,matsu,stand,matsu
1.57E+15,1,2,-14,-3,2,-1,0,2,matsu,stand,matsu
1.57E+15,-4,-2,29,15,0,-2,-1,1,matsu,stand,matsu
1.57E+15,-5,6,-10,4,1,0,1,0,matsu,stand,matsu
1.57E+15,13,-3,-7,-2,-2,0,0,-3,matsu,stand,matsu
1.57E+15,-7,-9,-8,6,-3,-2,-1,0,matsu,stand,matsu
1.57E+15,20,47,20,-8,1,1,2,4,matsu,stand,matsu
1.57E+15,12,3,-10,1,-2,0,-2,1,matsu,stand,matsu
1.57E+15,-2,-6,7,-5,1,-3,-1,-4,matsu,stand,matsu
1.57E+15,-23,-7,-19,-4,1,-1,-1,-3,matsu,stand,matsu
1.57E+15,27,1,5,-1,-2,-1,0,3,matsu,stand,matsu
1.57E+15,24,-2,-9,-4,-2,0,-1,1,matsu,stand,matsu
1.57E+15,-72,-8,-1,-1,-2,-2,-3,-6,matsu,stand,matsu
1.57E+15,-3,-5,-11,-3,-2,0,0,-4,matsu,stand,matsu
1.57E+15,-10,-8,-10,-10,-1,-1,-2,0,matsu,stand,matsu
1.57E+15,26,7,1,6,1,-1,1,5,matsu,stand,matsu
1.57E+15,27,4,-1,7,-1,0,-1,3,matsu,stand,matsu
1.57E+15,-1,1,-7,-14,-1,-1,1,6,matsu,stand,matsu
1.57E+15,-7,-8,19,-1,-1,-6,-2,-1,matsu,stand,matsu
1.57E+15,-20,-4,10,-3,-2,-2,-3,-10,matsu,stand,matsu
1.57E+15,4,-4,-23,-7,-1,1,-1,-1,matsu,stand,matsu
1.57E+15,9,4,3,5,-1,0,0,-2,matsu,stand,matsu
1.57E+15,2,2,9,5,2,1,-2,5,matsu,stand,matsu
1.57E+15,0,-20,-19,7,-1,-2,-3,2,matsu,stand,matsu
1.57E+15,5,17,11,-3,-1,1,3,0,matsu,stand,matsu
1.57E+15,6,-5,-45,-16,-2,-3,-4,2,matsu,stand,matsu
1.57E+15,-33,-5,5,6,-4,0,1,-11,matsu,stand,matsu
1.57E+15,54,13,3,3,5,8,21,52,matsu,stand,matsu
1.57E+15,-43,2,17,2,6,5,7,39,matsu,stand,matsu
1.57E+15,-18,-10,-4,-1,-7,-13,-26,-82,matsu,stand,matsu
1.57E+15,-8,-4,-6,5,-4,-12,-18,-25,matsu,stand,matsu
1.57E+15,-59,-23,-10,-12,-6,-8,-14,-11,matsu,stand,matsu
1.57E+15,95,21,3,25,2,15,41,60,matsu,stand,matsu
1.57E+15,94,51,24,-2,2,14,39,121,matsu,stand,matsu
1.57E+15,-86,-48,-18,-31,0,-21,-77,-84,matsu,stand,matsu
1.57E+15,15,-47,-45,-31,-18,-32,-61,-83,matsu,stand,matsu
1.57E+15,35,-1,4,0,-9,-7,-3,20,matsu,stand,matsu
1.57E+15,-37,-2,18,19,-2,-3,16,39,matsu,stand,matsu
1.57E+15,94,31,16,-20,21,33,66,91,matsu,stand,matsu
1.57E+15,-1,20,8,41,1,8,6,-70,matsu,stand,matsu
1.57E+15,14,11,-12,-64,-3,-10,-22,30,matsu,stand,matsu
1.57E+15,-10,21,8,35,5,14,15,5,matsu,stand,matsu
1.57E+15,-56,-37,-11,8,-21,-34,-60,-75,matsu,stand,matsu
1.57E+15,55,-3,13,-16,13,11,25,87,matsu,stand,matsu
1.57E+15,99,44,-11,3,1,20,53,102,matsu,stand,matsu
1.57E+15,-79,-15,12,37,2,7,-8,-53,matsu,stand,matsu
1.57E+15,97,-14,-11,-28,1,-5,-14,-4,matsu,stand,matsu
1.57E+15,-47,-13,2,21,-13,-36,-87,-65,matsu,stand,matsu
1.57E+15,-38,-34,-21,-9,-6,-15,-19,-30,matsu,stand,matsu
1.57E+15,74,2,-15,-17,2,6,34,107,matsu,stand,matsu
1.57E+15,25,53,23,12,7,23,57,81,matsu,stand,matsu
1.57E+15,29,27,5,21,7,15,31,1,matsu,stand,matsu
1.57E+15,-10,-27,-24,-22,2,0,-8,-21,matsu,stand,matsu
1.57E+15,-37,6,-7,-10,-3,-9,-25,-83,matsu,stand,matsu
1.57E+15,-14,-10,8,17,-5,-2,2,-3,matsu,stand,matsu
1.57E+15,-2,16,17,-20,2,7,17,54,matsu,stand,matsu
1.57E+15,-51,-22,-15,-6,-3,-6,-21,-67,matsu,stand,matsu
1.57E+15,-18,-23,-14,-17,-3,-4,-12,-1,matsu,stand,matsu
1.57E+15,11,12,-4,20,-2,0,4,9,matsu,stand,matsu
1.57E+15,-26,7,3,-14,2,6,18,21,matsu,stand,matsu
1.57E+15,-24,-16,1,14,-1,-5,-9,-23,matsu,stand,matsu
1.57E+15,72,17,3,-6,0,-2,-8,-35,matsu,stand,matsu
1.57E+15,-57,-11,1,6,0,0,2,29,matsu,stand,matsu
1.57E+15,-26,-1,-3,2,-2,0,3,-17,matsu,stand,matsu
1.57E+15,4,3,4,6,0,-2,-8,-17,matsu,stand,matsu
1.57E+15,5,-8,-2,-8,-1,-4,-8,18,matsu,stand,matsu
1.57E+15,4,6,-1,-2,0,3,7,10,matsu,stand,matsu
1.57E+15,-8,-3,-5,0,2,4,11,26,matsu,stand,matsu
1.57E+15,-7,0,11,6,-1,-3,-7,-16,matsu,stand,matsu
1.57E+15,0,-8,-8,-4,0,-2,-4,9,matsu,stand,matsu
1.57E+15,0,0,-3,-4,-3,1,6,2,matsu,stand,matsu
1.57E+15,2,4,0,0,0,0,3,6,matsu,stand,matsu
1.57E+15,0,0,8,9,3,1,-2,-5,matsu,stand,matsu
1.57E+15,-14,-10,-4,-7,-2,-3,-7,-14,matsu,stand,matsu
1.57E+15,-1,1,-1,-2,-1,-2,0,4,matsu,stand,matsu
1.57E+15,-2,0,-4,0,-1,1,5,11,matsu,stand,matsu
1.57E+15,-11,-1,12,2,-2,-2,-6,-9,matsu,stand,matsu
1.57E+15,-4,-6,-1,-4,-1,-2,-4,3,matsu,stand,matsu
1.57E+15,-3,-2,-6,-4,-1,-2,2,-1,matsu,stand,matsu
1.57E+15,3,3,-3,1,0,1,4,11,matsu,stand,matsu
1.57E+15,-1,-1,4,3,0,-1,-1,-6,matsu,stand,matsu
1.57E+15,-5,-5,-12,-4,-4,-2,-5,-5,matsu,stand,matsu
1.57E+15,1,2,8,0,0,1,2,2,matsu,stand,matsu
1.57E+15,-2,0,-1,-1,-1,1,1,0,matsu,stand,matsu
1.57E+15,-3,-4,-5,1,-2,-3,-4,-4,matsu,stand,matsu
1.57E+15,-2,-3,4,-1,-2,-2,-2,-1,matsu,stand,matsu
1.57E+15,-2,-6,1,1,-2,-1,0,0,matsu,stand,matsu
1.57E+15,-3,2,-4,-4,-1,0,3,5,matsu,stand,matsu
1.57E+15,-2,2,8,3,0,1,-4,-3,matsu,stand,matsu
1.57E+15,2,1,4,0,1,-1,-2,2,matsu,stand,matsu
1.57E+15,-2,-15,-2,-6,-3,0,-1,-3,matsu,stand,matsu
1.57E+15,2,5,7,-2,-2,1,0,1,matsu,stand,matsu
1.57E+15,-2,-3,6,2,0,-2,-2,-2,matsu,stand,matsu
1.57E+15,-3,-4,-12,-2,-2,-2,-2,-3,matsu,stand,matsu
1.57E+15,0,5,13,4,1,-1,1,1,matsu,stand,matsu
1.57E+15,-1,6,1,0,-1,-3,-1,2,matsu,stand,matsu
1.57E+15,-1,-1,-5,-3,0,0,-1,-4,matsu,stand,matsu
1.57E+15,-5,3,17,0,-2,-1,-1,0,matsu,stand,matsu
1.57E+15,-5,2,-4,-7,0,-1,1,-2,matsu,stand,matsu
1.57E+15,11,-3,-1,3,-1,0,1,2,matsu,stand,matsu
1.57E+15,2,14,2,5,2,0,1,-2,matsu,stand,matsu
1.57E+15,-4,-1,-9,-5,1,1,-2,0,matsu,stand,matsu
1.57E+15,1,0,-2,2,-2,-3,-1,0,matsu,stand,matsu
1.57E+15,-2,3,-8,-1,2,-3,-1,0,matsu,stand,matsu
1.57E+15,-4,-7,-2,6,-3,-2,-4,-3,matsu,stand,matsu
1.57E+15,-11,-37,-13,-12,0,-5,-3,-4,matsu,stand,matsu
1.57E+15,13,4,-10,-6,0,2,0,1,matsu,stand,matsu
1.57E+15,4,-17,5,5,1,0,0,0,matsu,stand,matsu
1.57E+15,-25,-17,-2,-2,-3,-1,-3,-3,matsu,stand,matsu
1.57E+15,-16,15,4,7,-2,-1,0,0,matsu,stand,matsu
1.57E+15,-3,-1,3,-2,0,0,0,-1,matsu,stand,matsu
1.57E+15,8,-4,-22,-14,-2,-1,-2,-2,matsu,stand,matsu
1.57E+15,3,-10,-2,-1,-1,0,0,-2,matsu,stand,matsu
1.57E+15,6,4,1,-3,0,-2,0,2,matsu,stand,matsu
1.57E+15,10,2,2,10,-2,-3,0,-2,matsu,stand,matsu
1.57E+15,-10,3,5,1,0,-1,-1,0,matsu,stand,matsu
1.57E+15,0,1,-4,-4,1,-1,-1,-2,matsu,stand,matsu
1.57E+15,1,2,0,-4,-2,-2,-1,-2,matsu,stand,matsu
1.57E+15,5,18,5,2,1,1,-1,1,matsu,stand,matsu
1.57E+15,-3,-8,4,-2,-2,-1,0,2,matsu,stand,matsu
1.57E+15,6,2,-3,-3,-1,1,-1,1,matsu,stand,matsu
1.57E+15,6,8,26,5,-2,0,-2,0,matsu,stand,matsu
1.57E+15,-12,-12,-45,-10,-3,-2,-1,-4,matsu,stand,matsu
1.57E+15,-6,-4,-5,0,1,-1,0,-2,matsu,stand,matsu
1.57E+15,10,17,14,-2,-1,0,0,2,matsu,stand,matsu
1.57E+15,22,0,-28,-2,-3,-3,-2,0,matsu,stand,matsu
1.57E+15,-48,-7,21,2,-1,0,0,-3,matsu,stand,matsu
1.57E+15,-7,-13,7,4,0,-1,-2,-3,matsu,stand,matsu
1.57E+15,1,-9,-18,-12,-3,-4,-2,-2,matsu,stand,matsu
1.57E+15,4,-10,4,-1,0,0,-2,-3,matsu,stand,matsu
1.57E+15,21,3,0,5,-1,-1,-1,2,matsu,stand,matsu
1.57E+15,8,5,-6,-3,0,-2,0,0,matsu,stand,matsu
1.57E+15,-2,-3,9,2,0,0,-2,0,matsu,stand,matsu
1.57E+15,-21,4,5,1,0,-1,-2,-4,matsu,stand,matsu
1.57E+15,-4,-3,-3,-7,0,1,-3,-3,matsu,stand,matsu
1.57E+15,6,3,6,3,1,1,-1,8,matsu,stand,matsu
1.57E+15,47,16,8,8,0,1,7,34,matsu,stand,matsu
1.57E+15,-23,-2,11,-4,0,0,-1,-32,matsu,stand,matsu
1.57E+15,-41,-10,-50,1,-4,-6,-17,7,matsu,stand,matsu
1.57E+15,-2,16,19,6,0,2,2,-26,matsu,stand,matsu
1.57E+15,42,0,-31,-31,-5,2,15,56,matsu,stand,matsu
1.57E+15,79,21,1,17,6,11,22,104,matsu,stand,matsu
1.57E+15,-26,-15,7,-10,-4,-4,-11,-34,matsu,stand,matsu
1.57E+15,-5,-10,14,2,-2,2,-1,-78,matsu,stand,matsu
1.57E+15,-8,-2,-19,0,-2,-4,-4,52,matsu,stand,matsu
1.57E+15,-30,2,0,3,-4,-14,-38,-124,matsu,stand,matsu
1.57E+15,127,60,38,10,13,32,96,126,matsu,stand,matsu
1.57E+15,-43,-7,1,13,6,-6,-67,10,matsu,stand,matsu
1.57E+15,19,-96,-24,-20,-26,-59,-92,-89,matsu,stand,matsu
1.57E+15,90,23,11,9,0,17,78,96,matsu,stand,matsu
1.57E+15,-121,-72,-23,-12,2,-11,-34,61,matsu,stand,matsu
1.57E+15,88,81,11,35,2,11,56,-35,matsu,stand,matsu
1.57E+15,21,17,-25,-29,1,14,24,79,matsu,stand,matsu
1.57E+15,-23,-59,38,-8,-3,-21,-40,-56,matsu,stand,matsu
1.57E+15,-21,-2,-17,-13,-22,-26,-42,-62,matsu,stand,matsu
1.57E+15,-3,-12,-83,-14,1,18,62,127,matsu,stand,matsu
1.57E+15,-27,31,27,41,11,8,-3,-11,matsu,stand,matsu
1.57E+15,-9,15,-12,25,4,11,27,7,matsu,stand,matsu
1.57E+15,23,11,23,-15,3,10,6,-47,matsu,stand,matsu
1.57E+15,-35,-31,5,0,-6,-14,-33,-33,matsu,stand,matsu
1.57E+15,0,38,18,11,6,10,12,-57,matsu,stand,matsu
1.57E+15,-25,-29,-27,-21,-2,1,-11,-8,matsu,stand,matsu
1.57E+15,-20,8,22,6,1,-9,-19,-47,matsu,stand,matsu
1.57E+15,47,-12,-6,-22,-5,-9,-14,17,matsu,stand,matsu
1.57E+15,-24,14,9,5,4,12,33,15,matsu,stand,matsu
1.57E+15,-73,-6,5,-11,-2,-3,-12,-12,matsu,stand,matsu
1.57E+15,12,1,-20,7,-2,-3,3,20,matsu,stand,matsu
1.57E+15,15,-24,2,-15,-7,-5,4,-29,matsu,stand,matsu
1.57E+15,19,6,16,-1,0,3,1,28,matsu,stand,matsu
1.57E+15,-12,7,-14,-4,-4,-8,-16,27,matsu,stand,matsu
1.57E+15,31,6,-1,1,0,0,-7,-69,matsu,stand,matsu
1.57E+15,-21,1,9,-4,0,0,1,5,matsu,stand,matsu
1.57E+15,-19,-10,4,4,1,-2,-8,-2,matsu,stand,matsu
1.57E+15,18,-2,-17,-4,-2,-4,0,7,matsu,stand,matsu
1.57E+15,17,2,2,5,1,4,18,24,matsu,stand,matsu
1.57E+15,-4,2,9,-6,-1,-2,-4,1,matsu,stand,matsu
1.57E+15,-22,-13,-3,2,-2,-1,-1,-6,matsu,stand,matsu
1.57E+15,4,2,-7,-7,0,2,6,5,matsu,stand,matsu
1.57E+15,7,4,8,0,3,1,0,-6,matsu,stand,matsu
1.57E+15,-20,-6,0,-3,-2,-4,-9,-3,matsu,stand,matsu
1.57E+15,-9,-4,-1,-5,1,2,2,-19,matsu,stand,matsu
1.57E+15,3,4,-5,-2,-3,-1,-2,-6,matsu,stand,matsu
1.57E+15,10,-1,-1,3,-2,-1,-5,-2,matsu,stand,matsu
1.57E+15,-1,-1,-4,-4,-3,-4,-4,17,matsu,stand,matsu
1.57E+15,-5,-4,0,2,0,2,6,-14,matsu,stand,matsu
1.57E+15,11,4,1,-1,1,0,-4,-3,matsu,stand,matsu
1.57E+15,0,-2,-1,1,-2,-2,-1,13,matsu,stand,matsu
1.57E+15,-3,2,1,-2,-1,1,2,0,matsu,stand,matsu
1.57E+15,-10,0,3,-2,-1,-1,-1,-23,matsu,stand,matsu
1.57E+15,0,1,-6,-2,-3,-1,-5,-2,matsu,stand,matsu
1.57E+15,10,0,0,2,0,-2,2,7,matsu,stand,matsu
1.57E+15,4,-1,1,-2,-1,-1,-1,-1,matsu,stand,matsu
1.57E+15,13,2,3,2,0,-1,0,-11,matsu,stand,matsu
1.57E+15,-47,-4,-5,-3,-2,-2,-5,0,matsu,stand,matsu
1.57E+15,-18,-9,-4,-2,-1,-2,-1,-2,matsu,stand,matsu
1.57E+15,-4,-1,1,-3,-1,-1,-2,-1,matsu,stand,matsu
1.57E+15,6,-2,-1,0,-1,0,0,-3,matsu,stand,matsu
1.57E+15,24,4,-1,-1,0,0,3,4,matsu,stand,matsu
1.57E+15,3,3,1,-1,0,1,-1,-1,matsu,stand,matsu
1.57E+15,-10,-3,-2,-2,-2,0,-2,-3,matsu,stand,matsu
1.57E+15,-5,-2,-1,-2,-1,0,-2,-7,matsu,stand,matsu
1.57E+15,6,0,-2,0,-1,-1,-2,-2,matsu,stand,matsu
1.57E+15,3,0,1,0,0,1,-1,2,matsu,stand,matsu
1.57E+15,5,0,-1,-2,0,-2,-2,5,matsu,stand,matsu
1.57E+15,-4,-1,-2,0,1,-2,1,-6,matsu,stand,matsu
1.57E+15,0,-1,-1,-2,-2,-4,-2,-3,matsu,stand,matsu
1.57E+15,4,-1,0,0,-1,-3,0,4,matsu,stand,matsu
1.57E+15,-1,2,-1,-2,0,1,0,2,matsu,stand,matsu
1.57E+15,-12,-4,0,0,-1,-1,-1,-7,matsu,stand,matsu
1.57E+15,6,-1,-2,-3,2,-2,-3,-1,matsu,stand,matsu
1.57E+15,4,2,2,0,-2,0,1,2,matsu,stand,matsu
1.57E+15,-7,-2,-2,1,-2,-1,-1,-5,matsu,stand,matsu
1.57E+15,-6,-2,-1,-1,0,0,-1,-6,matsu,stand,matsu
,,,,,,,,,,,
1.57E+15,1,-1,-2,1,-1,1,-1,3,matsu,stand,matsu
1.57E+15,-6,-2,0,-1,0,0,0,0,matsu,stand,matsu
1.57E+15,4,-1,1,1,-3,0,-1,-2,matsu,stand,matsu
1.57E+15,-2,-3,-5,-4,-2,-4,-1,8,matsu,stand,matsu
1.57E+15,-2,0,0,1,-3,0,-3,-14,matsu,stand,matsu
1.57E+15,1,-1,0,0,1,0,1,15,matsu,stand,matsu
1.57E+15,-16,-1,-1,0,-2,-2,-2,-17,matsu,stand,matsu
1.57E+15,6,-1,1,-1,-2,-2,-3,-7,matsu,stand,matsu
1.57E+15,-16,-4,-2,-2,-1,-1,1,4,matsu,stand,matsu
1.57E+15,3,0,-4,-1,-1,0,-1,-3,matsu,stand,matsu
1.57E+15,12,0,0,0,0,1,4,11,matsu,stand,matsu
1.57E+15,-1,1,0,1,-2,0,-1,-2,matsu,stand,matsu
1.57E+15,7,0,-1,1,1,-1,-2,2,matsu,stand,matsu
1.57E+15,-22,-3,-2,0,-1,-2,-2,-5,matsu,stand,matsu
1.57E+15,-3,-2,-1,-2,-1,-2,-2,0,matsu,stand,matsu
1.57E+15,0,0,1,0,-1,0,0,-4,matsu,stand,matsu
1.57E+15,8,3,-1,-2,1,1,0,5,matsu,stand,matsu
1.57E+15,1,1,-1,-1,-1,-1,0,0,matsu,stand,matsu
1.57E+15,-2,-4,-2,-2,-1,-1,0,-2,matsu,stand,matsu
1.57E+15,-3,-1,-1,0,-1,0,-1,-2,matsu,stand,matsu
1.57E+15,0,-2,-2,0,-1,-1,2,2,matsu,stand,matsu
1.57E+15,4,-3,0,-2,0,-2,-1,-6,matsu,stand,matsu
1.57E+15,9,0,1,0,1,-1,-3,0,matsu,stand,matsu
1.57E+15,-19,0,-2,1,-2,-2,1,-2,matsu,stand,matsu
1.57E+15,0,-2,0,-2,-3,-2,-2,0,matsu,stand,matsu
1.57E+15,1,-1,-1,1,-1,0,-2,-5,matsu,stand,matsu
1.57E+15,-12,-1,-1,-1,-2,-1,1,2,matsu,stand,matsu
1.57E+15,20,4,3,-1,1,2,-2,3,matsu,stand,matsu
1.57E+15,13,2,0,0,-1,0,0,16,matsu,stand,matsu
1.57E+15,-36,-5,-2,-3,-1,-1,-4,-24,matsu,stand,matsu
1.57E+15,26,-1,0,-3,-1,-1,-3,-1,matsu,stand,matsu
1.57E+15,8,-6,-2,2,0,-1,2,-4,matsu,stand,matsu
1.57E+15,-18,2,1,-4,2,0,0,-1,matsu,stand,matsu
1.57E+15,24,7,3,-4,0,0,6,18,matsu,stand,matsu
1.57E+15,32,12,3,6,3,5,8,60,matsu,stand,matsu
1.57E+15,-42,-20,-13,-19,-6,-5,-21,-71,matsu,stand,matsu
1.57E+15,-66,-21,-4,3,-7,-6,-14,-30,matsu,stand,matsu
1.57E+15,60,17,2,1,-2,1,6,6,matsu,stand,matsu
1.57E+15,79,30,11,2,6,8,11,-37,matsu,stand,matsu
1.57E+15,-8,3,12,15,1,3,8,25,matsu,stand,matsu
1.57E+15,-19,-17,-8,-3,4,3,3,91,matsu,stand,matsu
1.57E+15,-77,-14,-10,-10,-12,-22,-36,-61,matsu,stand,matsu
1.57E+15,33,35,11,-40,7,7,29,127,matsu,stand,matsu
1.57E+15,-51,-54,-68,-48,-19,-21,-32,-79,matsu,stand,matsu
1.57E+15,93,8,14,45,-1,10,27,-40,matsu,stand,matsu
1.57E+15,-16,11,23,-13,7,9,9,72,matsu,stand,matsu
1.57E+15,21,3,-32,40,-7,-5,-20,-67,matsu,stand,matsu
1.57E+15,-18,12,82,5,1,-12,-18,9,matsu,stand,matsu
1.57E+15,52,16,-77,-35,0,-1,13,-41,matsu,stand,matsu
1.57E+15,3,5,8,26,-3,7,19,19,matsu,stand,matsu
1.57E+15,-67,-35,-3,-9,-9,-23,-57,-65,matsu,stand,matsu
1.57E+15,66,7,8,12,7,14,31,127,matsu,stand,matsu
1.57E+15,-25,3,16,6,0,-7,-29,-88,matsu,stand,matsu
1.57E+15,18,6,-3,-13,-1,-10,-11,-39,matsu,stand,matsu
1.57E+15,-16,-16,-14,-6,-2,0,3,-11,matsu,stand,matsu
1.57E+15,-31,-8,-17,7,-1,1,8,28,matsu,stand,matsu
1.57E+15,48,12,27,-3,2,5,14,66,matsu,stand,matsu
1.57E+15,-21,0,-15,-1,4,9,10,2,matsu,stand,matsu
1.57E+15,-34,-15,4,-5,-2,-5,-6,-17,matsu,stand,matsu
1.57E+15,31,12,1,10,2,5,6,-8,matsu,stand,matsu
1.57E+15,-25,0,7,-1,-1,-1,-4,-1,matsu,stand,matsu
1.57E+15,-12,-13,-1,-10,-2,-1,-11,-26,matsu,stand,matsu
1.57E+15,-17,-5,1,6,-2,2,7,5,matsu,stand,matsu
1.57E+15,28,10,-1,0,4,3,4,1,matsu,stand,matsu
1.57E+15,-43,-5,-2,-7,-2,-3,-8,-7,matsu,stand,matsu
1.57E+15,19,-11,-8,4,-1,-5,-5,11,matsu,stand,matsu
1.57E+15,1,-3,9,2,-1,2,8,12,matsu,stand,matsu
1.57E+15,-13,5,-12,-2,0,1,2,-15,matsu,stand,matsu
1.57E+15,2,2,5,-5,-1,-3,-4,6,matsu,stand,matsu
1.57E+15,25,-13,-1,4,-3,-5,1,-1,matsu,stand,matsu
1.57E+15,-34,-2,-1,-3,1,3,3,-3,matsu,stand,matsu
1.57E+15,-7,3,3,0,-1,1,-4,-16,matsu,stand,matsu
1.57E+15,-3,-2,0,-2,-2,-2,-2,10,matsu,stand,matsu
1.57E+15,30,8,1,1,3,3,4,17,matsu,stand,matsu
1.57E+15,2,-5,-3,-3,-2,1,1,-9,matsu,stand,matsu
1.57E+15,6,3,-6,0,-1,-2,2,1,matsu,stand,matsu
1.57E+15,-18,-9,2,-3,-2,-4,-7,3,matsu,stand,matsu
1.57E+15,-25,-4,-4,0,0,0,2,2,matsu,stand,matsu
1.57E+15,6,4,3,0,0,-1,-2,-7,matsu,stand,matsu
1.57E+15,16,2,3,2,0,3,2,4,matsu,stand,matsu
1.57E+15,10,-1,1,-4,-2,-2,0,0,matsu,stand,matsu
1.57E+15,-12,-3,-2,1,0,0,-1,-4,matsu,stand,matsu
1.57E+15,-9,-2,-3,-1,-2,0,3,3,matsu,stand,matsu
1.57E+15,20,6,0,-1,0,0,1,0,matsu,stand,matsu
1.57E+15,-10,-2,-2,-2,-1,1,1,0,matsu,stand,matsu
1.57E+15,-3,-3,-2,-1,-2,0,-2,0,matsu,stand,matsu
1.57E+15,9,2,2,-1,0,-1,1,5,matsu,stand,matsu
1.57E+15,-10,-1,-2,-1,0,-1,0,-5,matsu,stand,matsu
1.57E+15,-11,-4,1,-1,-1,-2,-3,-1,matsu,stand,matsu
1.57E+15,11,-1,-3,1,-1,0,0,1,matsu,stand,matsu
1.57E+15,-7,-1,-1,-2,-1,0,0,1,matsu,stand,matsu
1.57E+15,-14,-1,-2,0,0,-4,-3,-6,matsu,stand,matsu
1.57E+15,0,-2,2,0,1,0,1,1,matsu,stand,matsu
1.57E+15,7,0,-2,1,0,1,-2,2,matsu,stand,matsu
1.57E+15,-10,-1,-2,-3,-1,-1,0,-3,matsu,stand,matsu
1.57E+15,-7,-3,-3,-1,-1,-1,-4,-4,matsu,stand,matsu
1.57E+15,14,2,1,0,0,-1,1,3,matsu,stand,matsu
1.57E+15,-18,-5,-3,-2,-3,-1,-2,-6,matsu,stand,matsu
1.57E+15,-7,-5,2,-1,-1,-1,0,-1,matsu,stand,matsu
1.57E+15,3,0,-1,0,-1,-1,0,0,matsu,stand,matsu
1.57E+15,1,1,-1,1,-1,1,0,1,matsu,stand,matsu
1.57E+15,2,-1,1,-1,-2,1,1,1,matsu,stand,matsu
1.57E+15,16,-2,0,0,1,0,0,2,matsu,stand,matsu
1.57E+15,-41,-2,-1,-2,0,-1,-1,-6,matsu,stand,matsu
1.57E+15,0,-3,-2,-3,-1,-2,-1,-2,matsu,stand,matsu
1.57E+15,-3,-1,-1,-2,-1,-2,-1,0,matsu,stand,matsu
1.57E+15,7,-1,-1,-1,-2,-1,-3,0,matsu,stand,matsu
1.57E+15,14,0,0,1,-1,1,-2,1,matsu,stand,matsu
1.57E+15,-8,-1,0,-1,-1,1,-3,-2,matsu,stand,matsu
1.57E+15,3,0,1,-1,-1,-1,-1,-1,matsu,stand,matsu
1.57E+15,-8,-3,-1,-2,-2,1,-1,-1,matsu,stand,matsu
1.57E+15,5,-1,-3,0,-1,-1,-1,-4,matsu,stand,matsu
1.57E+15,-11,1,2,-1,-1,-1,-1,0,matsu,stand,matsu
1.57E+15,11,4,-3,-1,0,0,0,2,matsu,stand,matsu
1.57E+15,-10,-9,-2,-2,-3,-2,-3,-2,matsu,stand,matsu
1.57E+15,7,1,-3,-3,0,-1,1,0,matsu,stand,matsu
1.57E+15,4,-2,-3,2,-1,-1,-1,-2,matsu,stand,matsu
1.57E+15,-8,-1,-1,-5,-2,-2,-1,-3,matsu,stand,matsu
1.57E+15,-2,2,-2,3,-1,-1,-2,-1,matsu,stand,matsu
1.57E+15,-1,-1,-1,-7,0,1,0,1,matsu,stand,matsu
1.57E+15,-3,-2,-1,-2,-2,-5,-1,2,matsu,stand,matsu
1.57E+15,18,0,-1,2,-1,-1,-2,1,matsu,stand,matsu
1.57E+15,-39,-3,-4,-1,0,0,-1,-7,matsu,stand,matsu
1.57E+15,11,-3,0,1,-1,-3,-3,-1,matsu,stand,matsu
1.57E+15,11,2,0,-2,-1,-1,2,1,matsu,stand,matsu
1.57E+15,-11,-2,-1,-2,-2,1,-2,-1,matsu,stand,matsu
1.57E+15,4,-1,0,-2,-2,-2,-2,0,matsu,stand,matsu
1.57E+15,-3,1,0,1,0,-1,0,-2,matsu,stand,matsu
1.57E+15,-12,-8,-4,0,-2,1,-3,-5,matsu,stand,matsu
1.57E+15,8,0,2,4,0,-1,0,0,matsu,stand,matsu
1.57E+15,10,5,3,-2,2,0,0,0,matsu,stand,matsu
1.57E+15,-6,-5,-8,2,-5,-1,0,0,matsu,stand,matsu
1.57E+15,9,2,0,-8,3,0,-1,1,matsu,stand,matsu
1.57E+15,3,1,-2,-2,2,-1,0,-3,matsu,stand,matsu
1.57E+15,-5,-3,1,1,0,0,1,0,matsu,stand,matsu
1.57E+15,10,3,5,0,1,-1,-1,2,matsu,stand,matsu
1.57E+15,-40,-7,-1,3,-3,0,-3,-6,matsu,stand,matsu
1.57E+15,-3,-2,-3,-5,-1,-2,-1,0,matsu,stand,matsu
1.57E+15,-3,0,-2,0,-1,-2,0,-2,matsu,stand,matsu
1.57E+15,17,5,1,0,1,-1,-1,1,matsu,stand,matsu
1.57E+15,13,-2,-2,-1,1,-2,-1,1,matsu,stand,matsu
1.57E+15,-19,-4,2,1,0,-1,-2,-3,matsu,stand,matsu
1.57E+15,-2,-2,-1,-1,-2,-1,-2,-2,matsu,stand,matsu
1.57E+15,0,-1,-2,-1,-1,-1,1,0,matsu,stand,matsu
1.57E+15,7,4,0,0,2,0,1,4,matsu,stand,matsu
1.57E+15,-5,-6,-4,-2,-2,-1,-3,-4,matsu,stand,matsu
1.57E+15,10,0,-3,1,-2,-3,-1,-2,matsu,stand,matsu
1.57E+15,-10,-3,-3,-2,-1,0,-1,-3,matsu,stand,matsu
1.57E+15,11,3,4,-2,-2,-1,0,0,matsu,stand,matsu
1.57E+15,27,4,0,-1,0,1,2,8,matsu,stand,matsu
1.57E+15,-44,-10,-1,1,-1,-1,-3,-9,matsu,stand,matsu
1.57E+15,-33,-4,-6,-2,0,-2,-4,-7,matsu,stand,matsu
1.57E+15,-2,5,3,2,-3,-1,-3,0,matsu,stand,matsu
1.57E+15,-1,0,-4,3,0,0,-2,-2,matsu,stand,matsu
1.57E+15,57,10,-3,-9,-5,0,3,7,matsu,stand,matsu
1.57E+15,-24,-3,17,-3,1,0,-1,0,matsu,stand,matsu
1.57E+15,-25,-10,-56,-5,-2,1,7,-9,matsu,stand,matsu
1.57E+15,26,4,6,4,0,2,3,25,matsu,stand,matsu
1.57E+15,-49,-4,-4,-6,1,-2,-8,-58,matsu,stand,matsu
1.57E+15,4,-8,7,14,-7,-7,-4,3,matsu,stand,matsu
1.57E+15,54,19,8,-5,6,11,22,60,matsu,stand,matsu
1.57E+15,-51,-14,-2,-12,0,7,11,40,matsu,stand,matsu
1.57E+15,-3,-15,-8,5,-2,-8,-28,-65,matsu,stand,matsu
1.57E+15,13,19,72,17,8,12,17,33,matsu,stand,matsu
1.57E+15,-25,-18,-74,1,-4,-5,7,2,matsu,stand,matsu
1.57E+15,7,-1,33,-40,-13,-7,0,18,matsu,stand,matsu
1.57E+15,8,1,-18,-11,8,-3,-8,35,matsu,stand,matsu
1.57E+15,-22,-6,-75,-44,0,-4,10,-5,matsu,stand,matsu
1.57E+15,3,-3,18,39,-9,-10,-30,-71,matsu,stand,matsu
1.57E+15,3,13,27,-39,15,-2,5,-58,matsu,stand,matsu
1.57E+15,-2,-16,-14,-39,-10,5,17,107,matsu,stand,matsu
1.57E+15,31,15,12,36,5,13,23,-64,matsu,stand,matsu
1.57E+15,-61,-39,-25,-78,-7,-9,-8,-31,matsu,stand,matsu
1.57E+15,17,16,22,69,-7,-8,-27,-124,matsu,stand,matsu
1.57E+15,-16,-8,-3,1,-4,-11,-19,-38,matsu,stand,matsu
1.57E+15,123,59,-12,19,4,12,16,11,matsu,stand,matsu
1.57E+15,-60,15,55,32,0,2,8,22,matsu,stand,matsu
1.57E+15,-19,-40,-25,2,-5,-3,-5,75,matsu,stand,matsu
1.57E+15,-7,10,19,8,-3,-2,-7,-41,matsu,stand,matsu
1.57E+15,-14,-45,-25,-19,-3,-9,-43,-55,matsu,stand,matsu
1.57E+15,54,30,18,17,7,8,8,41,matsu,stand,matsu
1.57E+15,33,15,-20,-11,-4,-1,10,51,matsu,stand,matsu
1.57E+15,-16,-18,6,25,-7,-1,7,80,matsu,stand,matsu
1.57E+15,-84,-18,-4,-33,1,-5,-9,-25,matsu,stand,matsu
1.57E+15,12,3,38,-4,-1,-5,-16,-20,matsu,stand,matsu
1.57E+15,16,6,-49,-6,4,7,9,21,matsu,stand,matsu
1.57E+15,39,16,-2,-5,6,14,28,28,matsu,stand,matsu
1.57E+15,-16,-3,16,14,-6,-5,-15,-7,matsu,stand,matsu
1.57E+15,-2,-21,-27,-4,-5,-7,-8,-9,matsu,stand,matsu
1.57E+15,3,5,-7,8,2,2,8,-8,matsu,stand,matsu
1.57E+15,11,12,13,12,2,0,-1,-34,matsu,stand,matsu
1.57E+15,22,-13,-2,-2,-5,-8,-8,16,matsu,stand,matsu
1.57E+15,-23,-2,-4,-2,4,2,4,5,matsu,stand,matsu
1.57E+15,4,1,1,3,-4,-4,-8,-5,matsu,stand,matsu
1.57E+15,-1,-7,-6,-5,-3,-2,-7,-15,matsu,stand,matsu
1.57E+15,-15,-6,-1,0,-1,-3,5,41,matsu,stand,matsu
1.57E+15,33,8,10,-1,1,5,11,12,matsu,stand,matsu
1.57E+15,-25,-10,-2,1,0,-5,-16,-47,matsu,stand,matsu
1.57E+15,10,2,11,4,0,0,1,3,matsu,stand,matsu
1.57E+15,9,3,-7,-5,-1,5,9,32,matsu,stand,matsu
1.57E+15,10,3,1,2,-1,-4,4,-11,matsu,stand,matsu
1.57E+15,-15,-5,3,3,-2,-3,-4,-8,matsu,stand,matsu
1.57E+15,0,-1,-7,-1,1,-1,2,-8,matsu,stand,matsu
1.57E+15,5,2,0,-2,-3,-5,-4,11,matsu,stand,matsu
1.57E+15,12,-1,4,-1,0,2,-4,-1,matsu,stand,matsu
1.57E+15,-35,-12,-3,0,0,1,0,0,matsu,stand,matsu
1.57E+15,11,5,0,-2,-2,0,3,7,matsu,stand,matsu
1.57E+15,-1,-2,-4,0,-2,-1,-2,0,matsu,stand,matsu
1.57E+15,-3,-2,8,-1,-1,-4,-6,1,matsu,stand,matsu
1.57E+15,10,1,2,1,0,2,2,-1,matsu,stand,matsu
1.57E+15,-4,2,-3,1,1,2,-2,-5,matsu,stand,matsu
1.57E+15,-21,-7,-1,-3,-3,-3,-4,-2,matsu,stand,matsu
1.57E+15,11,-1,-1,-1,-1,0,-2,-1,matsu,stand,matsu
1.57E+15,13,4,0,1,1,-2,-1,7,matsu,stand,matsu
1.57E+15,-26,-4,-2,-2,-1,-2,0,-7,matsu,stand,matsu
1.57E+15,5,-3,-1,-2,-1,-1,0,4,matsu,stand,matsu
1.57E+15,5,2,2,-3,-1,-2,-1,3,matsu,stand,matsu
1.57E+15,-7,-1,0,2,0,1,-2,-1,matsu,stand,matsu
1.57E+15,16,2,2,1,-1,-2,-1,2,matsu,stand,matsu
1.57E+15,1,3,2,0,0,-1,1,0,matsu,stand,matsu
1.57E+15,-12,-7,-4,-3,-2,0,-6,-3,matsu,stand,matsu
1.57E+15,8,1,1,-3,-1,-3,-3,-2,matsu,stand,matsu
1.57E+15,13,2,-5,3,0,0,1,2,matsu,stand,matsu
1.57E+15,-16,-3,2,-16,-3,-3,-2,-1,matsu,stand,matsu
1.57E+15,-18,-6,-10,0,-1,-2,-4,-5,matsu,stand,matsu
1.57E+15,-4,0,1,0,-1,-1,-1,1,matsu,stand,matsu
1.57E+15,8,0,1,-2,-1,-1,2,2,matsu,stand,matsu
1.57E+15,13,5,-1,10,0,-1,-2,3,matsu,stand,matsu
1.57E+15,7,2,5,2,-2,0,-2,2,matsu,stand,matsu
1.57E+15,-6,-5,-5,-12,-1,0,-2,-3,matsu,stand,matsu
1.57E+15,-7,-2,0,3,-4,-1,-2,-5,matsu,stand,matsu
1.57E+15,-1,0,-7,-1,0,-2,0,-1,matsu,stand,matsu
1.57E+15,2,-6,2,4,0,3,-2,-1,matsu,stand,matsu
1.57E+15,-3,0,1,7,4,1,-1,-1,matsu,stand,matsu
1.57E+15,-2,3,26,2,0,0,0,-2,matsu,stand,matsu
1.57E+15,-3,-6,17,-5,-4,-2,-1,-1,matsu,stand,matsu
1.57E+15,5,-3,-9,-8,-3,-3,-1,1,matsu,stand,matsu
1.57E+15,-4,1,-21,-1,-2,-2,-1,-2,matsu,stand,matsu
1.57E+15,-2,-2,2,-5,0,-3,-1,-1,matsu,stand,matsu
1.57E+15,-2,-1,-7,10,1,1,0,0,matsu,stand,matsu
1.57E+15,3,2,21,6,-1,-1,-2,-4,matsu,stand,matsu
1.57E+15,0,0,10,-5,-1,-1,-1,0,matsu,stand,matsu
1.57E+15,-3,1,-21,-5,0,-2,-2,0,matsu,stand,matsu
1.57E+15,1,3,-6,0,0,-1,-3,0,matsu,stand,matsu
1.57E+15,-2,-3,8,2,-3,-1,1,-1,matsu,stand,matsu
1.57E+15,3,8,-10,-2,-1,-2,-1,0,matsu,stand,matsu
1.57E+15,-8,-1,-3,-1,-2,1,0,1,matsu,stand,matsu
1.57E+15,-5,-8,-10,-5,-2,-1,-4,-6,matsu,stand,matsu
1.57E+15,1,1,2,0,2,1,1,0,matsu,stand,matsu
1.57E+15,-3,-1,16,2,-1,-1,-1,0,matsu,stand,matsu
1.57E+15,3,-4,-46,-9,-2,-4,-1,-1,matsu,stand,matsu
1.57E+15,2,6,6,3,0,1,-1,1,matsu,stand,matsu
1.57E+15,-3,5,-10,-7,-1,-1,-2,-3,matsu,stand,matsu
1.57E+15,-2,-3,7,7,-2,1,-1,-3,matsu,stand,matsu
1.57E+15,-1,1,3,-6,2,0,-1,-1,matsu,stand,matsu
1.57E+15,-3,-2,-2,-2,-2,0,1,1,matsu,stand,matsu
1.57E+15,2,-4,-10,-1,-2,-3,0,-2,matsu,stand,matsu
1.57E+15,0,-1,1,-3,-2,-3,-1,-2,matsu,stand,matsu
1.57E+15,-1,1,14,3,-1,0,-2,-1,matsu,stand,matsu
1.57E+15,-4,-6,-11,1,0,0,0,-1,matsu,stand,matsu
1.57E+15,5,0,1,-6,-2,1,1,2,matsu,stand,matsu
1.57E+15,-3,-4,-8,2,0,1,-2,-1,matsu,stand,matsu
1.57E+15,3,-2,2,-2,-1,1,0,-1,matsu,stand,matsu
1.57E+15,-13,-5,-5,-1,-2,-3,-2,0,matsu,stand,matsu
1.57E+15,-5,-3,-8,-2,1,-4,0,-2,matsu,stand,matsu
1.57E+15,-1,-5,-5,2,-2,-2,0,0,matsu,stand,matsu
1.57E+15,9,15,1,-7,-2,-1,-1,0,matsu,stand,matsu
1.57E+15,5,4,2,5,1,0,-2,1,matsu,stand,matsu
1.57E+15,7,-6,-2,-4,-1,-1,-2,-4,matsu,stand,matsu
1.57E+15,13,2,1,-1,-3,0,3,11,matsu,stand,matsu
1.57E+15,-28,-15,5,3,0,-2,0,-15,matsu,stand,matsu
1.57E+15,-12,-11,5,-3,-3,-3,-4,-11,matsu,stand,matsu
1.57E+15,-15,5,-10,2,0,-1,-4,3,matsu,stand,matsu
1.57E+15,17,3,4,-9,-1,0,-2,-2,matsu,stand,matsu
1.57E+15,17,2,5,14,3,2,1,-10,matsu,stand,matsu
1.57E+15,-1,1,12,-16,2,2,6,18,matsu,stand,matsu
1.57E+15,-1,-1,16,8,1,-1,-8,-33,matsu,stand,matsu
1.57E+15,-50,-13,20,2,-2,-4,-4,-5,matsu,stand,matsu
1.57E+15,4,-12,-39,-18,-5,-2,7,26,matsu,stand,matsu
1.57E+15,52,17,14,9,2,8,19,77,matsu,stand,matsu
1.57E+15,-20,1,-5,0,-1,-5,-23,-85,matsu,stand,matsu
1.57E+15,-38,1,11,-2,2,1,-5,33,matsu,stand,matsu
1.57E+15,-13,-7,1,4,-3,-4,-7,-19,matsu,stand,matsu
1.57E+15,16,-11,-24,6,-2,-2,0,-92,matsu,stand,matsu
1.57E+15,40,46,32,-4,7,18,35,127,matsu,stand,matsu
1.57E+15,-46,-34,-33,6,-1,-12,-32,-113,matsu,stand,matsu
1.57E+15,34,-5,2,22,-12,-12,6,43,matsu,stand,matsu
1.57E+15,63,31,-3,-31,5,18,41,116,matsu,stand,matsu
1.57E+15,-63,-42,-22,-1,-10,-21,-46,-98,matsu,stand,matsu
1.57E+15,-52,-54,-29,-42,-27,-42,-60,-30,matsu,stand,matsu
1.57E+15,65,46,54,-21,26,34,26,10,matsu,stand,matsu
1.57E+15,-17,27,-65,20,-4,10,52,81,matsu,stand,matsu
1.57E+15,-49,-28,-38,-11,-12,-1,30,127,matsu,stand,matsu
1.57E+15,-30,-13,-43,-42,-10,0,-10,-72,matsu,stand,matsu
1.57E+15,16,49,48,51,25,29,33,78,matsu,stand,matsu
1.57E+15,59,19,28,-36,-2,-9,-25,-120,matsu,stand,matsu
1.57E+15,-23,0,-7,1,-2,1,-17,-80,matsu,stand,matsu
1.57E+15,49,42,20,57,10,10,40,114,matsu,stand,matsu
1.57E+15,-12,-34,-11,-20,-10,-9,-3,41,matsu,stand,matsu
1.57E+15,-13,27,2,-23,-2,-6,-29,-39,matsu,stand,matsu
1.57E+15,-64,-16,18,14,7,9,31,85,matsu,stand,matsu
1.57E+15,33,-15,8,-12,0,-12,-63,-120,matsu,stand,matsu
1.57E+15,-1,3,-16,6,-6,-7,3,21,matsu,stand,matsu
1.57E+15,-8,-23,11,23,-4,-9,-13,32,matsu,stand,matsu
1.57E+15,66,16,19,0,-1,-3,-2,-37,matsu,stand,matsu
1.57E+15,6,27,5,-6,10,19,36,74,matsu,stand,matsu
1.57E+15,-48,-33,-21,7,-5,-13,-21,-59,matsu,stand,matsu
1.57E+15,-38,-31,-6,-5,-2,-5,-26,-34,matsu,stand,matsu
1.57E+15,44,22,15,-1,0,2,3,-6,matsu,stand,matsu
1.57E+15,29,9,7,15,0,8,24,33,matsu,stand,matsu
1.57E+15,-12,-6,-3,-8,-3,-7,-13,-26,matsu,stand,matsu
1.57E+15,-31,-18,4,3,-2,-5,-10,-21,matsu,stand,matsu
1.57E+15,43,11,1,10,2,1,4,4,matsu,stand,matsu
1.57E+15,18,9,6,4,1,1,10,34,matsu,stand,matsu
1.57E+15,-31,-12,-10,-24,-5,-7,-17,-50,matsu,stand,matsu
1.57E+15,-13,-10,-2,14,-2,-4,-9,8,matsu,stand,matsu
1.57E+15,9,-4,-9,-9,-4,-3,-6,-14,matsu,stand,matsu
1.57E+15,-8,-3,-2,-3,2,3,10,14,matsu,stand,matsu
1.57E+15,20,7,-3,-1,-3,0,-4,-3,matsu,stand,matsu
1.57E+15,-12,-3,5,5,1,3,4,5,matsu,stand,matsu
1.57E+15,-6,-7,-7,-7,0,-2,-7,-8,matsu,stand,matsu
1.57E+15,14,7,3,1,-1,4,12,6,matsu,stand,matsu
1.57E+15,-1,-2,-2,3,-3,-2,-3,-1,matsu,stand,matsu
1.57E+15,-16,-7,3,2,-2,-4,-9,-3,matsu,stand,matsu
1.57E+15,-8,-7,-5,-11,0,-5,-3,-14,matsu,stand,matsu
1.57E+15,15,5,3,8,3,2,9,18,matsu,stand,matsu
1.57E+15,-10,-4,-3,-4,-3,-3,-4,-7,matsu,stand,matsu
1.57E+15,-17,-12,-1,-1,-2,-3,-6,-4,matsu,stand,matsu
1.57E+15,13,3,-2,-2,0,-1,1,3,matsu,stand,matsu
1.57E+15,6,2,4,5,-1,3,7,3,matsu,stand,matsu
1.57E+15,-12,-6,-4,-4,-1,-3,-6,-5,matsu,stand,matsu
1.57E+15,0,-4,-1,0,-2,0,-2,-2,matsu,stand,matsu
1.57E+15,6,1,1,1,-2,-2,0,0,matsu,stand,matsu
1.57E+15,-1,0,2,-2,1,-1,2,2,matsu,stand,matsu
1.57E+15,-8,-2,-4,-7,-4,-3,-5,-8,matsu,stand,matsu
1.57E+15,-4,-2,-1,3,-1,-4,-3,0,matsu,stand,matsu
1.57E+15,0,1,-3,-3,0,0,-2,-2,matsu,stand,matsu
1.57E+15,-8,0,-2,-1,0,1,0,2,matsu,stand,matsu
1.57E+15,5,1,0,-1,-1,-4,-2,-1,matsu,stand,matsu
1.57E+15,2,2,1,1,0,0,-2,-1,matsu,stand,matsu
1.57E+15,-4,1,-1,-1,0,-2,-2,-3,matsu,stand,matsu
1.57E+15,9,-2,-1,-2,-2,0,2,-2,matsu,stand,matsu
1.57E+15,-11,-1,-1,1,-2,-2,-2,-1,matsu,stand,matsu
1.57E+15,-2,-4,-1,-2,-1,-1,-2,2,matsu,stand,matsu
1.57E+15,18,-2,-2,-2,-1,0,-2,-1,matsu,stand,matsu
1.57E+15,-19,0,-2,2,-1,0,2,3,matsu,stand,matsu
1.57E+15,-3,-3,0,-2,-2,-2,0,-3,matsu,stand,matsu
1.57E+15,-2,1,0,0,0,-2,-2,0,matsu,stand,matsu
1.57E+15,-9,-5,-3,-2,-1,-3,-2,-4,matsu,stand,matsu
,,,,,,,,,,,
1.57E+15,-3,-7,3,-3,0,-1,-2,-1,matsu,stand,matsu
1.57E+15,-3,2,1,-2,1,-1,0,-1,matsu,stand,matsu
1.57E+15,8,-1,-2,-1,0,-3,-1,0,matsu,stand,matsu
1.57E+15,-5,2,-1,2,-1,0,-1,-3,matsu,stand,matsu
1.57E+15,8,3,-1,-1,-3,-1,-1,-2,matsu,stand,matsu
1.57E+15,-13,-2,-1,-1,-1,0,0,3,matsu,stand,matsu
1.57E+15,-15,-10,-5,0,-1,-3,0,2,matsu,stand,matsu
1.57E+15,-1,-5,0,-1,-2,-2,-2,-15,matsu,stand,matsu
1.57E+15,6,5,-1,-2,-1,0,4,7,matsu,stand,matsu
1.57E+15,37,5,-1,-1,-2,1,1,7,matsu,stand,matsu
1.57E+15,-10,3,2,3,0,0,-5,-15,matsu,stand,matsu
1.57E+15,-66,-13,-6,-8,-1,-2,-2,-3,matsu,stand,matsu
1.57E+15,-23,-12,-2,-1,-3,-2,-3,-5,matsu,stand,matsu
1.57E+15,-5,1,1,-2,1,-2,-3,-1,matsu,stand,matsu
1.57E+15,21,4,0,0,-1,-3,2,10,matsu,stand,matsu
1.57E+15,56,11,3,2,1,2,8,19,matsu,stand,matsu
1.57E+15,10,2,0,0,0,2,4,2,matsu,stand,matsu
1.57E+15,-43,-10,-5,-2,-2,-5,-14,10,matsu,stand,matsu
1.57E+15,-18,-3,-1,-2,-1,-2,-6,5,matsu,stand,matsu
1.57E+15,-16,-6,-4,-1,-2,-3,-9,-65,matsu,stand,matsu
1.57E+15,23,7,2,0,0,2,4,2,matsu,stand,matsu
1.57E+15,27,4,3,7,1,5,14,36,matsu,stand,matsu
1.57E+15,13,8,2,-10,-1,2,6,32,matsu,stand,matsu
1.57E+15,78,12,-1,5,1,0,7,40,matsu,stand,matsu
1.57E+15,-98,-18,-6,-6,2,-4,-14,-41,matsu,stand,matsu
1.57E+15,-86,-33,-22,-15,-13,-27,-52,-126,matsu,stand,matsu
1.57E+15,5,6,16,-3,-1,-4,2,50,matsu,stand,matsu
1.57E+15,67,15,-9,16,2,9,28,94,matsu,stand,matsu
1.57E+15,44,52,16,2,7,13,25,87,matsu,stand,matsu
1.57E+15,-32,-12,-1,-19,12,10,2,-39,matsu,stand,matsu
1.57E+15,37,5,9,-1,-1,3,19,22,matsu,stand,matsu
1.57E+15,-28,-37,-7,14,-8,-19,-40,-21,matsu,stand,matsu
1.57E+15,-42,-35,-22,-69,-5,-16,-51,-94,matsu,stand,matsu
1.57E+15,89,27,20,18,2,10,28,66,matsu,stand,matsu
1.57E+15,79,32,15,-2,11,22,38,71,matsu,stand,matsu
1.57E+15,-22,-38,-9,-11,-15,-30,-78,-86,matsu,stand,matsu
1.57E+15,-31,-6,2,41,5,8,20,98,matsu,stand,matsu
1.57E+15,88,-1,11,-7,3,1,5,87,matsu,stand,matsu
1.57E+15,-2,0,1,33,-9,-6,1,-82,matsu,stand,matsu
1.57E+15,-45,28,14,-17,10,3,-45,-44,matsu,stand,matsu
1.57E+15,3,-20,-8,11,-5,-11,-18,34,matsu,stand,matsu
1.57E+15,64,33,12,10,-1,5,20,95,matsu,stand,matsu
1.57E+15,-49,11,12,30,6,14,37,-44,matsu,stand,matsu
1.57E+15,-83,-19,-2,-29,3,6,13,70,matsu,stand,matsu
1.57E+15,61,21,15,-6,-9,-4,-6,-44,matsu,stand,matsu
1.57E+15,-84,-6,-14,-18,0,-4,-3,-67,matsu,stand,matsu
1.57E+15,-36,-18,-12,-3,-2,-1,-6,4,matsu,stand,matsu
1.57E+15,-8,3,1,-7,-2,1,8,-35,matsu,stand,matsu
1.57E+15,50,9,0,10,-1,1,12,-13,matsu,stand,matsu
1.57E+15,64,36,20,16,3,8,18,52,matsu,stand,matsu
1.57E+15,-62,-31,-20,-20,-5,-11,-32,-52,matsu,stand,matsu
1.57E+15,0,2,-5,1,1,10,19,-3,matsu,stand,matsu
1.57E+15,18,-1,2,6,-2,-7,1,39,matsu,stand,matsu
1.57E+15,-25,-4,-10,-2,-1,4,-1,-39,matsu,stand,matsu
1.57E+15,17,-15,-17,-13,-3,-12,-30,-7,matsu,stand,matsu
1.57E+15,30,9,4,10,-1,3,25,40,matsu,stand,matsu
1.57E+15,4,-3,0,0,2,4,11,-3,matsu,stand,matsu
1.57E+15,-28,-12,-9,-2,-5,-10,-18,-31,matsu,stand,matsu
1.57E+15,16,-9,-9,-11,-3,-5,-13,-2,matsu,stand,matsu
1.57E+15,16,9,6,6,2,11,26,47,matsu,stand,matsu
1.57E+15,-19,-1,-3,-1,-1,-4,-7,-34,matsu,stand,matsu
1.57E+15,-9,-13,-8,-2,-1,3,-4,-24,matsu,stand,matsu
1.57E+15,8,0,0,-3,-1,-6,-10,39,matsu,stand,matsu
1.57E+15,12,7,1,0,2,2,11,-4,matsu,stand,matsu
1.57E+15,-5,-11,-10,-1,-1,-4,-5,-14,matsu,stand,matsu
1.57E+15,9,-2,-1,5,-3,0,1,11,matsu,stand,matsu
1.57E+15,-5,-4,-1,-2,2,3,-1,1,matsu,stand,matsu
1.57E+15,-23,-7,-3,0,-3,-5,-3,-12,matsu,stand,matsu
1.57E+15,3,-1,-3,0,-1,2,1,4,matsu,stand,matsu
1.57E+15,-7,-1,-1,-2,0,-2,-2,9,matsu,stand,matsu
1.57E+15,3,1,-3,-4,-1,-4,6,-7,matsu,stand,matsu
1.57E+15,13,-3,-3,1,-1,-3,3,1,matsu,stand,matsu
1.57E+15,6,-1,2,2,-1,4,7,10,matsu,stand,matsu
1.57E+15,-6,3,-2,-1,-2,-1,-3,-6,matsu,stand,matsu
1.57E+15,-7,-12,-6,-5,-3,-5,-10,-9,matsu,stand,matsu
1.57E+15,12,0,0,1,0,0,5,5,matsu,stand,matsu
1.57E+15,-4,2,-3,-2,-1,1,3,-2,matsu,stand,matsu
1.57E+15,-8,-5,-2,-1,-3,-3,-3,-9,matsu,stand,matsu
1.57E+15,-3,3,4,0,0,0,-6,5,matsu,stand,matsu
1.57E+15,7,1,-3,-1,-1,2,4,5,matsu,stand,matsu
1.57E+15,1,2,3,-2,-1,-1,-5,-5,matsu,stand,matsu
1.57E+15,-11,-12,-2,-2,-4,-4,-1,-5,matsu,stand,matsu
1.57E+15,-1,1,-3,1,1,-1,-1,7,matsu,stand,matsu
1.57E+15,10,7,1,1,1,0,1,0,matsu,stand,matsu
1.57E+15,-7,-1,7,-5,0,1,0,-3,matsu,stand,matsu
1.57E+15,-10,-9,-76,-6,-6,-4,-4,-3,matsu,stand,matsu
1.57E+15,3,4,10,-2,-2,1,-2,1,matsu,stand,matsu
1.57E+15,-4,-4,-1,-5,-1,-3,-1,-1,matsu,stand,matsu
1.57E+15,1,0,-3,3,-1,-4,1,1,matsu,stand,matsu
1.57E+15,-2,5,24,2,0,0,2,1,matsu,stand,matsu
1.57E+15,0,-7,-13,-4,-1,0,-3,1,matsu,stand,matsu
1.57E+15,-1,8,2,-3,-1,-2,-1,0,matsu,stand,matsu
1.57E+15,0,-4,-2,-3,0,-3,1,2,matsu,stand,matsu
1.57E+15,1,-7,9,1,1,-1,-1,-2,matsu,stand,matsu
1.57E+15,3,3,-3,4,0,1,-2,-3,matsu,stand,matsu
1.57E+15,10,4,11,3,-1,1,1,1,matsu,stand,matsu
1.57E+15,11,-1,-6,-2,0,1,-1,2,matsu,stand,matsu
1.57E+15,-29,0,14,0,2,0,-2,-6,matsu,stand,matsu
1.57E+15,-5,-11,-16,-8,-2,-1,-2,-1,matsu,stand,matsu
1.57E+15,3,-10,-11,0,-4,-1,-1,-2,matsu,stand,matsu
1.57E+15,-4,6,20,7,-1,-2,1,-2,matsu,stand,matsu
1.57E+15,4,-9,-56,-5,2,-2,0,1,matsu,stand,matsu
1.57E+15,-2,7,20,1,-1,-2,-3,1,matsu,stand,matsu
1.57E+15,-1,-10,46,9,2,1,3,-2,matsu,stand,matsu
1.57E+15,7,-2,-31,-1,-4,-2,-2,-1,matsu,stand,matsu
1.57E+15,1,-5,25,-17,-2,0,-1,1,matsu,stand,matsu
1.57E+15,-7,5,-29,-7,-1,-3,0,0,matsu,stand,matsu
1.57E+15,5,5,-5,1,0,-1,-1,1,matsu,stand,matsu
1.57E+15,-6,2,38,14,0,0,-3,-2,matsu,stand,matsu
1.57E+15,-1,4,-7,-9,0,1,0,-1,matsu,stand,matsu
1.57E+15,2,-2,-10,-2,-2,0,-2,-2,matsu,stand,matsu
1.57E+15,-4,2,2,-2,-2,-1,-1,-3,matsu,stand,matsu
1.57E+15,-10,-13,-14,-2,-2,1,-3,-3,matsu,stand,matsu
1.57E+15,5,-3,8,8,-1,0,-2,-3,matsu,stand,matsu
1.57E+15,4,2,12,0,-1,-1,-2,-1,matsu,stand,matsu
1.57E+15,-1,-2,-35,-5,-2,0,0,1,matsu,stand,matsu
1.57E+15,-5,-2,21,-2,0,-1,-2,0,matsu,stand,matsu
1.57E+15,6,1,5,1,-4,-4,-3,-2,matsu,stand,matsu
1.57E+15,10,-30,17,5,1,0,1,1,matsu,stand,matsu
1.57E+15,-18,18,5,2,1,-1,-1,0,matsu,stand,matsu
1.57E+15,12,4,-9,-7,-1,-2,0,-5,matsu,stand,matsu
1.57E+15,-4,-4,12,11,1,-2,0,-2,matsu,stand,matsu
1.57E+15,-9,-7,-22,-14,-5,-3,-2,-1,matsu,stand,matsu
1.57E+15,-1,-18,-14,1,-2,-3,-1,-1,matsu,stand,matsu
1.57E+15,-2,3,2,-6,1,2,2,2,matsu,stand,matsu
1.57E+15,1,6,11,3,-2,1,1,0,matsu,stand,matsu
1.57E+15,2,5,-10,0,-1,-1,0,-1,matsu,stand,matsu
1.57E+15,4,-7,-1,-10,-2,-1,-1,-3,matsu,stand,matsu
1.57E+15,-3,1,-1,2,-2,-1,-2,-1,matsu,stand,matsu
1.57E+15,4,9,1,0,0,2,-1,1,matsu,stand,matsu
1.57E+15,-9,11,6,3,2,0,-2,1,matsu,stand,matsu
1.57E+15,-2,-5,-5,1,-2,-2,-3,-2,matsu,stand,matsu
1.57E+15,-3,-4,-13,-5,1,0,-1,-1,matsu,stand,matsu
1.57E+15,-2,3,7,-2,-2,-1,-1,1,matsu,stand,matsu
1.57E+15,11,2,0,2,0,-1,2,2,matsu,stand,matsu
1.57E+15,31,2,-11,1,-1,0,1,6,matsu,stand,matsu
1.57E+15,-55,2,-2,-12,-2,-4,-2,1,matsu,stand,matsu
1.57E+15,-37,-19,-10,6,-3,-6,-6,-26,matsu,stand,matsu
1.57E+15,-2,4,13,-2,-2,0,-1,-2,matsu,stand,matsu
1.57E+15,-2,-8,0,2,0,0,0,1,matsu,stand,matsu
1.57E+15,22,23,1,-4,-3,0,1,6,matsu,stand,matsu
1.57E+15,16,-1,-4,1,1,1,0,7,matsu,stand,matsu
1.57E+15,-11,5,-9,-7,-3,0,1,6,matsu,stand,matsu
1.57E+15,13,7,1,-3,0,0,3,6,matsu,stand,matsu
1.57E+15,3,-21,-1,6,-2,-5,-12,44,matsu,stand,matsu
1.57E+15,-19,-8,36,-2,1,-3,-7,-37,matsu,stand,matsu
1.57E+15,-2,2,2,-4,-2,-3,-4,-8,matsu,stand,matsu
1.57E+15,21,9,13,2,-2,1,15,28,matsu,stand,matsu
1.57E+15,67,12,4,8,1,8,21,95,matsu,stand,matsu
1.57E+15,-82,-15,-1,-14,-6,-7,-31,-84,matsu,stand,matsu
1.57E+15,23,2,2,5,-1,-2,-2,31,matsu,stand,matsu
1.57E+15,-63,-27,-8,-4,-3,-10,-25,-60,matsu,stand,matsu
1.57E+15,-20,-18,-15,-6,-6,-9,-2,-9,matsu,stand,matsu
1.57E+15,58,18,-3,2,1,9,39,121,matsu,stand,matsu
1.57E+15,-7,-3,0,-2,-2,3,-1,64,matsu,stand,matsu
1.57E+15,-45,-9,-8,5,-1,-11,-41,-21,matsu,stand,matsu
1.57E+15,30,2,2,5,3,11,34,82,matsu,stand,matsu
1.57E+15,99,37,-7,12,10,25,41,-57,matsu,stand,matsu
1.57E+15,-56,2,-2,5,-6,-30,-79,-70,matsu,stand,matsu
1.57E+15,23,5,14,-31,-3,2,20,-15,matsu,stand,matsu
1.57E+15,-45,-11,-23,-1,7,6,13,0,matsu,stand,matsu
1.57E+15,-72,-37,-16,-15,-6,-18,-36,25,matsu,stand,matsu
1.57E+15,-24,2,18,12,-2,3,25,3,matsu,stand,matsu
1.57E+15,35,8,-8,3,0,-1,-4,-2,matsu,stand,matsu
1.57E+15,33,24,7,5,2,10,29,62,matsu,stand,matsu
1.57E+15,29,5,5,6,1,10,20,72,matsu,stand,matsu
1.57E+15,16,11,10,13,16,19,22,45,matsu,stand,matsu
1.57E+15,46,30,16,8,8,18,33,-40,matsu,stand,matsu
1.57E+15,-87,-24,-3,-7,-3,-4,6,-32,matsu,stand,matsu
1.57E+15,9,2,4,7,0,-6,-26,-33,matsu,stand,matsu
1.57E+15,-23,-18,-5,4,-4,-13,-47,-98,matsu,stand,matsu
1.57E+15,-21,-20,-7,2,-2,-3,20,127,matsu,stand,matsu
1.57E+15,53,20,-2,-27,-1,1,-9,-59,matsu,stand,matsu
1.57E+15,-6,-5,1,15,0,-2,3,9,matsu,stand,matsu
1.57E+15,46,3,-12,-30,-3,4,25,20,matsu,stand,matsu
1.57E+15,25,11,-3,14,1,7,15,7,matsu,stand,matsu
1.57E+15,-3,-4,6,9,-4,-7,-30,-62,matsu,stand,matsu
1.57E+15,-3,-12,-6,-11,-6,-10,-19,3,matsu,stand,matsu
1.57E+15,22,4,0,1,-3,4,22,6,matsu,stand,matsu
1.57E+15,-16,-8,-1,-1,-2,-4,-15,-11,matsu,stand,matsu
1.57E+15,-17,-2,1,-1,-3,-6,-25,-44,matsu,stand,matsu
1.57E+15,4,7,-2,-4,1,-2,7,-2,matsu,stand,matsu
1.57E+15,4,-5,-1,3,1,5,15,18,matsu,stand,matsu
1.57E+15,-28,-2,-3,-4,-2,-2,-13,-5,matsu,stand,matsu
1.57E+15,8,-6,-2,-4,-4,-6,-13,-19,matsu,stand,matsu
1.57E+15,8,4,-3,0,1,0,4,1,matsu,stand,matsu
1.57E+15,-10,-4,-2,-3,1,0,-2,-11,matsu,stand,matsu
1.57E+15,-13,-8,-2,-7,-2,-6,-13,-2,matsu,stand,matsu
1.57E+15,6,-4,-5,3,-1,-2,-1,-12,matsu,stand,matsu
1.57E+15,-6,-4,4,-2,-3,-3,-1,8,matsu,stand,matsu
1.57E+15,-7,-5,-2,-4,-1,0,-1,-2,matsu,stand,matsu
1.57E+15,1,0,-2,-3,0,0,-2,-6,matsu,stand,matsu
1.57E+15,1,-4,0,5,1,-2,-2,-2,matsu,stand,matsu
1.57E+15,-10,0,-2,-5,0,-3,-3,-2,matsu,stand,matsu
1.57E+15,1,-2,-1,-5,-2,-1,1,1,matsu,stand,matsu
1.57E+15,2,2,-2,0,-3,-2,-1,-5,matsu,stand,matsu
1.57E+15,-4,-1,-5,3,-1,-3,-8,-16,matsu,stand,matsu
1.57E+15,-4,-5,-3,-3,-2,1,-2,2,matsu,stand,matsu
1.57E+15,4,-4,-14,-4,-3,0,1,-10,matsu,stand,matsu
1.57E+15,-7,-4,15,-4,-3,-1,-5,-5,matsu,stand,matsu
1.57E+15,-12,-3,0,-2,-2,-4,-9,-10,matsu,stand,matsu
1.57E+15,17,1,-9,-1,-2,-2,2,-3,matsu,stand,matsu
1.57E+15,-3,2,6,8,2,3,4,11,matsu,stand,matsu
1.57E+15,2,10,22,12,4,2,0,0,matsu,stand,matsu
1.57E+15,-7,-9,-54,-9,-1,-2,-4,-5,matsu,stand,matsu
1.57E+15,0,-7,15,-6,-4,-2,-1,-1,matsu,stand,matsu
1.57E+15,-9,-4,0,-6,-4,-2,-1,-1,matsu,stand,matsu
1.57E+15,-2,-10,-1,-5,-5,-6,-5,-3,matsu,stand,matsu
1.57E+15,10,10,10,9,2,0,2,1,matsu,stand,matsu
1.57E+15,-13,-5,3,3,2,1,0,3,matsu,stand,matsu
1.57E+15,0,1,-9,6,2,-1,0,1,matsu,stand,matsu
1.57E+15,-2,-4,2,-1,0,1,-2,0,matsu,stand,matsu
1.57E+15,-2,-1,4,-11,-6,-2,-3,-6,matsu,stand,matsu
1.57E+15,9,0,2,4,1,-3,-3,0,matsu,stand,matsu
1.57E+15,0,7,-3,2,-1,-1,-1,-4,matsu,stand,matsu
1.57E+15,-2,-9,-5,-6,2,0,-1,1,matsu,stand,matsu
1.57E+15,8,6,11,10,2,-2,-2,-4,matsu,stand,matsu
1.57E+15,-4,-5,29,-3,-1,0,0,2,matsu,stand,matsu
1.57E+15,7,1,-76,-12,-3,-2,-1,4,matsu,stand,matsu
1.57E+15,-19,0,11,9,-1,-1,-1,-3,matsu,stand,matsu
1.57E+15,-2,3,20,9,1,2,-1,-2,matsu,stand,matsu
1.57E+15,14,8,-8,17,2,3,0,1,matsu,stand,matsu
1.57E+15,-19,-22,-13,-45,-9,-6,-1,-4,matsu,stand,matsu
1.57E+15,11,18,38,3,4,4,3,1,matsu,stand,matsu
1.57E+15,-2,-12,-29,-11,-4,-2,-3,-4,matsu,stand,matsu
1.57E+15,-9,-15,-70,-19,-11,-11,-6,-4,matsu,stand,matsu
1.57E+15,8,17,50,26,5,1,2,1,matsu,stand,matsu
1.57E+15,-23,-24,-6,-33,-9,-7,-6,-5,matsu,stand,matsu
1.57E+15,0,9,36,13,2,2,1,2,matsu,stand,matsu
1.57E+15,6,6,26,10,4,5,10,20,matsu,stand,matsu
1.57E+15,11,-2,-2,-3,-2,2,3,20,matsu,stand,matsu
1.57E+15,-4,8,-11,16,1,-5,-20,-88,matsu,stand,matsu
1.57E+15,0,-1,3,6,1,-1,-2,-29,matsu,stand,matsu
1.57E+15,24,7,-26,-30,-4,-3,-1,27,matsu,stand,matsu
1.57E+15,-6,9,35,14,1,1,6,-5,matsu,stand,matsu
1.57E+15,-18,-10,-36,-13,-2,1,7,15,matsu,stand,matsu
1.57E+15,3,-2,5,-4,-4,-1,3,33,matsu,stand,matsu
1.57E+15,2,7,8,8,2,5,4,9,matsu,stand,matsu
1.57E+15,-7,-15,19,14,2,-3,-16,-52,matsu,stand,matsu
1.57E+15,21,-12,-30,-28,-8,-12,-18,-40,matsu,stand,matsu
1.57E+15,-40,-7,-7,-2,2,0,5,14,matsu,stand,matsu
1.57E+15,-23,-11,-8,-1,0,2,9,-17,matsu,stand,matsu
1.57E+15,59,37,31,16,10,21,49,80,matsu,stand,matsu
1.57E+15,-62,-21,-9,3,-5,-10,-35,-79,matsu,stand,matsu
1.57E+15,21,-21,-22,-11,-1,-18,-42,-114,matsu,stand,matsu
1.57E+15,17,14,20,-3,5,6,10,80,matsu,stand,matsu
1.57E+15,-80,-30,-11,-18,-13,-12,-14,-57,matsu,stand,matsu
1.57E+15,90,34,12,57,12,14,27,83,matsu,stand,matsu
1.57E+15,43,53,31,-12,2,21,45,127,matsu,stand,matsu
1.57E+15,76,-2,10,13,11,10,16,-36,matsu,stand,matsu
1.57E+15,-75,-28,-41,-55,-9,-26,-75,-102,matsu,stand,matsu
1.57E+15,-84,-35,-19,-8,-13,-20,-30,54,matsu,stand,matsu
1.57E+15,-9,-18,-2,9,0,-1,5,60,matsu,stand,matsu
1.57E+15,45,25,14,23,-4,6,30,90,matsu,stand,matsu
1.57E+15,40,14,13,-1,5,17,45,83,matsu,stand,matsu
1.57E+15,12,12,13,21,4,8,11,-16,matsu,stand,matsu
1.57E+15,-74,-14,-1,2,-5,-8,-21,-32,matsu,stand,matsu
1.57E+15,3,7,-39,-43,-4,-2,-1,-43,matsu,stand,matsu
1.57E+15,30,11,-1,15,-4,3,19,77,matsu,stand,matsu
1.57E+15,-31,-8,-9,-16,5,7,4,-9,matsu,stand,matsu
1.57E+15,11,-4,-5,9,-5,-1,-5,-38,matsu,stand,matsu
1.57E+15,38,0,2,-10,-1,-15,-36,-10,matsu,stand,matsu
1.57E+15,-13,11,12,42,4,9,20,101,matsu,stand,matsu
1.57E+15,49,-4,-7,-38,-17,-11,5,39,matsu,stand,matsu
1.57E+15,-68,-32,-27,-34,-5,-4,-18,-36,matsu,stand,matsu
1.57E+15,-94,-12,5,-10,-3,-11,-30,-59,matsu,stand,matsu
1.57E+15,39,-13,-11,5,-5,-9,-8,6,matsu,stand,matsu
1.57E+15,80,35,20,43,5,18,46,110,matsu,stand,matsu
1.57E+15,10,3,0,-11,1,3,15,3,matsu,stand,matsu
1.57E+15,-6,-3,-5,-5,-4,-6,-21,-22,matsu,stand,matsu
1.57E+15,14,1,3,15,1,-3,-9,-34,matsu,stand,matsu
1.57E+15,-4,4,-4,-14,5,7,11,-5,matsu,stand,matsu
1.57E+15,13,4,-1,-1,-1,-2,1,-12,matsu,stand,matsu
1.57E+15,11,-4,2,17,0,3,3,11,matsu,stand,matsu
1.57E+15,-5,-8,3,-14,-2,-7,-26,-74,matsu,stand,matsu
1.57E+15,-16,-5,-1,4,-2,-8,-13,-51,matsu,stand,matsu
1.57E+15,23,9,10,-4,7,7,3,8,matsu,stand,matsu
1.57E+15,-55,-24,-9,7,-5,0,12,0,matsu,stand,matsu
1.57E+15,-41,6,4,-1,1,2,1,-4,matsu,stand,matsu
1.57E+15,18,-2,-9,-19,0,-1,-3,-3,matsu,stand,matsu
1.57E+15,43,3,1,13,-2,1,10,31,matsu,stand,matsu
1.57E+15,1,5,7,3,-1,-2,-12,-6,matsu,stand,matsu
1.57E+15,-7,-8,-5,-11,-2,-7,-8,-8,matsu,stand,matsu
1.57E+15,-5,-2,-5,0,2,-3,-1,-10,matsu,stand,matsu
1.57E+15,5,2,3,2,-1,0,6,24,matsu,stand,matsu
1.57E+15,-18,-5,0,1,-2,0,-1,7,matsu,stand,matsu
1.57E+15,18,2,-1,-3,-2,0,-2,-8,matsu,stand,matsu
1.57E+15,0,2,0,-3,-1,-2,-2,16,matsu,stand,matsu
1.57E+15,6,-2,0,5,0,-1,-3,4,matsu,stand,matsu
1.57E+15,-13,1,-1,-2,-3,-3,-5,-7,matsu,stand,matsu
1.57E+15,6,-8,-4,-2,0,-3,-3,-10,matsu,stand,matsu
1.57E+15,-18,4,1,-3,0,3,5,8,matsu,stand,matsu
1.57E+15,16,-8,-4,-1,-2,-6,-10,-21,matsu,stand,matsu
1.57E+15,-14,-1,3,1,-1,0,0,-13,matsu,stand,matsu
1.57E+15,9,7,1,-3,0,3,6,14,matsu,stand,matsu
1.57E+15,-18,-12,-6,-4,-2,-5,-7,-8,matsu,stand,matsu
1.57E+15,-6,0,-2,1,-2,-3,-5,3,matsu,stand,matsu
1.57E+15,-1,-1,3,-1,-1,-2,2,18,matsu,stand,matsu
1.57E+15,4,-1,1,-2,0,1,0,-30,matsu,stand,matsu
1.57E+15,0,4,-1,0,0,1,0,1,matsu,stand,matsu
1.57E+15,4,0,-2,1,-4,-5,-4,-7,matsu,stand,matsu
1.57E+15,9,-2,1,2,-1,0,3,4,matsu,stand,matsu
1.57E+15,-4,-2,1,-4,-1,-1,-2,6,matsu,stand,matsu
1.57E+15,1,5,-3,1,-1,-1,-4,-2,matsu,stand,matsu
1.57E+15,-2,-1,-2,0,-1,-2,0,-4,matsu,stand,matsu
1.57E+15,-1,0,0,0,-1,2,-1,-5,matsu,stand,matsu
1.57E+15,3,-2,-2,-1,-3,0,0,8,matsu,stand,matsu
1.57E+15,0,1,3,-1,-1,0,-1,2,matsu,stand,matsu
1.57E+15,-1,-7,-5,1,0,-1,-2,5,matsu,stand,matsu
1.57E+15,-7,-1,1,-1,-2,-3,-2,-6,matsu,stand,matsu
1.57E+15,0,-1,-2,0,1,-3,-1,1,matsu,stand,matsu
1.57E+15,4,3,1,0,-1,1,1,6,matsu,stand,matsu
1.57E+15,-6,-3,0,-8,-2,1,-4,-6,matsu,stand,matsu
1.57E+15,-9,-9,-6,-2,-2,-1,-2,-8,matsu,stand,matsu
1.57E+15,1,-2,-5,-2,0,-1,-1,2,matsu,stand,matsu
1.57E+15,1,-3,-5,0,1,-2,0,1,matsu,stand,matsu
1.57E+15,-2,3,0,1,0,0,0,-1,matsu,stand,matsu
1.57E+15,-3,3,3,0,1,-1,-1,-1,matsu,stand,matsu
1.57E+15,5,1,0,0,-1,0,-2,7,matsu,stand,matsu
,,,,,,,,,,,
1.57E+15,8,5,3,3,1,0,-2,1,matsu,stand,matsu
1.57E+15,-4,-2,-5,0,-1,1,-1,0,matsu,stand,matsu
1.57E+15,-4,-1,13,0,0,-1,-1,0,matsu,stand,matsu
1.57E+15,-1,-4,-10,0,-1,-2,-4,-3,matsu,stand,matsu
1.57E+15,4,-2,-4,-3,-3,0,0,-1,matsu,stand,matsu
1.57E+15,-2,2,8,2,-2,1,-2,1,matsu,stand,matsu
1.57E+15,-1,1,3,-2,-1,1,-1,0,matsu,stand,matsu
1.57E+15,9,0,-3,-1,-1,1,1,0,matsu,stand,matsu
1.57E+15,7,-1,1,0,-1,-1,0,11,matsu,stand,matsu
1.57E+15,-46,-12,-10,-1,-2,-4,-3,-23,matsu,stand,matsu
1.57E+15,-1,-2,-5,-3,-1,-1,1,0,matsu,stand,matsu
1.57E+15,-2,0,5,-1,0,-1,2,-2,matsu,stand,matsu
1.57E+15,2,1,-5,3,-1,-3,0,0,matsu,stand,matsu
1.57E+15,10,4,7,0,-1,-2,0,5,matsu,stand,matsu
1.57E+15,4,-1,34,-6,-1,-1,-1,0,matsu,stand,matsu
1.57E+15,-32,-7,-42,-3,4,-3,-2,-4,matsu,stand,matsu
1.57E+15,-1,-3,21,6,-3,-3,-2,-3,matsu,stand,matsu
1.57E+15,12,6,-14,-2,1,2,2,8,matsu,stand,matsu
1.57E+15,17,8,10,5,-3,1,3,-8,matsu,stand,matsu
1.57E+15,13,-3,-7,-28,2,-1,1,24,matsu,stand,matsu
1.57E+15,-7,-5,15,4,-3,-1,0,13,matsu,stand,matsu
1.57E+15,7,7,-8,0,1,-4,-7,-49,matsu,stand,matsu
1.57E+15,-25,-5,20,0,-5,-8,-17,-16,matsu,stand,matsu
1.57E+15,32,5,-52,17,-3,6,22,13,matsu,stand,matsu
1.57E+15,-5,7,-15,-25,6,3,8,47,matsu,stand,matsu
1.57E+15,-27,-24,7,12,-9,-8,-25,-87,matsu,stand,matsu
1.57E+15,3,-8,-35,-6,7,-1,-4,98,matsu,stand,matsu
1.57E+15,38,11,43,14,-2,3,6,-34,matsu,stand,matsu
1.57E+15,23,9,-9,-3,-2,7,23,91,matsu,stand,matsu
1.57E+15,22,7,-21,37,6,6,-6,-46,matsu,stand,matsu
1.57E+15,11,13,47,-3,1,10,29,14,matsu,stand,matsu
1.57E+15,-116,-31,-52,-53,-9,-14,-79,-85,matsu,stand,matsu
1.57E+15,-8,-3,-35,-28,-7,-25,-40,-13,matsu,stand,matsu
1.57E+15,-8,-6,-8,-43,6,4,19,69,matsu,stand,matsu
1.57E+15,63,24,23,37,-1,7,53,103,matsu,stand,matsu
1.57E+15,51,12,56,33,-4,9,23,-57,matsu,stand,matsu
1.57E+15,-91,-28,-3,-25,-6,-18,-81,-128,matsu,stand,matsu
1.57E+15,-22,20,28,5,8,5,22,127,matsu,stand,matsu
1.57E+15,-9,-31,-25,-11,-9,-10,-16,-61,matsu,stand,matsu
1.57E+15,8,21,58,10,6,15,50,107,matsu,stand,matsu
1.57E+15,103,19,3,24,4,16,24,-23,matsu,stand,matsu
1.57E+15,86,8,7,30,-9,-9,-9,-12,matsu,stand,matsu
1.57E+15,-78,-9,7,-28,-3,-4,-20,34,matsu,stand,matsu
1.57E+15,-36,-14,-22,4,5,-12,-32,-76,matsu,stand,matsu
1.57E+15,-43,-25,1,-13,-4,-8,-6,-27,matsu,stand,matsu
1.57E+15,17,-2,-31,-11,-5,0,8,37,matsu,stand,matsu
1.57E+15,45,10,-19,18,0,5,17,26,matsu,stand,matsu
1.57E+15,-24,0,15,-35,-7,-10,-17,55,matsu,stand,matsu
1.57E+15,-10,9,-38,21,7,1,-3,-27,matsu,stand,matsu
1.57E+15,-30,-2,18,-51,0,5,18,43,matsu,stand,matsu
1.57E+15,-8,-18,-37,-2,-9,-17,-43,-113,matsu,stand,matsu
1.57E+15,-6,-11,-6,18,-1,-6,-4,23,matsu,stand,matsu
1.57E+15,57,18,40,35,2,10,34,52,matsu,stand,matsu
1.57E+15,-35,-40,-14,-19,-11,-15,-33,-85,matsu,stand,matsu
1.57E+15,20,12,-26,-1,4,-3,-9,-13,matsu,stand,matsu
1.57E+15,7,-13,2,-6,-3,-7,-11,-50,matsu,stand,matsu
1.57E+15,13,9,15,10,3,7,19,44,matsu,stand,matsu
1.57E+15,-5,3,-9,12,-2,-1,-1,-10,matsu,stand,matsu
1.57E+15,-26,0,16,-12,2,1,-4,-14,matsu,stand,matsu
1.57E+15,30,1,4,7,1,4,11,30,matsu,stand,matsu
1.57E+15,-13,-2,-6,-3,-1,2,7,13,matsu,stand,matsu
1.57E+15,9,2,4,-1,0,2,-2,-5,matsu,stand,matsu
1.57E+15,2,-7,-12,-1,1,1,-8,-23,matsu,stand,matsu
1.57E+15,21,16,6,8,3,4,13,38,matsu,stand,matsu
1.57E+15,-5,-12,-9,-9,-4,-5,-6,-25,matsu,stand,matsu
1.57E+15,-8,-3,5,-1,0,0,-2,20,matsu,stand,matsu
1.57E+15,12,7,5,3,3,2,2,-10,matsu,stand,matsu
1.57E+15,-1,-4,-8,2,-1,-3,-2,16,matsu,stand,matsu
1.57E+15,-13,-6,7,-9,-3,-3,-4,-11,matsu,stand,matsu
1.57E+15,18,5,6,5,3,0,2,6,matsu,stand,matsu
1.57E+15,-4,-6,-8,0,3,2,4,14,matsu,stand,matsu
1.57E+15,-1,-1,-4,-2,-2,-2,-1,-14,matsu,stand,matsu
1.57E+15,0,-2,-4,-2,-2,1,3,-1,matsu,stand,matsu
1.57E+15,7,8,5,6,1,2,4,11,matsu,stand,matsu
1.57E+15,-5,-1,-7,-3,-1,-4,-3,-13,matsu,stand,matsu
1.57E+15,-1,-3,0,-3,-1,-2,-3,6,matsu,stand,matsu
1.57E+15,0,0,4,2,0,0,2,11,matsu,stand,matsu
1.57E+15,0,-4,-2,1,-1,-1,-3,-5,matsu,stand,matsu
1.57E+15,-4,2,4,-3,-1,-2,-1,3,matsu,stand,matsu
1.57E+15,4,-5,-4,0,-2,0,0,6,matsu,stand,matsu
1.57E+15,-2,-5,-4,-2,-2,1,1,3,matsu,stand,matsu
1.57E+15,1,4,4,1,-1,-2,1,1,matsu,stand,matsu
1.57E+15,-1,-4,-2,-1,1,-1,-2,-3,matsu,stand,matsu
1.57E+15,0,7,1,2,0,1,3,10,matsu,stand,matsu
1.57E+15,-7,-1,-5,-1,-4,-1,0,-2,matsu,stand,matsu
1.57E+15,9,3,7,1,0,-1,0,1,matsu,stand,matsu
1.57E+15,3,0,8,0,-1,-1,-2,1,matsu,stand,matsu
1.57E+15,-5,-10,-3,0,0,0,0,-1,matsu,stand,matsu
1.57E+15,-1,-5,-21,-6,0,-4,-1,1,matsu,stand,matsu
1.57E+15,5,1,9,1,-2,-2,0,2,matsu,stand,matsu
1.57E+15,-2,-4,-11,-3,-1,1,1,-1,matsu,stand,matsu
1.57E+15,6,17,10,2,1,1,1,6,matsu,stand,matsu
1.57E+15,-7,-27,-25,-1,-2,0,-1,-2,matsu,stand,matsu
1.57E+15,1,4,-6,-2,-2,-3,-1,2,matsu,stand,matsu
1.57E+15,12,-1,-12,1,-1,0,-2,-3,matsu,stand,matsu
1.57E+15,15,0,6,-3,0,0,0,3,matsu,stand,matsu
1.57E+15,-27,4,10,1,0,-1,-2,-7,matsu,stand,matsu
1.57E+15,-10,2,-5,0,1,-2,-4,-3,matsu,stand,matsu
1.57E+15,-7,-6,4,2,-2,-3,0,0,matsu,stand,matsu
1.57E+15,9,1,-4,-2,-1,-1,1,3,matsu,stand,matsu
1.57E+15,14,9,-2,-1,-2,-2,1,3,matsu,stand,matsu
1.57E+15,-5,-7,17,3,1,1,0,-1,matsu,stand,matsu
1.57E+15,-2,6,-39,-4,-2,-1,-1,0,matsu,stand,matsu
1.57E+15,-7,-10,0,-1,-2,-4,-2,-1,matsu,stand,matsu
1.57E+15,2,4,7,-1,-1,0,0,0,matsu,stand,matsu
1.57E+15,4,1,9,1,-1,-1,-1,3,matsu,stand,matsu
1.57E+15,-8,-7,11,-1,1,-1,0,-2,matsu,stand,matsu
1.57E+15,-15,-13,-7,-6,-3,-5,-3,-7,matsu,stand,matsu
1.57E+15,0,0,-3,1,1,1,0,-1,matsu,stand,matsu
1.57E+15,4,1,-5,-1,0,3,1,1,matsu,stand,matsu
1.57E+15,4,7,19,1,-3,1,1,2,matsu,stand,matsu
1.57E+15,0,1,-5,-3,-2,-1,0,2,matsu,stand,matsu
1.57E+15,21,5,13,-4,-1,-1,1,3,matsu,stand,matsu
1.57E+15,-17,-12,-19,-2,0,-2,0,-3,matsu,stand,matsu
1.57E+15,-16,-3,-13,-1,0,0,-2,-6,matsu,stand,matsu
1.57E+15,-14,-3,9,-2,-1,-1,-1,-2,matsu,stand,matsu
1.57E+15,9,6,-1,-1,2,0,-1,3,matsu,stand,matsu
1.57E+15,12,5,13,2,1,0,-1,2,matsu,stand,matsu
1.57E+15,-1,-10,-8,-1,-1,-3,-1,-3,matsu,stand,matsu
1.57E+15,4,6,-64,-6,-1,-2,-2,-1,matsu,stand,matsu
1.57E+15,11,-12,3,-6,-2,2,-1,4,matsu,stand,matsu
1.57E+15,-5,-3,1,-2,-1,-2,-2,-2,matsu,stand,matsu
1.57E+15,-23,-15,13,1,-1,-2,-1,-9,matsu,stand,matsu
1.57E+15,-21,7,21,9,-1,0,0,8,matsu,stand,matsu
1.57E+15,2,11,1,4,0,-1,1,-6,matsu,stand,matsu
1.57E+15,-7,-14,-25,-11,-2,-3,-2,-1,matsu,stand,matsu
1.57E+15,7,6,-1,1,-3,-2,-6,-30,matsu,stand,matsu
1.57E+15,8,-2,11,2,2,0,0,3,matsu,stand,matsu
1.57E+15,0,5,-7,0,-2,0,1,8,matsu,stand,matsu
1.57E+15,4,-4,3,5,-2,-2,3,7,matsu,stand,matsu
1.57E+15,7,11,8,-7,0,-2,-3,7,matsu,stand,matsu
1.57E+15,9,3,10,2,2,0,5,-20,matsu,stand,matsu
1.57E+15,-21,-1,0,-6,-4,-6,-9,8,matsu,stand,matsu
1.57E+15,-11,2,-6,1,-1,-3,-6,-51,matsu,stand,matsu
1.57E+15,-3,1,8,11,3,-2,2,10,matsu,stand,matsu
1.57E+15,4,-14,6,-11,-1,-3,-2,6,matsu,stand,matsu
1.57E+15,7,19,-6,2,1,2,7,0,matsu,stand,matsu
1.57E+15,6,-21,7,1,-4,1,1,17,matsu,stand,matsu
1.57E+15,8,20,-9,14,5,3,3,22,matsu,stand,matsu
1.57E+15,12,5,21,-2,-3,2,-1,-3,matsu,stand,matsu
1.57E+15,-30,-37,-7,11,0,-3,-9,-67,matsu,stand,matsu
1.57E+15,-2,12,-5,-17,2,0,1,-8,matsu,stand,matsu
1.57E+15,3,8,-4,-3,-7,-3,0,9,matsu,stand,matsu
1.57E+15,22,-5,-21,-5,-4,-2,-1,22,matsu,stand,matsu
1.57E+15,-13,-9,-10,1,-1,-2,2,14,matsu,stand,matsu
1.57E+15,24,17,22,15,1,2,1,5,matsu,stand,matsu
1.57E+15,-9,-13,-14,-12,2,3,1,6,matsu,stand,matsu
1.57E+15,-19,-2,-9,-2,-5,-4,-5,-10,matsu,stand,matsu
1.57E+15,-23,-6,15,-8,-3,-3,-2,3,matsu,stand,matsu
1.57E+15,10,6,28,0,-3,-2,0,5,matsu,stand,matsu
1.57E+15,33,8,8,2,0,2,3,5,matsu,stand,matsu
1.57E+15,-6,13,-6,-1,2,-1,-5,7,matsu,stand,matsu
1.57E+15,-29,-26,16,5,-3,-2,-6,-7,matsu,stand,matsu
1.57E+15,-5,-20,-55,-9,-2,-5,-5,7,matsu,stand,matsu
1.57E+15,53,13,11,-2,0,2,4,11,matsu,stand,matsu
1.57E+15,39,23,18,13,-1,5,11,43,matsu,stand,matsu
1.57E+15,-48,22,-11,-14,-1,-7,-16,-37,matsu,stand,matsu
1.57E+15,-35,-9,35,3,-5,-6,-12,-7,matsu,stand,matsu
1.57E+15,-33,-15,-29,-9,-3,-2,-4,-12,matsu,stand,matsu
1.57E+15,-2,-19,23,-4,1,0,3,4,matsu,stand,matsu
1.57E+15,102,30,17,7,4,9,22,77,matsu,stand,matsu
1.57E+15,-23,-8,-27,2,-1,1,9,34,matsu,stand,matsu
1.57E+15,-23,0,23,9,3,-1,-1,58,matsu,stand,matsu
1.57E+15,52,11,13,-5,5,1,-3,-63,matsu,stand,matsu
1.57E+15,-38,-4,-4,16,0,-8,-38,-25,matsu,stand,matsu
1.57E+15,-20,1,-6,15,-2,5,12,32,matsu,stand,matsu
1.57E+15,74,30,28,-22,1,12,35,82,matsu,stand,matsu
1.57E+15,-128,-53,-64,-58,-20,-37,-78,-67,matsu,stand,matsu
1.57E+15,121,24,18,9,6,9,23,79,matsu,stand,matsu
1.57E+15,-24,-20,-8,13,7,-4,-9,-75,matsu,stand,matsu
1.57E+15,-53,-19,8,39,-9,-4,13,76,matsu,stand,matsu
1.57E+15,21,9,6,-28,-3,-19,-60,-77,matsu,stand,matsu
1.57E+15,-3,-20,-9,26,-2,-3,-3,-8,matsu,stand,matsu
1.57E+15,76,28,26,-61,5,3,26,77,matsu,stand,matsu
1.57E+15,-65,-39,-62,49,-2,-2,-15,-53,matsu,stand,matsu
1.57E+15,21,14,17,-5,5,2,17,-59,matsu,stand,matsu
1.57E+15,46,14,-5,22,1,8,18,89,matsu,stand,matsu
1.57E+15,-70,-25,-27,-3,-10,-8,-40,-86,matsu,stand,matsu
1.57E+15,-3,23,4,-13,1,2,3,-7,matsu,stand,matsu
1.57E+15,-78,-96,-23,-8,2,3,5,37,matsu,stand,matsu
1.57E+15,2,16,10,4,-2,-4,-1,-13,matsu,stand,matsu
1.57E+15,43,23,8,0,1,9,25,40,matsu,stand,matsu
1.57E+15,30,17,2,-1,2,-4,-12,-45,matsu,stand,matsu
1.57E+15,13,18,5,25,-3,7,18,37,matsu,stand,matsu
1.57E+15,-19,-16,-17,-41,0,2,10,-30,matsu,stand,matsu
1.57E+15,1,-4,-13,-4,-2,-2,-11,-4,matsu,stand,matsu
1.57E+15,-21,-14,8,-15,-3,-6,-24,-57,matsu,stand,matsu
1.57E+15,38,26,5,32,3,11,29,62,matsu,stand,matsu
1.57E+15,-22,-11,-2,-21,-3,-3,-5,-33,matsu,stand,matsu
1.57E+15,-7,-2,-4,6,-2,-4,-9,-11,matsu,stand,matsu
1.57E+15,9,-5,-3,-13,-3,-4,-6,-18,matsu,stand,matsu
1.57E+15,22,7,-1,11,2,5,22,32,matsu,stand,matsu
1.57E+15,-23,-4,-1,-7,-2,-3,-6,-9,matsu,stand,matsu
1.57E+15,7,3,-3,6,-1,-3,-9,-22,matsu,stand,matsu
1.57E+15,25,9,13,-8,2,2,8,12,matsu,stand,matsu
1.57E+15,-10,-12,-6,4,1,3,2,10,matsu,stand,matsu
1.57E+15,-31,-7,-2,-7,-4,-5,-10,-28,matsu,stand,matsu
1.57E+15,23,6,5,9,-1,2,6,27,matsu,stand,matsu
1.57E+15,-2,-6,0,-13,-1,-2,-5,-17,matsu,stand,matsu
1.57E+15,-6,10,3,5,0,3,3,0,matsu,stand,matsu
1.57E+15,-3,-12,-4,-2,-1,0,-3,0,matsu,stand,matsu
1.57E+15,10,1,1,3,1,2,4,12,matsu,stand,matsu
1.57E+15,-6,-2,-3,-6,0,-4,-6,-13,matsu,stand,matsu
1.57E+15,7,4,-3,5,-1,-2,1,6,matsu,stand,matsu
1.57E+15,5,-1,4,0,0,-2,4,7,matsu,stand,matsu
1.57E+15,-2,-1,-5,-1,-2,-3,-2,-1,matsu,stand,matsu
1.57E+15,-6,-7,3,-3,-2,-3,-5,-13,matsu,stand,matsu
1.57E+15,3,10,-3,4,1,3,7,13,matsu,stand,matsu
1.57E+15,12,1,3,-7,0,0,-1,-4,matsu,stand,matsu
1.57E+15,-18,-2,-14,-2,-2,-1,-3,0,matsu,stand,matsu
1.57E+15,-3,-8,-1,-3,0,-3,-2,-5,matsu,stand,matsu
1.57E+15,2,6,3,2,0,0,4,7,matsu,stand,matsu
1.57E+15,-4,0,-5,-2,0,-1,-2,-6,matsu,stand,matsu
1.57E+15,10,6,8,1,-1,-1,-2,3,matsu,stand,matsu
1.57E+15,4,-6,-2,-3,-1,2,1,1,matsu,stand,matsu
1.57E+15,-5,-6,16,0,0,-1,1,1,matsu,stand,matsu
1.57E+15,-3,-1,-58,-3,-3,-3,-3,-8,matsu,stand,matsu
1.57E+15,5,7,2,6,2,1,-1,6,matsu,stand,matsu
1.57E+15,-7,-12,25,-10,-5,-2,-3,-6,matsu,stand,matsu
1.57E+15,-1,7,-6,1,-2,0,1,-2,matsu,stand,matsu
1.57E+15,-6,1,35,0,-1,0,0,0,matsu,stand,matsu
1.57E+15,2,-4,-39,1,0,0,-1,1,matsu,stand,matsu
1.57E+15,4,2,22,0,0,-1,-1,-3,matsu,stand,matsu
1.57E+15,-5,3,6,-1,0,0,0,0,matsu,stand,matsu
1.57E+15,-7,3,14,-6,-1,-2,-1,0,matsu,stand,matsu
1.57E+15,2,3,14,0,-2,-2,-2,-1,matsu,stand,matsu
1.57E+15,1,-1,7,-3,0,-1,-2,-2,matsu,stand,matsu
1.57E+15,0,-2,-19,1,-2,-1,1,2,matsu,stand,matsu
1.57E+15,-5,-2,-14,3,-1,-1,-2,-4,matsu,stand,matsu
1.57E+15,0,-6,19,-12,-2,-1,-2,-2,matsu,stand,matsu
1.57E+15,2,11,-25,5,1,2,-1,2,matsu,stand,matsu
1.57E+15,-4,-8,23,0,-4,-3,-2,1,matsu,stand,matsu
1.57E+15,-1,1,-2,-10,0,1,-1,0,matsu,stand,matsu
1.57E+15,-2,-8,-40,-11,-3,-3,-1,-1,matsu,stand,matsu
1.57E+15,2,2,38,15,-2,-2,0,-1,matsu,stand,matsu
1.57E+15,7,17,71,29,7,4,3,5,matsu,stand,matsu
1.57E+15,-5,-9,-48,-19,-6,-3,-4,-4,matsu,stand,matsu
1.57E+15,-8,-12,56,-34,-5,-3,-2,-4,matsu,stand,matsu
1.57E+15,-6,-16,-30,1,-1,-2,-3,-1,matsu,stand,matsu
1.57E+15,2,2,39,10,1,0,1,-1,matsu,stand,matsu
1.57E+15,-2,4,-64,-6,-2,-3,-2,-2,matsu,stand,matsu
1.57E+15,1,2,10,10,2,0,2,0,matsu,stand,matsu
1.57E+15,1,4,8,3,0,3,0,-1,matsu,stand,matsu
1.57E+15,10,26,14,58,10,6,4,3,matsu,stand,matsu
1.57E+15,-5,-21,26,-53,-9,-4,-1,-4,matsu,stand,matsu
1.57E+15,-6,-7,34,-5,-7,-6,-5,-4,matsu,stand,matsu
1.57E+15,7,-1,34,-2,1,2,-1,-1,matsu,stand,matsu
1.57E+15,-16,-3,-77,-1,-2,0,-2,-2,matsu,stand,matsu
1.57E+15,7,15,46,40,8,5,3,-1,matsu,stand,matsu
1.57E+15,7,1,44,23,1,-3,-1,1,matsu,stand,matsu
1.57E+15,15,5,-38,-22,-1,0,3,18,matsu,stand,matsu
1.57E+15,-5,2,-1,-14,-2,0,-3,-9,matsu,stand,matsu
1.57E+15,-16,-8,-15,-20,-3,-2,-5,-20,matsu,stand,matsu
1.57E+15,-35,-16,-50,2,-2,-1,-3,-5,matsu,stand,matsu
1.57E+15,13,11,-8,14,5,3,9,-7,matsu,stand,matsu
1.57E+15,10,-7,-9,-11,-1,-1,5,62,matsu,stand,matsu
1.57E+15,0,-8,15,1,-1,-5,-20,-64,matsu,stand,matsu
1.57E+15,18,10,31,12,3,2,1,8,matsu,stand,matsu
1.57E+15,19,8,-4,10,1,2,6,10,matsu,stand,matsu
1.57E+15,25,-14,-43,-37,-5,0,7,-11,matsu,stand,matsu
1.57E+15,-47,-5,47,17,-2,-2,0,8,matsu,stand,matsu
1.57E+15,5,-2,-25,18,4,-2,-10,-11,matsu,stand,matsu
1.57E+15,-111,-31,-41,-53,-11,-9,-9,-13,matsu,stand,matsu
1.57E+15,40,21,-12,2,-1,7,17,12,matsu,stand,matsu
1.57E+15,35,-12,0,-2,1,-2,-8,27,matsu,stand,matsu
1.57E+15,49,22,-21,5,3,5,-1,-50,matsu,stand,matsu
1.57E+15,11,7,22,12,4,1,10,35,matsu,stand,matsu
1.57E+15,-100,-10,30,-9,-4,-5,1,55,matsu,stand,matsu
1.57E+15,42,-5,-32,-10,-9,-10,4,32,matsu,stand,matsu
1.57E+15,63,32,-19,27,0,0,15,52,matsu,stand,matsu
1.57E+15,12,-18,11,-13,-1,6,15,79,matsu,stand,matsu
1.57E+15,-71,-82,-19,-32,-16,-37,-88,-111,matsu,stand,matsu
1.57E+15,63,24,22,57,-15,-7,-10,-73,matsu,stand,matsu
1.57E+15,-31,-36,-7,-67,24,-11,-40,-57,matsu,stand,matsu
1.57E+15,124,57,33,13,-5,4,49,100,matsu,stand,matsu
1.57E+15,-53,-32,-20,22,-16,-8,5,94,matsu,stand,matsu
1.57E+15,3,-32,-5,-61,6,6,8,-78,matsu,stand,matsu
1.57E+15,78,32,34,66,-14,1,19,24,matsu,stand,matsu
1.57E+15,110,23,-5,-27,2,-9,-36,47,matsu,stand,matsu
1.57E+15,21,47,-5,-14,6,6,7,-107,matsu,stand,matsu
1.57E+15,-58,-39,25,26,-2,-5,-11,-19,matsu,stand,matsu
1.57E+15,74,6,-19,-12,-3,17,44,107,matsu,stand,matsu
1.57E+15,-79,-34,-58,-3,-7,-12,-23,-38,matsu,stand,matsu
1.57E+15,119,1,30,11,1,0,1,-53,matsu,stand,matsu
1.57E+15,-87,5,-15,-6,5,-2,-6,57,matsu,stand,matsu
1.57E+15,-43,3,-13,-8,0,3,16,-2,matsu,stand,matsu
1.57E+15,-28,1,1,13,-4,-2,-11,-29,matsu,stand,matsu
1.57E+15,29,11,-15,-15,3,6,5,-10,matsu,stand,matsu
1.57E+15,28,33,17,11,12,9,10,10,matsu,stand,matsu
1.57E+15,-38,-20,-14,-6,-6,-2,-5,3,matsu,stand,matsu
1.57E+15,17,3,12,6,1,-1,-6,-18,matsu,stand,matsu
1.57E+15,-24,-3,-1,-10,1,1,0,5,matsu,stand,matsu
1.57E+15,34,9,-3,0,1,6,13,41,matsu,stand,matsu
1.57E+15,1,0,13,-3,-7,-6,-14,-6,matsu,stand,matsu
1.57E+15,-44,-19,-9,-3,1,-3,-13,-81,matsu,stand,matsu
1.57E+15,4,3,-2,-1,-1,4,8,4,matsu,stand,matsu
1.57E+15,0,12,6,8,-1,6,13,51,matsu,stand,matsu
1.57E+15,-6,-8,-9,-12,-4,-7,-16,-14,matsu,stand,matsu
1.57E+15,-4,-11,-1,4,-1,-2,-6,-57,matsu,stand,matsu
1.57E+15,-1,-4,-6,0,0,0,6,22,matsu,stand,matsu
1.57E+15,22,8,6,2,0,0,3,33,matsu,stand,matsu
1.57E+15,-16,-6,-4,-2,-2,0,-6,-11,matsu,stand,matsu
1.57E+15,-15,-10,14,4,1,2,1,-9,matsu,stand,matsu
1.57E+15,11,11,-23,3,3,3,3,27,matsu,stand,matsu
1.57E+15,5,-1,20,-4,-1,0,-1,4,matsu,stand,matsu
1.57E+15,-26,-15,4,-10,-4,-3,-5,-14,matsu,stand,matsu
1.57E+15,-8,-2,2,4,-1,0,0,-17,matsu,stand,matsu
1.57E+15,9,2,17,-3,0,-2,0,5,matsu,stand,matsu
1.57E+15,3,-2,6,3,-1,-1,-2,-5,matsu,stand,matsu
1.57E+15,-17,2,-7,-3,2,-1,0,-5,matsu,stand,matsu
1.57E+15,8,2,38,3,2,1,0,2,matsu,stand,matsu
1.57E+15,11,6,9,0,0,-2,1,5,matsu,stand,matsu
1.57E+15,-4,-2,-22,-2,-2,-3,0,-2,matsu,stand,matsu
1.57E+15,-9,1,12,9,-1,0,1,-8,matsu,stand,matsu
1.57E+15,0,-4,-29,-8,-1,-1,0,23,matsu,stand,matsu
1.57E+15,1,0,11,8,1,0,-2,-8,matsu,stand,matsu
1.57E+15,0,-2,-40,-11,1,0,-1,-5,matsu,stand,matsu
1.57E+15,-8,-4,-2,-8,-2,-2,-4,-5,matsu,stand,matsu
1.57E+15,-2,-2,-7,1,-1,1,-1,-11,matsu,stand,matsu
1.57E+15,3,2,-4,-4,-2,0,0,0,matsu,stand,matsu
1.57E+15,4,6,2,5,-1,0,0,8,matsu,stand,matsu
1.57E+15,-3,0,4,1,2,-2,0,-2,matsu,stand,matsu
1.57E+15,-7,-2,-15,-1,-1,-3,-3,-28,matsu,stand,matsu
1.57E+15,0,1,5,-2,0,-1,-1,3,matsu,stand,matsu
1.57E+15,3,1,4,0,0,-1,-1,-8,matsu,stand,matsu
1.57E+15,-8,-3,-12,-1,0,1,1,-9,matsu,stand,matsu
1.57E+15,-2,3,9,0,-3,-1,-3,8,matsu,stand,matsu
1.57E+15,-5,1,-7,-5,-2,-1,0,0,matsu,stand,matsu
1.57E+15,-1,-1,2,1,-1,-1,-1,2,matsu,stand,matsu
1.57E+15,-5,-2,-2,-2,-1,0,-2,4,matsu,stand,matsu
1.57E+15,3,-2,-8,-1,1,1,-1,-15,matsu,stand,matsu
1.57E+15,3,-2,0,-2,-1,1,-1,0,matsu,stand,matsu
1.57E+15,-6,-4,0,0,-1,-2,-1,15,matsu,stand,matsu
1.57E+15,7,3,6,0,-2,-4,-3,-36,matsu,stand,matsu
1.57E+15,-2,-2,-5,-2,-3,-3,-2,-1,matsu,stand,matsu
1.57E+15,-1,-3,-8,-2,-2,-3,-2,-2,matsu,stand,matsu
1.57E+15,2,1,11,2,-1,0,-1,-10,matsu,stand,matsu
1.57E+15,-3,0,-5,-3,-1,2,0,15,matsu,stand,matsu
1.57E+15,0,-1,-3,0,-2,-1,-2,4,matsu,stand,matsu
1.57E+15,1,0,-2,1,1,-1,0,-6,matsu,stand,matsu
1.57E+15,-2,-6,1,0,-2,-2,-1,3,matsu,stand,matsu
1.57E+15,-2,1,2,-1,-1,0,-1,7,matsu,stand,matsu
1.57E+15,-1,-3,-5,-2,-1,-1,0,-5,matsu,stand,matsu
1.57E+15,0,-1,2,-1,-1,-1,1,6,matsu,stand,matsu
1.57E+15,1,2,-2,0,0,-1,-2,-7,matsu,stand,matsu
1.57E+15,-4,-1,-4,-1,0,-1,-2,0,matsu,stand,matsu
1.57E+15,-2,-1,2,-1,-1,-1,0,-7,matsu,stand,matsu
1.57E+15,3,1,-2,-3,-2,0,-1,3,matsu,stand,matsu
1.57E+15,-2,-4,1,-2,0,-2,0,-1,matsu,stand,matsu
1.57E+15,-2,-6,-1,-1,0,0,-2,-1,matsu,stand,matsu
1.57E+15,-1,1,-1,2,1,-1,0,2,matsu,stand,matsu
1.57E+15,-3,-2,0,-1,-2,0,0,0,matsu,stand,matsu
1.57E+15,1,0,-2,0,-3,-2,-1,-5,matsu,stand,matsu
1.57E+15,-3,0,0,-2,-1,-2,0,5,matsu,stand,matsu
1.57E+15,2,-1,-2,-2,-1,-3,1,-4,matsu,stand,matsu
1.57E+15,-1,-5,-5,-2,-1,-1,-1,-2,matsu,stand,matsu
1.57E+15,0,0,2,0,-1,1,-2,-4,matsu,stand,matsu
1.57E+15,1,1,-2,-2,-2,0,-2,2,matsu,stand,matsu
1.57E+15,-1,-3,-3,-2,-2,-2,1,-1,matsu,stand,matsu
