timestamp,emg1,emg2,emg3,emg4,emg5,emg6,emg7,emg8,performer,situation,gesture
1.57E+15,-1,1,1,-1,-6,-1,0,0,nishio,stand,nishio
1.57E+15,-5,-9,-6,2,-1,-1,-3,-2,nishio,stand,nishio
1.57E+15,-1,5,-2,-2,8,0,-3,-1,nishio,stand,nishio
1.57E+15,0,1,6,-2,4,0,1,0,nishio,stand,nishio
1.57E+15,1,-2,-7,0,-18,-4,-1,-1,nishio,stand,nishio
1.57E+15,0,3,-2,-6,-2,1,-2,-2,nishio,stand,nishio
1.57E+15,-1,-4,1,6,3,0,-2,0,nishio,stand,nishio
1.57E+15,-3,-6,1,-4,1,-1,-1,-1,nishio,stand,nishio
1.57E+15,0,-1,10,-1,-2,3,0,0,nishio,stand,nishio
1.57E+15,16,9,5,0,-13,-8,-3,-1,nishio,stand,nishio
1.57E+15,60,3,-22,0,1,-3,-4,3,nishio,stand,nishio
1.57E+15,3,9,45,-7,20,3,5,9,nishio,stand,nishio
1.57E+15,2,36,14,7,27,7,12,6,nishio,stand,nishio
1.57E+15,87,-79,-10,6,9,18,9,12,nishio,stand,nishio
1.57E+15,-111,73,-31,14,-41,-25,-15,-31,nishio,stand,nishio
1.57E+15,38,-102,-71,-5,50,14,5,14,nishio,stand,nishio
1.57E+15,43,113,69,-13,47,-1,9,72,nishio,stand,nishio
1.57E+15,-106,-103,-92,-45,-73,-26,-31,-103,nishio,stand,nishio
1.57E+15,127,-43,-36,-11,-13,4,5,33,nishio,stand,nishio
1.57E+15,-128,-60,75,-22,24,-9,-22,-100,nishio,stand,nishio
1.57E+15,113,-117,-111,37,45,-42,-50,-76,nishio,stand,nishio
1.57E+15,102,127,127,18,-28,28,25,45,nishio,stand,nishio
1.57E+15,-66,-71,25,-16,-48,-5,0,27,nishio,stand,nishio
1.57E+15,72,12,-47,-14,0,3,9,31,nishio,stand,nishio
1.57E+15,66,-31,0,-5,-13,14,18,37,nishio,stand,nishio
1.57E+15,-115,-38,13,-3,47,-13,-13,-25,nishio,stand,nishio
1.57E+15,112,41,82,8,-11,9,9,-5,nishio,stand,nishio
1.57E+15,-28,70,53,13,-19,2,6,22,nishio,stand,nishio
1.57E+15,-42,-32,-23,0,-20,-4,-3,-19,nishio,stand,nishio
1.57E+15,34,30,-25,-3,-10,2,3,17,nishio,stand,nishio
1.57E+15,11,39,21,-11,37,9,6,7,nishio,stand,nishio
1.57E+15,-30,-13,-67,5,-21,-10,-6,5,nishio,stand,nishio
1.57E+15,-28,-19,-14,-12,-28,0,-2,-12,nishio,stand,nishio
1.57E+15,-27,8,8,9,26,-3,3,16,nishio,stand,nishio
1.57E+15,-28,-7,-16,0,19,3,1,-6,nishio,stand,nishio
1.57E+15,43,13,-10,9,-16,-8,-6,-2,nishio,stand,nishio
1.57E+15,-46,11,18,-7,-17,4,1,-5,nishio,stand,nishio
1.57E+15,6,13,1,5,11,3,5,14,nishio,stand,nishio
1.57E+15,-21,-23,-14,5,15,-5,-7,-16,nishio,stand,nishio
1.57E+15,21,10,-8,1,-23,0,-1,5,nishio,stand,nishio
1.57E+15,-40,-1,24,-2,1,3,1,0,nishio,stand,nishio
1.57E+15,3,-1,-16,-3,3,-8,0,3,nishio,stand,nishio
1.57E+15,-13,-17,-9,-3,3,-1,-2,-9,nishio,stand,nishio
1.57E+15,-3,8,15,14,9,0,0,13,nishio,stand,nishio
1.57E+15,-9,8,-2,-11,-12,1,2,6,nishio,stand,nishio
1.57E+15,16,-1,-6,9,5,-4,-7,-1,nishio,stand,nishio
1.57E+15,-24,0,2,-20,-15,-2,-4,-12,nishio,stand,nishio
1.57E+15,9,9,7,36,45,1,-1,-6,nishio,stand,nishio
1.57E+15,-7,-5,-1,-8,-22,-2,-3,-4,nishio,stand,nishio
1.57E+15,6,5,-11,-25,-4,0,-3,7,nishio,stand,nishio
1.57E+15,-18,-8,7,3,20,3,0,-1,nishio,stand,nishio
1.57E+15,7,0,-2,7,16,0,-1,1,nishio,stand,nishio
1.57E+15,-3,-1,0,-2,-31,-1,0,-4,nishio,stand,nishio
1.57E+15,-7,0,2,16,26,-4,0,1,nishio,stand,nishio
1.57E+15,-7,-6,-7,-10,-24,-5,-2,0,nishio,stand,nishio
1.57E+15,11,5,-5,-7,-17,-3,-2,-2,nishio,stand,nishio
1.57E+15,-8,-4,2,4,19,0,0,0,nishio,stand,nishio
1.57E+15,1,1,2,-3,-20,2,2,2,nishio,stand,nishio
1.57E+15,46,-17,-5,7,21,-7,-5,-3,nishio,stand,nishio
1.57E+15,-10,7,29,-10,13,9,-3,4,nishio,stand,nishio
1.57E+15,55,7,1,-3,25,-14,6,9,nishio,stand,nishio
1.57E+15,59,39,43,-6,-36,21,6,7,nishio,stand,nishio
1.57E+15,-99,-24,42,12,98,-5,-19,-33,nishio,stand,nishio
1.57E+15,107,-9,-49,-26,-92,9,28,37,nishio,stand,nishio
1.57E+15,46,31,75,13,94,-24,-17,1,nishio,stand,nishio
1.57E+15,-92,-31,67,-6,107,31,34,0,nishio,stand,nishio
1.57E+15,-74,-67,-42,-9,-45,-3,-16,-45,nishio,stand,nishio
1.57E+15,-51,54,-36,44,78,-3,-22,-47,nishio,stand,nishio
1.57E+15,63,36,45,-18,-128,-67,-10,72,nishio,stand,nishio
1.57E+15,-56,-70,-111,-45,56,23,29,-66,nishio,stand,nishio
1.57E+15,107,-15,22,37,-47,7,-7,49,nishio,stand,nishio
1.57E+15,64,47,91,-4,105,8,5,44,nishio,stand,nishio
1.57E+15,-62,-123,-125,-4,40,-7,-29,-101,nishio,stand,nishio
1.57E+15,127,79,32,39,4,-19,0,15,nishio,stand,nishio
1.57E+15,121,65,61,-25,-42,2,12,27,nishio,stand,nishio
1.57E+15,91,-28,-46,-12,-40,0,0,1,nishio,stand,nishio
1.57E+15,-2,57,-3,16,1,22,16,31,nishio,stand,nishio
1.57E+15,-53,1,2,-2,-18,-3,-9,13,nishio,stand,nishio
1.57E+15,-57,-6,-44,11,21,14,4,-27,nishio,stand,nishio
1.57E+15,27,30,80,8,-67,-24,-2,9,nishio,stand,nishio
1.57E+15,-84,-20,6,4,19,29,9,-20,nishio,stand,nishio
1.57E+15,-14,-19,-53,10,-17,-6,-19,1,nishio,stand,nishio
1.57E+15,27,28,22,-6,-12,-13,6,13,nishio,stand,nishio
1.57E+15,-63,-20,-11,-18,-3,0,-5,-10,nishio,stand,nishio
1.57E+15,0,-11,-9,-12,-2,19,5,0,nishio,stand,nishio
1.57E+15,35,-9,3,-9,-25,-13,-12,7,nishio,stand,nishio
1.57E+15,-9,20,-1,-6,15,-3,1,8,nishio,stand,nishio
1.57E+15,-30,-25,13,-13,-10,-2,1,-12,nishio,stand,nishio
1.57E+15,-12,-5,-7,-12,3,16,1,-16,nishio,stand,nishio
1.57E+15,29,27,30,8,-22,-20,-12,7,nishio,stand,nishio
1.57E+15,-29,1,9,1,25,4,7,-3,nishio,stand,nishio
1.57E+15,-37,-21,-31,-2,-7,0,-4,-13,nishio,stand,nishio
1.57E+15,34,40,27,3,-13,0,5,-3,nishio,stand,nishio
1.57E+15,-3,-41,2,7,3,-5,-11,17,nishio,stand,nishio
1.57E+15,-4,-35,-24,0,9,1,5,7,nishio,stand,nishio
1.57E+15,-2,-6,-8,-2,-10,-1,-4,-11,nishio,stand,nishio
1.57E+15,0,5,6,6,4,3,-1,10,nishio,stand,nishio
1.57E+15,9,8,6,-3,-5,-4,-4,-12,nishio,stand,nishio
1.57E+15,-9,7,-16,-1,8,3,-1,3,nishio,stand,nishio
1.57E+15,0,12,9,-2,-14,-6,-1,-1,nishio,stand,nishio
1.57E+15,-9,-2,14,0,6,5,-2,0,nishio,stand,nishio
1.57E+15,-5,1,-5,4,-3,-2,-4,-6,nishio,stand,nishio
1.57E+15,8,6,6,0,-2,-4,4,5,nishio,stand,nishio
1.57E+15,-12,-1,-2,1,1,-4,-3,-4,nishio,stand,nishio
1.57E+15,1,-3,5,5,1,7,3,0,nishio,stand,nishio
1.57E+15,6,1,7,7,-8,-4,-1,6,nishio,stand,nishio
1.57E+15,-4,4,10,6,4,-3,-18,-5,nishio,stand,nishio
1.57E+15,-6,-2,11,1,-3,1,20,-3,nishio,stand,nishio
1.57E+15,-1,-6,2,-3,11,-3,-1,-6,nishio,stand,nishio
1.57E+15,5,2,4,-8,-21,-2,-5,6,nishio,stand,nishio
1.57E+15,-6,10,4,-5,9,5,5,-3,nishio,stand,nishio
1.57E+15,-10,-7,-4,1,2,-1,-8,-3,nishio,stand,nishio
1.57E+15,7,1,2,-6,-3,-5,2,4,nishio,stand,nishio
1.57E+15,-1,6,-3,-6,-33,-7,2,-3,nishio,stand,nishio
1.57E+15,-2,1,-6,-3,9,0,-1,-6,nishio,stand,nishio
1.57E+15,0,-4,1,-4,-9,-2,-4,0,nishio,stand,nishio
1.57E+15,2,3,4,0,15,3,2,2,nishio,stand,nishio
1.57E+15,0,11,-6,-2,11,-4,-7,-2,nishio,stand,nishio
1.57E+15,-3,-7,-7,-3,-3,3,2,-5,nishio,stand,nishio
1.57E+15,-4,-3,1,-1,2,-1,-2,1,nishio,stand,nishio
1.57E+15,1,4,2,-3,-10,0,-3,0,nishio,stand,nishio
1.57E+15,-1,4,-5,0,11,1,-3,-4,nishio,stand,nishio
1.57E+15,3,-1,0,-2,-9,-3,1,-1,nishio,stand,nishio
1.57E+15,-3,-3,-6,-3,3,1,-2,-1,nishio,stand,nishio
1.57E+15,-1,2,5,-1,-6,-1,-1,-3,nishio,stand,nishio
1.57E+15,0,1,4,2,0,-2,1,2,nishio,stand,nishio
1.57E+15,-2,3,1,1,1,-2,0,0,nishio,stand,nishio
1.57E+15,-2,-4,4,-1,-1,1,-2,0,nishio,stand,nishio
1.57E+15,-2,-7,-9,-2,-8,0,-2,-1,nishio,stand,nishio
1.57E+15,1,-6,6,1,8,-4,-1,0,nishio,stand,nishio
1.57E+15,-2,-1,-7,0,0,-6,0,0,nishio,stand,nishio
1.57E+15,-2,6,-3,1,-3,-1,-2,-1,nishio,stand,nishio
1.57E+15,1,0,6,-2,-14,-3,-1,0,nishio,stand,nishio
1.57E+15,0,5,6,3,9,3,3,1,nishio,stand,nishio
1.57E+15,1,10,10,2,0,1,4,0,nishio,stand,nishio
1.57E+15,-5,-11,-29,-10,-10,-6,-5,-4,nishio,stand,nishio
1.57E+15,-2,4,4,0,3,1,0,-1,nishio,stand,nishio
1.57E+15,-2,-13,2,3,1,1,-2,-2,nishio,stand,nishio
1.57E+15,2,14,7,-1,-1,-1,-5,-2,nishio,stand,nishio
1.57E+15,-3,2,-3,-2,-3,1,-1,-1,nishio,stand,nishio
1.57E+15,5,10,-7,-3,0,1,5,0,nishio,stand,nishio
1.57E+15,-3,1,4,-1,5,2,-3,0,nishio,stand,nishio
1.57E+15,0,-7,-1,-1,-6,-2,-2,-2,nishio,stand,nishio
1.57E+15,-1,-2,6,1,1,-3,-2,-1,nishio,stand,nishio
1.57E+15,-3,-8,-1,-1,3,0,-1,-2,nishio,stand,nishio
1.57E+15,-2,-11,-4,2,18,-10,-5,1,nishio,stand,nishio
1.57E+15,0,0,-4,-4,-26,8,5,1,nishio,stand,nishio
1.57E+15,1,-2,-1,-1,11,-1,-3,-1,nishio,stand,nishio
1.57E+15,-2,-2,1,0,-28,-7,-2,-1,nishio,stand,nishio
1.57E+15,0,-1,-4,-1,4,-4,-3,-2,nishio,stand,nishio
1.57E+15,-3,-6,-1,0,17,1,2,-1,nishio,stand,nishio
1.57E+15,-4,-10,10,2,2,2,1,0,nishio,stand,nishio
1.57E+15,4,7,2,3,5,2,1,2,nishio,stand,nishio
1.57E+15,-5,14,-12,-4,-3,-1,-4,-2,nishio,stand,nishio
1.57E+15,1,15,1,2,-1,-2,-1,0,nishio,stand,nishio
1.57E+15,3,3,-2,-3,-7,-2,-1,-2,nishio,stand,nishio
1.57E+15,-6,-18,12,3,15,-2,-2,-3,nishio,stand,nishio
1.57E+15,2,-17,6,0,-7,8,3,1,nishio,stand,nishio
1.57E+15,27,85,-1,11,8,2,7,9,nishio,stand,nishio
1.57E+15,81,-27,-50,-7,19,-15,-10,2,nishio,stand,nishio
1.57E+15,-99,-18,2,-12,-4,19,7,-5,nishio,stand,nishio
1.57E+15,105,-37,2,2,-11,0,0,14,nishio,stand,nishio
1.57E+15,19,26,2,14,-18,-11,5,18,nishio,stand,nishio
1.57E+15,-59,-4,58,12,44,-47,-22,-35,nishio,stand,nishio
1.57E+15,-5,76,17,-15,-17,45,22,18,nishio,stand,nishio
1.57E+15,56,36,-69,-16,-14,-8,5,52,nishio,stand,nishio
1.57E+15,-60,64,14,1,32,4,1,15,nishio,stand,nishio
1.57E+15,-36,-72,-90,-30,-52,-23,-34,-74,nishio,stand,nishio
1.57E+15,99,65,65,16,-53,-29,-4,-14,nishio,stand,nishio
1.57E+15,-128,-67,89,22,115,44,-2,-75,nishio,stand,nishio
1.57E+15,127,87,46,25,15,-6,8,89,nishio,stand,nishio
1.57E+15,-78,127,-84,-54,-54,1,-29,-60,nishio,stand,nishio
1.57E+15,61,-56,57,22,118,-2,1,54,nishio,stand,nishio
1.57E+15,42,-28,25,9,-10,8,13,-14,nishio,stand,nishio
1.57E+15,71,-90,-60,-38,22,-1,-5,9,nishio,stand,nishio
1.57E+15,-20,27,52,-5,-6,18,23,27,nishio,stand,nishio
1.57E+15,61,24,-22,-4,-29,-15,-19,5,nishio,stand,nishio
1.57E+15,-91,16,60,-5,-14,-12,3,3,nishio,stand,nishio
1.57E+15,-61,-33,-43,-2,-14,-5,-4,-56,nishio,stand,nishio
1.57E+15,18,-32,5,16,-10,3,10,22,nishio,stand,nishio
1.57E+15,23,0,-48,-30,-33,-8,-5,1,nishio,stand,nishio
1.57E+15,2,6,4,0,5,-3,1,28,nishio,stand,nishio
1.57E+15,-17,-23,17,-8,-17,2,-8,-44,nishio,stand,nishio
1.57E+15,47,7,7,15,-10,14,14,38,nishio,stand,nishio
1.57E+15,-50,-17,2,9,33,1,-1,-8,nishio,stand,nishio
1.57E+15,-10,12,-14,-12,-24,-5,-11,-23,nishio,stand,nishio
1.57E+15,-15,-28,-6,-6,-15,-5,-5,-5,nishio,stand,nishio
1.57E+15,16,11,35,8,19,7,11,23,nishio,stand,nishio
1.57E+15,-53,-44,-24,-1,2,-4,-1,-17,nishio,stand,nishio
1.57E+15,31,25,-31,-10,-19,-12,-8,-1,nishio,stand,nishio
1.57E+15,-26,-19,-6,-11,-13,-2,-2,-8,nishio,stand,nishio
1.57E+15,-3,-34,15,7,23,10,10,20,nishio,stand,nishio
1.57E+15,7,2,-14,-3,-8,-2,-4,-20,nishio,stand,nishio
1.57E+15,24,18,-25,1,-19,-7,-5,8,nishio,stand,nishio
1.57E+15,-27,-26,21,2,17,2,-1,-22,nishio,stand,nishio
1.57E+15,6,0,23,5,7,5,4,17,nishio,stand,nishio
1.57E+15,4,7,-18,-2,-9,-5,-6,-14,nishio,stand,nishio
1.57E+15,7,1,-5,-2,-3,-4,0,15,nishio,stand,nishio
1.57E+15,-33,-34,-2,-1,-2,-2,-8,-18,nishio,stand,nishio
1.57E+15,18,5,1,8,1,1,2,6,nishio,stand,nishio
1.57E+15,-3,2,-16,0,-3,-2,1,-16,nishio,stand,nishio
1.57E+15,-2,14,-11,0,2,-2,-1,13,nishio,stand,nishio
1.57E+15,-2,-7,1,2,-1,3,-2,-14,nishio,stand,nishio
1.57E+15,15,5,6,6,-3,3,7,7,nishio,stand,nishio
1.57E+15,-7,-7,4,3,9,1,0,1,nishio,stand,nishio
1.57E+15,-2,2,4,-5,-7,-3,-1,-14,nishio,stand,nishio
1.57E+15,-3,-8,2,-2,-2,-5,-5,7,nishio,stand,nishio
1.57E+15,5,1,10,1,1,1,0,2,nishio,stand,nishio
1.57E+15,-10,-9,-3,1,0,-2,2,0,nishio,stand,nishio
1.57E+15,6,1,-5,-1,-5,0,-2,-1,nishio,stand,nishio
1.57E+15,-6,-8,-3,-3,-6,-4,-1,4,nishio,stand,nishio
1.57E+15,0,8,2,3,8,2,1,0,nishio,stand,nishio
1.57E+15,1,-2,1,-1,-10,-2,-1,1,nishio,stand,nishio
1.57E+15,4,2,-22,-3,-1,0,-1,-3,nishio,stand,nishio
1.57E+15,-6,-3,3,-1,0,2,0,0,nishio,stand,nishio
1.57E+15,2,-7,4,3,19,0,-3,-3,nishio,stand,nishio
1.57E+15,4,-7,2,-6,-24,1,7,6,nishio,stand,nishio
1.57E+15,-3,-1,4,-3,-20,-3,-2,-6,nishio,stand,nishio
1.57E+15,-9,1,-9,0,7,-3,-5,-1,nishio,stand,nishio
1.57E+15,3,-2,7,-2,-1,5,4,3,nishio,stand,nishio
1.57E+15,-3,-2,-14,-1,8,-2,-4,1,nishio,stand,nishio
1.57E+15,-1,1,10,1,4,-3,-3,-4,nishio,stand,nishio
1.57E+15,3,15,27,0,-1,1,2,0,nishio,stand,nishio
1.57E+15,58,-40,-27,-4,21,-4,-3,-2,nishio,stand,nishio
1.57E+15,-8,40,20,-2,28,2,-3,4,nishio,stand,nishio
1.57E+15,53,44,7,-2,-60,-5,6,11,nishio,stand,nishio
1.57E+15,46,-1,-26,-2,-6,-37,-8,5,nishio,stand,nishio
1.57E+15,-49,-38,-26,-2,-13,29,5,-7,nishio,stand,nishio
1.57E+15,2,81,53,25,-21,-25,6,54,nishio,stand,nishio
1.57E+15,-84,-119,-97,-61,-88,-25,-32,-47,nishio,stand,nishio
1.57E+15,-32,109,53,5,38,-1,19,43,nishio,stand,nishio
1.57E+15,-4,-73,-40,8,-25,13,-11,-17,nishio,stand,nishio
1.57E+15,78,33,20,12,-57,-6,11,15,nishio,stand,nishio
1.57E+15,41,-68,-49,43,12,10,-1,-20,nishio,stand,nishio
1.57E+15,-116,20,-33,-30,15,16,-12,-14,nishio,stand,nishio
1.57E+15,75,-52,-42,-26,-54,-6,-3,16,nishio,stand,nishio
1.57E+15,-128,8,-123,-11,21,-8,-28,-60,nishio,stand,nishio
1.57E+15,127,-15,55,-22,7,-5,13,25,nishio,stand,nishio
1.57E+15,122,20,75,40,86,32,14,9,nishio,stand,nishio
1.57E+15,114,95,22,-21,67,2,15,10,nishio,stand,nishio
1.57E+15,-80,-76,68,-68,-9,-5,1,16,nishio,stand,nishio
1.57E+15,-44,31,28,13,47,6,0,-7,nishio,stand,nishio
1.57E+15,-5,-91,-23,-3,-18,-9,-9,-23,nishio,stand,nishio
1.57E+15,-11,51,48,10,-20,-6,5,9,nishio,stand,nishio
1.57E+15,53,-9,-11,29,-15,4,4,-7,nishio,stand,nishio
1.57E+15,-73,9,-27,-9,10,-3,-2,6,nishio,stand,nishio
1.57E+15,-5,-24,16,-5,-18,8,1,-1,nishio,stand,nishio
1.57E+15,-29,24,1,16,-19,-18,-2,-2,nishio,stand,nishio
1.57E+15,-8,-46,-19,-12,14,11,-6,-8,nishio,stand,nishio
1.57E+15,-25,21,38,8,37,8,1,-1,nishio,stand,nishio
1.57E+15,2,-8,-52,-11,-41,-6,-2,-5,nishio,stand,nishio
1.57E+15,-42,5,12,-5,7,-2,2,0,nishio,stand,nishio
1.57E+15,6,-18,-12,4,19,1,-4,-14,nishio,stand,nishio
1.57E+15,6,28,9,4,1,1,4,19,nishio,stand,nishio
1.57E+15,6,7,-10,5,-28,-2,-1,-1,nishio,stand,nishio
1.57E+15,-35,9,-4,-5,1,-9,-7,-3,nishio,stand,nishio
1.57E+15,27,-4,15,8,17,8,2,-34,nishio,stand,nishio
1.57E+15,9,-38,-4,7,0,-5,4,35,nishio,stand,nishio
1.57E+15,-11,-53,-12,-5,-7,0,-8,-17,nishio,stand,nishio
1.57E+15,-20,14,20,7,12,-1,2,18,nishio,stand,nishio
1.57E+15,18,-8,-29,8,0,0,-4,-29,nishio,stand,nishio
1.57E+15,-6,57,0,5,9,0,1,-6,nishio,stand,nishio
1.57E+15,-16,-32,-15,0,-6,-3,-3,-10,nishio,stand,nishio
1.57E+15,-7,-8,3,3,-6,-4,-2,-1,nishio,stand,nishio
1.57E+15,16,-3,-3,4,-4,-2,3,13,nishio,stand,nishio
1.57E+15,-12,1,-3,1,5,-1,-1,-4,nishio,stand,nishio
1.57E+15,4,5,11,2,-4,-2,-13,11,nishio,stand,nishio
1.57E+15,-3,8,11,4,-3,-7,15,-13,nishio,stand,nishio
1.57E+15,2,-10,6,2,6,8,4,13,nishio,stand,nishio
1.57E+15,-1,3,9,10,29,4,-4,-5,nishio,stand,nishio
1.57E+15,3,11,-6,0,-52,-9,4,-1,nishio,stand,nishio
1.57E+15,-11,-8,1,4,20,-3,-11,-4,nishio,stand,nishio
1.57E+15,0,-15,1,-3,-38,4,0,0,nishio,stand,nishio
1.57E+15,0,13,5,5,52,-19,-4,-5,nishio,stand,nishio
1.57E+15,4,-4,2,-12,-90,16,6,0,nishio,stand,nishio
1.57E+15,64,6,10,-4,57,29,5,15,nishio,stand,nishio
1.57E+15,12,25,35,2,-29,-18,3,6,nishio,stand,nishio
1.57E+15,56,-21,0,6,82,7,-18,-14,nishio,stand,nishio
1.57E+15,-13,-10,4,-54,-68,-48,-10,1,nishio,stand,nishio
1.57E+15,113,42,-39,27,60,-7,-4,46,nishio,stand,nishio
1.57E+15,-59,-11,102,21,102,-3,5,-23,nishio,stand,nishio
1.57E+15,-88,28,-88,-52,-106,9,-2,-49,nishio,stand,nishio
1.57E+15,96,6,78,14,6,18,3,-4,nishio,stand,nishio
1.57E+15,-119,-104,-120,-56,21,-49,-46,-85,nishio,stand,nishio
1.57E+15,117,-81,60,13,48,-4,-32,-40,nishio,stand,nishio
1.57E+15,87,75,113,11,-66,11,41,109,nishio,stand,nishio
1.57E+15,-107,-25,-95,-3,17,-2,-11,-57,nishio,stand,nishio
1.57E+15,45,-49,-72,-34,34,-5,-13,-31,nishio,stand,nishio
1.57E+15,-66,41,31,-15,-64,19,24,35,nishio,stand,nishio
1.57E+15,82,30,29,55,56,-3,-8,-23,nishio,stand,nishio
1.57E+15,127,64,96,41,24,26,36,54,nishio,stand,nishio
1.57E+15,-96,7,94,-6,12,-5,9,32,nishio,stand,nishio
1.57E+15,9,-5,-90,-11,-39,-12,-11,-16,nishio,stand,nishio
1.57E+15,-47,-33,-5,-1,-28,2,0,-14,nishio,stand,nishio
1.57E+15,-24,11,-29,-4,32,-10,-7,19,nishio,stand,nishio
1.57E+15,-34,4,5,14,-36,3,5,-13,nishio,stand,nishio
1.57E+15,-16,0,-40,-7,-4,0,-4,7,nishio,stand,nishio
1.57E+15,-14,9,-15,-15,-21,3,6,13,nishio,stand,nishio
1.57E+15,-32,-26,-34,-11,63,1,-3,-10,nishio,stand,nishio
1.57E+15,2,17,18,6,-44,9,2,-6,nishio,stand,nishio
1.57E+15,18,14,-22,3,-15,5,8,23,nishio,stand,nishio
1.57E+15,-8,-17,-10,-10,25,-9,-9,-7,nishio,stand,nishio
1.57E+15,-26,-13,-25,2,17,-1,-5,-13,nishio,stand,nishio
1.57E+15,69,15,26,11,-48,6,9,15,nishio,stand,nishio
1.57E+15,-73,-12,-16,-7,7,-7,-5,-4,nishio,stand,nishio
1.57E+15,-21,-4,-20,-3,4,-6,-6,-17,nishio,stand,nishio
1.57E+15,-6,-17,2,2,2,1,0,1,nishio,stand,nishio
1.57E+15,16,32,26,6,-28,6,6,5,nishio,stand,nishio
1.57E+15,66,5,-22,-7,25,-1,-2,28,nishio,stand,nishio
1.57E+15,-58,-49,-12,2,-2,-3,-6,-12,nishio,stand,nishio
1.57E+15,6,11,0,8,-2,2,1,-7,nishio,stand,nishio
1.57E+15,62,-9,15,6,-1,-1,-6,-20,nishio,stand,nishio
1.57E+15,-1,12,-12,-2,8,0,1,7,nishio,stand,nishio
1.57E+15,-19,-10,-6,0,1,-3,-21,-1,nishio,stand,nishio
1.57E+15,19,6,-3,0,-19,-5,20,14,nishio,stand,nishio
1.57E+15,-18,3,10,14,5,2,0,3,nishio,stand,nishio
1.57E+15,22,3,-4,5,-12,-4,-2,-2,nishio,stand,nishio
1.57E+15,16,7,18,0,9,-2,2,8,nishio,stand,nishio
1.57E+15,-12,-6,-2,-2,13,-1,-7,-1,nishio,stand,nishio
1.57E+15,-26,6,10,5,9,3,3,-2,nishio,stand,nishio
1.57E+15,-12,2,-1,-3,-28,2,4,2,nishio,stand,nishio
1.57E+15,8,3,1,-6,24,-3,-2,-2,nishio,stand,nishio
1.57E+15,-14,-3,-3,-7,-17,-2,-4,-3,nishio,stand,nishio
1.57E+15,-27,2,14,-4,-23,-4,3,6,nishio,stand,nishio
1.57E+15,18,3,1,-6,25,1,-1,1,nishio,stand,nishio
1.57E+15,9,3,-14,-9,-15,0,3,-7,nishio,stand,nishio
1.57E+15,4,-15,36,2,19,2,-1,3,nishio,stand,nishio
1.57E+15,2,-1,-60,-11,-15,-2,0,6,nishio,stand,nishio
1.57E+15,-4,-3,-10,-2,2,-3,-4,-4,nishio,stand,nishio
1.57E+15,-27,1,11,-2,-7,1,3,-4,nishio,stand,nishio
1.57E+15,-10,3,-7,3,2,-4,-2,1,nishio,stand,nishio
1.57E+15,-8,0,26,2,-3,3,1,8,nishio,stand,nishio
1.57E+15,19,2,-9,-2,6,0,-1,-5,nishio,stand,nishio
1.57E+15,22,-2,-6,-4,-10,1,4,1,nishio,stand,nishio
1.57E+15,-25,5,5,5,18,2,-3,-2,nishio,stand,nishio
1.57E+15,-5,-3,1,1,-18,-8,-3,-3,nishio,stand,nishio
1.57E+15,-2,0,-11,-3,12,2,0,-1,nishio,stand,nishio
1.57E+15,5,0,9,3,-11,-2,0,3,nishio,stand,nishio
1.57E+15,2,0,-3,-1,3,-2,-5,-2,nishio,stand,nishio
1.57E+15,-6,-3,-8,-2,2,2,3,-2,nishio,stand,nishio
1.57E+15,-9,-3,4,0,2,-4,-1,2,nishio,stand,nishio
1.57E+15,7,2,-1,0,-1,0,0,0,nishio,stand,nishio
1.57E+15,3,-2,-13,-4,9,-2,-4,-2,nishio,stand,nishio
1.57E+15,-17,10,21,1,-7,-2,-1,-2,nishio,stand,nishio
1.57E+15,5,-9,-20,-1,2,2,-1,2,nishio,stand,nishio
1.57E+15,4,12,8,-1,-6,0,2,-1,nishio,stand,nishio
1.57E+15,10,-2,-24,-2,-4,-1,-2,2,nishio,stand,nishio
1.57E+15,-6,9,33,1,2,0,-4,-3,nishio,stand,nishio
1.57E+15,-34,-16,-1,-1,-6,-2,-2,-6,nishio,stand,nishio
1.57E+15,5,-4,-14,-2,2,-1,-1,-1,nishio,stand,nishio
1.57E+15,-7,-3,5,1,-1,1,0,1,nishio,stand,nishio
1.57E+15,17,-5,0,1,1,1,1,3,nishio,stand,nishio
1.57E+15,-7,17,0,-6,-3,4,-3,-1,nishio,stand,nishio
1.57E+15,-5,-10,-1,0,-1,-5,-1,-4,nishio,stand,nishio
1.57E+15,1,1,-4,-1,1,5,1,1,nishio,stand,nishio
1.57E+15,-4,-6,3,1,3,1,3,0,nishio,stand,nishio
1.57E+15,8,2,1,-1,-2,-2,1,2,nishio,stand,nishio
1.57E+15,-3,2,-3,1,0,0,-1,-2,nishio,stand,nishio
1.57E+15,2,-4,-3,-2,-1,-1,-2,-1,nishio,stand,nishio
1.57E+15,-8,1,-2,0,0,-2,-2,-1,nishio,stand,nishio
1.57E+15,2,1,0,-1,-3,0,1,-1,nishio,stand,nishio
1.57E+15,3,-3,-3,-2,-6,1,0,-1,nishio,stand,nishio
1.57E+15,-2,-1,3,-1,3,-2,-3,-2,nishio,stand,nishio
1.57E+15,-11,-1,-9,-3,-1,0,-1,-2,nishio,stand,nishio
1.57E+15,8,-1,-3,-1,-2,-2,-2,0,nishio,stand,nishio
1.57E+15,2,-2,3,-1,2,-2,-1,-1,nishio,stand,nishio
1.57E+15,-6,-1,-4,-1,-2,-2,-2,-4,nishio,stand,nishio
1.57E+15,-5,1,5,-1,4,0,-2,-2,nishio,stand,nishio
1.57E+15,8,-2,1,1,-2,-1,2,0,nishio,stand,nishio
1.57E+15,-1,1,-23,-2,-4,-4,-3,-1,nishio,stand,nishio
1.57E+15,-4,2,14,-2,0,3,1,0,nishio,stand,nishio
1.57E+15,-2,2,-19,-6,0,-2,-3,-1,nishio,stand,nishio
1.57E+15,5,-2,15,3,9,1,1,-2,nishio,stand,nishio
1.57E+15,-2,-42,9,2,-2,-4,1,0,nishio,stand,nishio
1.57E+15,15,9,-6,-4,-6,2,1,0,nishio,stand,nishio
1.57E+15,22,-3,-32,-3,13,1,-2,-2,nishio,stand,nishio
1.57E+15,-31,43,-9,-4,-28,-3,-3,3,nishio,stand,nishio
1.57E+15,-10,-32,24,9,14,-3,-3,-3,nishio,stand,nishio
1.57E+15,10,-10,-47,11,66,15,2,4,nishio,stand,nishio
1.57E+15,93,14,81,9,-75,-10,8,17,nishio,stand,nishio
1.57E+15,117,26,19,24,55,0,9,32,nishio,stand,nishio
1.57E+15,-101,-36,-62,-25,6,13,-4,-25,nishio,stand,nishio
1.57E+15,76,34,77,4,-32,-29,-18,-16,nishio,stand,nishio
1.57E+15,73,-6,-56,0,83,15,28,51,nishio,stand,nishio
1.57E+15,-96,33,-67,7,55,-36,-13,-6,nishio,stand,nishio
1.57E+15,7,106,125,51,84,78,57,106,nishio,stand,nishio
1.57E+15,-1,-24,-128,-82,-91,-74,-82,-96,nishio,stand,nishio
1.57E+15,65,-94,125,96,103,52,25,11,nishio,stand,nishio
1.57E+15,-97,80,20,-101,-105,-37,-20,5,nishio,stand,nishio
1.57E+15,122,75,32,45,3,-2,-21,-16,nishio,stand,nishio
1.57E+15,21,-84,-31,3,103,17,45,55,nishio,stand,nishio
1.57E+15,-78,23,-19,-22,-15,-17,-31,-61,nishio,stand,nishio
1.57E+15,110,-77,-55,-4,22,22,28,32,nishio,stand,nishio
1.57E+15,-128,-15,10,-26,5,1,6,-45,nishio,stand,nishio
1.57E+15,2,-49,79,10,-20,-15,-14,-32,nishio,stand,nishio
1.57E+15,55,-3,-56,-11,14,-6,-5,-3,nishio,stand,nishio
1.57E+15,43,-11,-3,20,3,22,7,-7,nishio,stand,nishio
1.57E+15,63,-6,4,-14,-40,-34,-20,-19,nishio,stand,nishio
1.57E+15,-51,2,4,-4,-18,13,14,20,nishio,stand,nishio
1.57E+15,-105,11,29,-21,-11,-7,-2,4,nishio,stand,nishio
1.57E+15,5,-25,-12,1,-10,2,-13,-31,nishio,stand,nishio
1.57E+15,-52,-25,-17,-9,-24,-14,-7,1,nishio,stand,nishio
1.57E+15,-8,14,-39,11,18,15,11,17,nishio,stand,nishio
1.57E+15,-34,35,-15,-10,-30,-9,-5,0,nishio,stand,nishio
1.57E+15,44,1,23,7,-4,2,-6,-9,nishio,stand,nishio
1.57E+15,-3,-25,-34,-11,-5,-14,-5,-5,nishio,stand,nishio
1.57E+15,-17,21,2,9,4,14,11,14,nishio,stand,nishio
1.57E+15,-16,13,-6,-17,-25,-13,-12,-8,nishio,stand,nishio
1.57E+15,-1,-32,18,13,4,3,0,-12,nishio,stand,nishio
1.57E+15,19,-64,-52,-9,10,-3,-1,4,nishio,stand,nishio
1.57E+15,-15,50,22,4,-4,4,1,-3,nishio,stand,nishio
1.57E+15,1,-12,-17,-6,-15,-4,-3,15,nishio,stand,nishio
1.57E+15,-11,-18,17,7,14,3,-2,-2,nishio,stand,nishio
1.57E+15,55,20,-5,-5,-7,-2,7,18,nishio,stand,nishio
1.57E+15,6,13,16,8,-4,1,-5,11,nishio,stand,nishio
1.57E+15,4,1,-24,-1,-9,-4,-2,-10,nishio,stand,nishio
1.57E+15,-32,-2,5,7,4,3,-1,-3,nishio,stand,nishio
1.57E+15,31,22,-7,-2,-6,-10,-7,-13,nishio,stand,nishio
1.57E+15,-5,-8,0,6,-2,3,-14,9,nishio,stand,nishio
1.57E+15,-14,15,-4,-9,-1,-1,18,2,nishio,stand,nishio
1.57E+15,-3,2,8,0,3,0,1,-8,nishio,stand,nishio
1.57E+15,13,-3,-6,-5,-5,-5,-1,4,nishio,stand,nishio
1.57E+15,3,9,7,2,3,3,1,7,nishio,stand,nishio
1.57E+15,-17,3,-8,-2,-7,-5,-12,-6,nishio,stand,nishio
1.57E+15,4,-6,3,2,1,-3,-3,-4,nishio,stand,nishio
1.57E+15,-1,3,-6,-4,-1,-3,-9,-3,nishio,stand,nishio
1.57E+15,-7,3,1,1,-1,2,17,3,nishio,stand,nishio
1.57E+15,-3,-1,1,-7,0,1,8,-4,nishio,stand,nishio
1.57E+15,-8,-7,1,3,-14,-2,-3,3,nishio,stand,nishio
1.57E+15,4,0,1,-3,7,-6,-4,0,nishio,stand,nishio
1.57E+15,11,1,-6,1,1,-2,-8,-3,nishio,stand,nishio
1.57E+15,-22,0,-4,-4,-6,8,-1,1,nishio,stand,nishio
1.57E+15,0,-8,-3,-2,-5,-5,0,-1,nishio,stand,nishio
1.57E+15,9,3,-7,-1,0,-5,-9,-5,nishio,stand,nishio
1.57E+15,-4,2,4,1,5,-4,3,-2,nishio,stand,nishio
1.57E+15,10,18,3,-2,-4,-3,-1,1,nishio,stand,nishio
1.57E+15,-10,-20,-8,-1,9,6,0,-3,nishio,stand,nishio
1.57E+15,-2,8,13,-2,-9,-1,0,-3,nishio,stand,nishio
1.57E+15,2,-12,-8,-1,1,1,5,2,nishio,stand,nishio
1.57E+15,2,5,-3,0,3,-3,-4,2,nishio,stand,nishio
1.57E+15,1,6,10,0,0,-1,-4,-2,nishio,stand,nishio
1.57E+15,-10,-4,-18,-2,-1,-1,4,-2,nishio,stand,nishio
1.57E+15,28,13,17,1,-1,4,6,2,nishio,stand,nishio
1.57E+15,-44,-17,-15,-3,-6,-4,-8,-6,nishio,stand,nishio
1.57E+15,7,4,1,0,3,2,-2,1,nishio,stand,nishio
1.57E+15,-3,-2,-3,-2,-3,-1,1,-2,nishio,stand,nishio
1.57E+15,-2,2,3,-2,-2,-1,-1,0,nishio,stand,nishio
1.57E+15,8,-5,-3,0,-4,-4,-5,-3,nishio,stand,nishio
1.57E+15,-2,-2,-1,1,1,1,1,-1,nishio,stand,nishio
,,,,,,,,,,,
1.57E+15,-3,0,4,-2,-6,1,-1,-2,nishio,stand,nishio
1.57E+15,-3,-7,-4,-2,3,4,0,-2,nishio,stand,nishio
1.57E+15,3,2,2,-1,-1,-2,0,0,nishio,stand,nishio
1.57E+15,-7,-1,-5,-1,0,-6,-3,-2,nishio,stand,nishio
1.57E+15,3,1,0,0,-5,0,2,-1,nishio,stand,nishio
1.57E+15,1,-7,-1,-4,-1,3,3,1,nishio,stand,nishio
1.57E+15,-2,-5,4,2,2,-2,-2,0,nishio,stand,nishio
1.57E+15,5,0,-10,-1,-2,0,-1,-3,nishio,stand,nishio
1.57E+15,40,8,5,0,2,0,-1,0,nishio,stand,nishio
1.57E+15,-46,5,1,0,-2,-3,-3,-4,nishio,stand,nishio
1.57E+15,18,-19,5,1,7,1,-2,-2,nishio,stand,nishio
1.57E+15,-68,12,-13,-3,-13,-6,-1,-4,nishio,stand,nishio
1.57E+15,16,-9,-2,2,0,5,-2,0,nishio,stand,nishio
1.57E+15,61,-4,-7,-4,1,-3,1,0,nishio,stand,nishio
1.57E+15,78,22,22,1,4,-5,-3,3,nishio,stand,nishio
1.57E+15,-52,6,10,0,25,8,0,5,nishio,stand,nishio
1.57E+15,65,-16,-7,-4,-25,-9,1,4,nishio,stand,nishio
1.57E+15,65,15,-11,-8,-27,-4,1,11,nishio,stand,nishio
1.57E+15,-89,8,-3,16,2,-10,-5,-28,nishio,stand,nishio
1.57E+15,127,-13,21,-3,34,19,1,35,nishio,stand,nishio
1.57E+15,30,39,12,-10,68,-4,17,72,nishio,stand,nishio
1.57E+15,-81,69,45,-30,-30,-5,-3,-45,nishio,stand,nishio
1.57E+15,110,-74,-49,8,-66,15,0,19,nishio,stand,nishio
1.57E+15,-128,11,96,27,88,-7,-2,-2,nishio,stand,nishio
1.57E+15,-123,-52,-107,-45,-106,-39,-10,-53,nishio,stand,nishio
1.57E+15,118,-10,87,4,127,4,-27,-47,nishio,stand,nishio
1.57E+15,36,127,104,68,103,43,23,84,nishio,stand,nishio
1.57E+15,38,-85,-116,-63,-126,-92,-34,-32,nishio,stand,nishio
1.57E+15,127,87,127,25,127,44,22,67,nishio,stand,nishio
1.57E+15,-128,-96,0,-35,-49,-6,-4,-40,nishio,stand,nishio
1.57E+15,-29,-12,-62,-22,44,1,-12,-29,nishio,stand,nishio
1.57E+15,123,35,23,38,-54,16,13,22,nishio,stand,nishio
1.57E+15,54,96,61,25,-19,1,4,14,nishio,stand,nishio
1.57E+15,69,-29,-77,3,-34,-1,8,41,nishio,stand,nishio
1.57E+15,65,21,89,1,37,7,10,0,nishio,stand,nishio
1.57E+15,-51,-20,-17,-17,-11,11,9,4,nishio,stand,nishio
1.57E+15,-15,-16,-48,-21,-41,-20,-21,-43,nishio,stand,nishio
1.57E+15,6,34,21,40,16,12,-2,20,nishio,stand,nishio
1.57E+15,-60,-39,-30,-28,-41,-14,2,-4,nishio,stand,nishio
1.57E+15,-20,-1,-42,-6,4,1,-2,-19,nishio,stand,nishio
1.57E+15,-42,-36,-8,9,-18,1,-11,-19,nishio,stand,nishio
1.57E+15,-31,0,-14,12,16,1,12,31,nishio,stand,nishio
1.57E+15,-47,-18,-51,-16,-29,-14,-7,-14,nishio,stand,nishio
1.57E+15,19,5,13,0,-2,6,-2,-6,nishio,stand,nishio
1.57E+15,-27,-13,-4,12,28,12,1,-6,nishio,stand,nishio
1.57E+15,-12,-7,-16,-5,-15,-3,2,8,nishio,stand,nishio
1.57E+15,-20,-9,-16,-19,-21,-17,-9,-18,nishio,stand,nishio
1.57E+15,11,28,24,11,26,14,0,-3,nishio,stand,nishio
1.57E+15,-25,-29,-12,-2,-4,0,0,-5,nishio,stand,nishio
1.57E+15,-6,-3,-25,-4,-7,-9,-5,3,nishio,stand,nishio
1.57E+15,-3,-2,3,-2,-11,-5,-1,-4,nishio,stand,nishio
1.57E+15,1,7,5,3,21,9,10,25,nishio,stand,nishio
1.57E+15,-24,-17,-23,0,-8,-6,-17,-21,nishio,stand,nishio
1.57E+15,7,-11,-1,2,-10,-3,-1,-3,nishio,stand,nishio
1.57E+15,-7,5,1,-2,8,1,-6,1,nishio,stand,nishio
1.57E+15,2,1,-2,-3,3,3,2,-16,nishio,stand,nishio
1.57E+15,-10,-14,-12,-5,-8,-4,3,1,nishio,stand,nishio
1.57E+15,4,12,4,12,10,2,-1,5,nishio,stand,nishio
1.57E+15,-8,-7,-4,-9,-7,-3,1,1,nishio,stand,nishio
1.57E+15,1,0,-9,-4,-2,0,0,-1,nishio,stand,nishio
1.57E+15,-4,-4,-1,2,-2,-3,-6,-8,nishio,stand,nishio
1.57E+15,-3,0,-2,3,5,-1,2,6,nishio,stand,nishio
1.57E+15,-4,-5,-9,-8,-10,-5,0,-6,nishio,stand,nishio
1.57E+15,4,3,14,5,37,-6,-8,-4,nishio,stand,nishio
1.57E+15,2,-5,-5,-3,-9,18,7,3,nishio,stand,nishio
1.57E+15,-11,18,13,3,-6,-6,0,-5,nishio,stand,nishio
1.57E+15,8,-16,-47,0,-32,23,1,3,nishio,stand,nishio
1.57E+15,50,9,21,-16,-2,-5,1,-2,nishio,stand,nishio
1.57E+15,-68,-16,-13,7,4,4,3,-5,nishio,stand,nishio
1.57E+15,10,-16,-8,-1,48,0,2,12,nishio,stand,nishio
1.57E+15,82,56,111,15,87,-28,-14,12,nishio,stand,nishio
1.57E+15,-85,-25,-106,-22,-106,15,1,-20,nishio,stand,nishio
1.57E+15,100,-17,12,6,-7,-19,-1,39,nishio,stand,nishio
1.57E+15,-124,25,-49,-19,9,29,2,-60,nishio,stand,nishio
1.57E+15,-10,-64,-40,13,-78,-3,2,22,nishio,stand,nishio
1.57E+15,62,27,-70,-18,45,-10,-3,-12,nishio,stand,nishio
1.57E+15,-109,67,-36,-21,21,-21,-13,-18,nishio,stand,nishio
1.57E+15,95,-36,78,25,76,-30,-1,41,nishio,stand,nishio
1.57E+15,-92,64,-49,-43,-20,-10,-11,-31,nishio,stand,nishio
1.57E+15,91,-98,31,-5,12,-6,-37,-57,nishio,stand,nishio
1.57E+15,75,54,-35,23,105,44,21,14,nishio,stand,nishio
1.57E+15,-3,-24,95,-2,-28,-4,-2,23,nishio,stand,nishio
1.57E+15,56,56,46,1,20,10,26,32,nishio,stand,nishio
1.57E+15,-48,42,56,13,-2,-4,10,29,nishio,stand,nishio
1.57E+15,54,-20,8,-23,-29,-10,-3,-10,nishio,stand,nishio
1.57E+15,-25,-13,3,5,5,13,0,5,nishio,stand,nishio
1.57E+15,-14,-24,-6,4,-23,-4,1,-3,nishio,stand,nishio
1.57E+15,-63,-15,-30,9,-12,1,-2,-7,nishio,stand,nishio
1.57E+15,1,4,26,5,-17,-1,-2,-7,nishio,stand,nishio
1.57E+15,-15,-2,-61,-6,-42,-5,-4,-9,nishio,stand,nishio
1.57E+15,-54,-25,-32,-5,0,-3,-11,-20,nishio,stand,nishio
1.57E+15,42,38,16,6,20,6,9,22,nishio,stand,nishio
1.57E+15,-63,-44,13,4,-1,-3,-5,-7,nishio,stand,nishio
1.57E+15,18,28,-15,-8,-29,-6,-1,0,nishio,stand,nishio
1.57E+15,24,-22,-18,-6,12,-2,-3,-15,nishio,stand,nishio
1.57E+15,-23,3,39,13,26,7,5,11,nishio,stand,nishio
1.57E+15,7,-3,7,1,-27,-5,-2,-2,nishio,stand,nishio
1.57E+15,5,-2,-40,-4,-15,-1,-6,-13,nishio,stand,nishio
1.57E+15,12,2,14,-2,11,1,-3,-14,nishio,stand,nishio
1.57E+15,-16,2,0,3,-2,-4,5,22,nishio,stand,nishio
1.57E+15,-25,-17,-7,-1,-11,-3,-4,-12,nishio,stand,nishio
1.57E+15,43,35,-18,-4,-2,1,4,4,nishio,stand,nishio
1.57E+15,-25,-24,5,7,17,1,-2,-5,nishio,stand,nishio
1.57E+15,-4,4,8,-1,-4,1,1,-3,nishio,stand,nishio
1.57E+15,10,-12,-10,-3,-5,-3,-2,1,nishio,stand,nishio
1.57E+15,-1,4,-10,2,2,2,1,-9,nishio,stand,nishio
1.57E+15,3,5,3,2,-5,-1,1,12,nishio,stand,nishio
1.57E+15,-9,0,-4,0,-1,-1,0,-1,nishio,stand,nishio
1.57E+15,6,10,18,0,-2,-1,-3,-1,nishio,stand,nishio
1.57E+15,-1,-6,-4,-2,-8,0,-1,0,nishio,stand,nishio
1.57E+15,-10,-8,-4,-2,2,2,0,-7,nishio,stand,nishio
1.57E+15,11,16,10,0,2,2,-13,4,nishio,stand,nishio
1.57E+15,-12,-11,3,0,-1,-4,19,-1,nishio,stand,nishio
1.57E+15,3,1,2,0,-6,-5,-8,1,nishio,stand,nishio
1.57E+15,2,-4,-5,-4,6,2,0,-3,nishio,stand,nishio
1.57E+15,-7,1,10,2,2,-3,-3,0,nishio,stand,nishio
1.57E+15,1,0,1,1,4,-2,-7,-6,nishio,stand,nishio
1.57E+15,0,-7,-6,-4,-10,2,8,-2,nishio,stand,nishio
1.57E+15,6,4,1,2,-2,-2,-2,0,nishio,stand,nishio
1.57E+15,-6,4,-7,0,5,3,4,1,nishio,stand,nishio
1.57E+15,-5,-15,-11,1,-2,-4,-7,-3,nishio,stand,nishio
1.57E+15,5,8,1,-3,16,1,1,2,nishio,stand,nishio
1.57E+15,-5,-3,11,1,-4,-5,-3,-2,nishio,stand,nishio
1.57E+15,0,7,9,-1,3,1,4,0,nishio,stand,nishio
1.57E+15,-3,9,-17,-7,-23,-8,-6,-5,nishio,stand,nishio
1.57E+15,1,-10,3,1,2,1,-7,-2,nishio,stand,nishio
1.57E+15,0,0,4,-1,0,1,3,-1,nishio,stand,nishio
1.57E+15,-2,0,-10,1,0,-2,0,-1,nishio,stand,nishio
1.57E+15,1,4,5,1,5,3,-2,0,nishio,stand,nishio
1.57E+15,-2,-5,0,-1,-10,-1,0,0,nishio,stand,nishio
1.57E+15,1,-3,-4,-2,0,-1,-2,-2,nishio,stand,nishio
1.57E+15,1,1,6,2,8,-3,4,0,nishio,stand,nishio
1.57E+15,-3,-1,4,-2,-11,1,-3,1,nishio,stand,nishio
1.57E+15,-3,-2,-3,-1,0,-4,-3,-1,nishio,stand,nishio
1.57E+15,0,-2,-9,-2,-6,0,0,-2,nishio,stand,nishio
1.57E+15,-1,4,3,1,9,-2,0,0,nishio,stand,nishio
1.57E+15,-2,-29,-8,-2,-4,8,6,0,nishio,stand,nishio
1.57E+15,2,7,1,2,7,0,-3,0,nishio,stand,nishio
1.57E+15,3,-2,-8,-5,-21,-1,0,0,nishio,stand,nishio
1.57E+15,-10,-6,-9,-1,-5,-1,-5,-4,nishio,stand,nishio
1.57E+15,2,7,14,0,15,-5,-3,-2,nishio,stand,nishio
1.57E+15,3,-2,-6,-1,-9,1,2,2,nishio,stand,nishio
1.57E+15,-2,-3,4,2,28,6,-1,0,nishio,stand,nishio
1.57E+15,0,-1,-1,-5,-35,-7,0,-3,nishio,stand,nishio
1.57E+15,0,1,2,2,8,2,-3,0,nishio,stand,nishio
1.57E+15,-4,-1,2,-3,-8,-6,-3,-2,nishio,stand,nishio
1.57E+15,0,1,-3,-1,4,2,-2,-1,nishio,stand,nishio
1.57E+15,-2,-2,0,-1,3,-1,1,-1,nishio,stand,nishio
1.57E+15,-3,8,14,1,0,-1,-2,-2,nishio,stand,nishio
1.57E+15,1,-3,-9,-1,-6,-1,0,0,nishio,stand,nishio
1.57E+15,-3,-4,-18,-2,-2,-1,-2,-2,nishio,stand,nishio
1.57E+15,2,-1,5,0,3,0,0,0,nishio,stand,nishio
1.57E+15,-3,0,-10,-3,-10,2,2,-1,nishio,stand,nishio
1.57E+15,0,0,3,0,2,-4,-1,0,nishio,stand,nishio
1.57E+15,1,0,5,-1,1,-4,0,-1,nishio,stand,nishio
1.57E+15,-1,-2,-2,1,1,0,0,-1,nishio,stand,nishio
1.57E+15,0,0,1,0,-2,0,2,1,nishio,stand,nishio
1.57E+15,-5,-1,1,0,0,0,-2,-2,nishio,stand,nishio
1.57E+15,-1,0,-4,-2,-6,-6,-2,-2,nishio,stand,nishio
1.57E+15,2,3,-1,-2,5,0,0,2,nishio,stand,nishio
1.57E+15,-1,-2,-5,-3,-2,-1,-2,0,nishio,stand,nishio
1.57E+15,0,0,-2,1,-5,0,-1,-1,nishio,stand,nishio
1.57E+15,-1,-2,4,-2,-2,1,1,1,nishio,stand,nishio
1.57E+15,0,-3,-1,-2,-2,0,-1,1,nishio,stand,nishio
1.57E+15,-1,-2,-5,0,1,0,-2,-2,nishio,stand,nishio
1.57E+15,-2,-4,-1,1,5,-4,-2,-2,nishio,stand,nishio
1.57E+15,2,4,5,0,19,5,0,0,nishio,stand,nishio
1.57E+15,5,3,-6,-6,-35,-2,3,0,nishio,stand,nishio
1.57E+15,-13,-2,0,1,14,3,-2,-3,nishio,stand,nishio
1.57E+15,0,-1,-7,-7,-43,-11,-4,-2,nishio,stand,nishio
1.57E+15,20,0,3,4,2,-4,-3,-3,nishio,stand,nishio
1.57E+15,59,-1,13,7,74,12,3,9,nishio,stand,nishio
1.57E+15,106,56,21,-10,-63,-14,1,14,nishio,stand,nishio
1.57E+15,-92,-60,-8,-6,1,-5,-11,-42,nishio,stand,nishio
1.57E+15,86,-2,-14,-9,15,2,3,-1,nishio,stand,nishio
1.57E+15,15,-4,-6,1,-69,-13,-6,3,nishio,stand,nishio
1.57E+15,125,30,60,21,103,5,3,48,nishio,stand,nishio
1.57E+15,-46,56,18,-3,-11,-34,3,32,nishio,stand,nishio
1.57E+15,-128,-73,-64,-7,-70,-1,-24,-82,nishio,stand,nishio
1.57E+15,-98,-16,-47,23,82,18,1,-73,nishio,stand,nishio
1.57E+15,73,-20,-5,41,-2,54,36,57,nishio,stand,nishio
1.57E+15,-61,13,-87,-6,-3,-22,-28,-69,nishio,stand,nishio
1.57E+15,120,80,66,19,-34,-32,-17,15,nishio,stand,nishio
1.57E+15,-93,-93,-34,-49,-90,16,22,20,nishio,stand,nishio
1.57E+15,-128,18,50,-1,36,-22,-20,4,nishio,stand,nishio
1.57E+15,127,70,64,12,111,50,11,18,nishio,stand,nishio
1.57E+15,59,37,60,-4,-25,8,13,12,nishio,stand,nishio
1.57E+15,125,15,-44,3,-11,-16,-6,43,nishio,stand,nishio
1.57E+15,11,-30,-26,-17,9,3,11,15,nishio,stand,nishio
1.57E+15,-27,-18,27,-5,-41,3,7,3,nishio,stand,nishio
1.57E+15,-46,-8,4,-5,27,-9,-5,0,nishio,stand,nishio
1.57E+15,6,24,48,10,22,-1,4,13,nishio,stand,nishio
1.57E+15,-78,-24,-22,-15,-34,-5,-8,-41,nishio,stand,nishio
1.57E+15,3,-17,-30,8,2,-2,-4,-3,nishio,stand,nishio
1.57E+15,-16,5,7,-6,7,6,5,15,nishio,stand,nishio
1.57E+15,-18,12,-4,0,14,-1,-2,6,nishio,stand,nishio
1.57E+15,-34,-7,-40,-1,-26,-12,-10,-41,nishio,stand,nishio
1.57E+15,37,-13,5,-6,-14,1,2,11,nishio,stand,nishio
1.57E+15,-9,-15,-13,3,24,7,8,23,nishio,stand,nishio
1.57E+15,-9,10,19,-21,-13,-7,-9,-14,nishio,stand,nishio
1.57E+15,2,-5,-4,12,-13,-11,-11,-23,nishio,stand,nishio
1.57E+15,30,-6,-3,6,1,4,7,19,nishio,stand,nishio
1.57E+15,-28,-9,-12,-8,6,3,3,5,nishio,stand,nishio
1.57E+15,5,14,11,-10,12,-5,-8,-13,nishio,stand,nishio
1.57E+15,8,-4,-11,-1,-16,-2,-3,-7,nishio,stand,nishio
1.57E+15,2,0,-6,-35,-2,4,3,10,nishio,stand,nishio
1.57E+15,-22,-21,-15,27,4,-3,-3,8,nishio,stand,nishio
1.57E+15,10,14,19,3,-1,-2,-4,-3,nishio,stand,nishio
1.57E+15,1,-40,-22,-5,-5,-3,-7,-5,nishio,stand,nishio
1.57E+15,-13,6,11,7,-7,1,2,15,nishio,stand,nishio
1.57E+15,-7,-28,-5,-12,5,-2,-2,-24,nishio,stand,nishio
1.57E+15,7,16,9,9,6,-1,0,-14,nishio,stand,nishio
1.57E+15,-13,3,-4,-8,-7,-2,-4,-15,nishio,stand,nishio
1.57E+15,11,-5,6,8,-1,-3,-2,-2,nishio,stand,nishio
1.57E+15,0,6,9,-8,0,1,4,12,nishio,stand,nishio
1.57E+15,-5,1,9,11,0,-2,-1,5,nishio,stand,nishio
1.57E+15,-7,3,-5,-4,-6,-3,-4,-12,nishio,stand,nishio
1.57E+15,10,-8,4,-4,-2,0,-1,0,nishio,stand,nishio
1.57E+15,-3,8,-4,-1,5,-2,4,10,nishio,stand,nishio
1.57E+15,1,-4,4,-2,-13,-1,-1,-5,nishio,stand,nishio
1.57E+15,-1,8,5,-10,1,-7,-5,0,nishio,stand,nishio
1.57E+15,6,-6,5,5,25,0,-1,3,nishio,stand,nishio
1.57E+15,-6,-3,-19,-6,-33,7,3,-3,nishio,stand,nishio
1.57E+15,1,0,-2,5,28,1,-4,-1,nishio,stand,nishio
1.57E+15,0,3,-1,-9,-39,-11,1,-1,nishio,stand,nishio
1.57E+15,1,-5,-1,7,16,8,2,-3,nishio,stand,nishio
1.57E+15,-6,-10,-7,1,1,-7,-3,-4,nishio,stand,nishio
1.57E+15,55,3,41,2,31,-4,0,7,nishio,stand,nishio
1.57E+15,16,23,-41,-2,14,4,-1,6,nishio,stand,nishio
1.57E+15,-69,-28,29,-6,9,4,-1,-15,nishio,stand,nishio
1.57E+15,8,17,-30,-19,-35,-3,2,13,nishio,stand,nishio
1.57E+15,-59,-64,-5,-7,-16,-28,-11,-29,nishio,stand,nishio
1.57E+15,104,59,60,-2,-6,33,2,20,nishio,stand,nishio
1.57E+15,-96,57,71,-31,80,-15,0,22,nishio,stand,nishio
1.57E+15,127,69,-41,-6,-28,-32,-17,15,nishio,stand,nishio
1.57E+15,-118,-82,-20,-22,-25,23,-10,-83,nishio,stand,nishio
1.57E+15,84,73,56,-42,5,-31,9,31,nishio,stand,nishio
1.57E+15,-12,52,-24,-5,-3,43,17,55,nishio,stand,nishio
1.57E+15,-82,-101,-7,48,63,-7,-16,-86,nishio,stand,nishio
1.57E+15,115,17,-128,-27,-25,8,1,13,nishio,stand,nishio
1.57E+15,51,64,109,39,75,-18,0,65,nishio,stand,nishio
1.57E+15,-5,-95,-127,-79,-123,-7,-29,-92,nishio,stand,nishio
1.57E+15,86,50,46,26,-37,-9,9,23,nishio,stand,nishio
1.57E+15,101,51,46,1,38,7,13,36,nishio,stand,nishio
1.57E+15,-76,-69,18,46,44,4,-4,-51,nishio,stand,nishio
1.57E+15,82,34,17,31,34,-9,12,52,nishio,stand,nishio
1.57E+15,-81,-38,-13,-1,-7,18,4,-10,nishio,stand,nishio
1.57E+15,-48,-2,16,13,-22,-20,-12,-13,nishio,stand,nishio
1.57E+15,-36,-7,-31,-35,-31,2,3,13,nishio,stand,nishio
1.57E+15,-27,-24,5,16,-35,-6,0,-18,nishio,stand,nishio
1.57E+15,-63,-4,-3,-16,-2,4,-9,-18,nishio,stand,nishio
1.57E+15,26,50,16,9,16,5,9,39,nishio,stand,nishio
1.57E+15,-61,-30,-40,-22,-18,1,-1,-13,nishio,stand,nishio
1.57E+15,12,-23,-11,4,-7,0,-3,-21,nishio,stand,nishio
1.57E+15,32,11,-10,-6,37,7,6,19,nishio,stand,nishio
1.57E+15,-14,21,13,-1,3,-2,3,28,nishio,stand,nishio
1.57E+15,-38,-42,-47,1,-23,4,-5,-33,nishio,stand,nishio
1.57E+15,36,1,0,18,-7,-14,-5,-12,nishio,stand,nishio
1.57E+15,9,21,25,-10,13,4,4,29,nishio,stand,nishio
1.57E+15,-27,-2,12,7,-16,-3,-1,-20,nishio,stand,nishio
1.57E+15,-23,-23,-28,1,-15,-1,-6,-15,nishio,stand,nishio
1.57E+15,51,18,6,19,9,-1,5,15,nishio,stand,nishio
1.57E+15,-13,18,9,-3,10,5,2,-1,nishio,stand,nishio
1.57E+15,-21,-31,-7,1,-4,3,-6,4,nishio,stand,nishio
1.57E+15,12,1,-32,2,4,0,0,-21,nishio,stand,nishio
1.57E+15,16,-5,-4,2,1,-3,0,7,nishio,stand,nishio
1.57E+15,-19,-14,-1,-6,-1,2,2,4,nishio,stand,nishio
1.57E+15,0,17,3,5,-3,-4,-5,-8,nishio,stand,nishio
1.57E+15,1,-4,-1,-6,-8,-2,-1,5,nishio,stand,nishio
1.57E+15,0,-7,8,6,-6,-4,-3,-1,nishio,stand,nishio
1.57E+15,-8,7,7,-4,1,-1,-3,-2,nishio,stand,nishio
1.57E+15,10,17,16,7,9,0,4,15,nishio,stand,nishio
1.57E+15,-14,-24,-8,2,-8,2,2,0,nishio,stand,nishio
1.57E+15,3,15,2,6,8,-6,-4,-8,nishio,stand,nishio
1.57E+15,8,-42,-61,8,17,6,3,9,nishio,stand,nishio
1.57E+15,2,12,14,16,66,3,5,8,nishio,stand,nishio
1.57E+15,103,14,9,-5,-53,-6,-3,1,nishio,stand,nishio
1.57E+15,-86,-16,33,10,37,24,4,-5,nishio,stand,nishio
1.57E+15,-66,32,7,-2,-2,-27,-5,2,nishio,stand,nishio
1.57E+15,91,23,-90,47,89,67,21,39,nishio,stand,nishio
1.57E+15,-119,-6,96,-8,-9,-12,-2,4,nishio,stand,nishio
1.57E+15,92,-80,-43,40,68,-25,-15,-15,nishio,stand,nishio
1.57E+15,-119,25,109,10,-96,4,7,-28,nishio,stand,nishio
1.57E+15,-105,26,57,-68,97,23,6,29,nishio,stand,nishio
1.57E+15,5,-79,36,-23,-97,-95,-54,-61,nishio,stand,nishio
1.57E+15,106,4,110,-3,68,61,35,39,nishio,stand,nishio
1.57E+15,-100,-40,-28,-15,47,-13,-13,-16,nishio,stand,nishio
1.57E+15,-56,-60,-52,-3,-85,0,-8,-39,nishio,stand,nishio
1.57E+15,52,126,85,46,41,33,24,14,nishio,stand,nishio
1.57E+15,-51,-30,-97,-37,-5,-36,-31,13,nishio,stand,nishio
1.57E+15,55,-13,-64,27,4,3,14,32,nishio,stand,nishio
1.57E+15,10,16,49,-18,-44,-11,10,12,nishio,stand,nishio
1.57E+15,-20,-25,-30,-17,28,26,8,5,nishio,stand,nishio
1.57E+15,25,28,10,15,-41,-8,4,1,nishio,stand,nishio
1.57E+15,60,56,79,3,18,18,7,21,nishio,stand,nishio
1.57E+15,-44,-23,-16,6,-52,-26,-14,-21,nishio,stand,nishio
1.57E+15,-28,-41,-65,7,31,9,-2,-10,nishio,stand,nishio
1.57E+15,16,38,24,-6,-37,-8,6,9,nishio,stand,nishio
1.57E+15,-1,-17,-27,-23,-8,0,-7,-12,nishio,stand,nishio
1.57E+15,10,-2,16,1,-7,-18,-12,-18,nishio,stand,nishio
1.57E+15,23,7,-28,-10,19,8,6,15,nishio,stand,nishio
1.57E+15,-50,23,-4,-13,-24,1,0,-10,nishio,stand,nishio
1.57E+15,27,-8,-6,-10,15,3,-7,-4,nishio,stand,nishio
1.57E+15,28,-7,4,3,-11,-11,-3,0,nishio,stand,nishio
1.57E+15,-9,22,-15,4,15,13,7,11,nishio,stand,nishio
1.57E+15,-31,-5,-17,-3,-28,-9,-6,-11,nishio,stand,nishio
1.57E+15,30,-13,-1,2,13,-1,-4,-4,nishio,stand,nishio
1.57E+15,25,13,28,3,-10,-7,-2,-6,nishio,stand,nishio
1.57E+15,-10,-16,-32,-7,-1,2,1,19,nishio,stand,nishio
1.57E+15,-15,5,0,-2,-6,-6,-7,-22,nishio,stand,nishio
1.57E+15,8,14,-14,-8,10,-2,-2,3,nishio,stand,nishio
1.57E+15,-4,24,3,1,-9,-5,-1,0,nishio,stand,nishio
1.57E+15,-16,-13,-18,2,9,1,-3,-13,nishio,stand,nishio
1.57E+15,20,-5,7,6,-9,2,0,2,nishio,stand,nishio
1.57E+15,22,17,27,7,5,-2,-1,5,nishio,stand,nishio
1.57E+15,-15,-11,3,3,10,-6,-19,-5,nishio,stand,nishio
1.57E+15,-3,-8,-7,3,-9,1,19,-3,nishio,stand,nishio
1.57E+15,1,15,17,6,7,12,8,11,nishio,stand,nishio
1.57E+15,1,-9,1,1,-8,-8,-9,-6,nishio,stand,nishio
1.57E+15,2,-2,11,6,12,-2,0,2,nishio,stand,nishio
1.57E+15,5,3,1,-1,8,3,-8,0,nishio,stand,nishio
1.57E+15,-15,3,-5,-3,-6,-6,-1,-4,nishio,stand,nishio
1.57E+15,4,-6,0,-5,12,2,4,-2,nishio,stand,nishio
1.57E+15,14,-5,0,-2,-12,-4,1,2,nishio,stand,nishio
1.57E+15,-8,5,2,-3,3,0,-1,1,nishio,stand,nishio
1.57E+15,-13,-1,-5,-7,-4,-4,-1,-5,nishio,stand,nishio
1.57E+15,12,-6,1,-5,6,6,-2,2,nishio,stand,nishio
1.57E+15,4,4,-6,-5,-31,-8,0,2,nishio,stand,nishio
1.57E+15,-14,-29,-6,-4,0,-1,-5,-6,nishio,stand,nishio
1.57E+15,0,8,3,1,1,-2,-3,-1,nishio,stand,nishio
1.57E+15,10,-1,0,-2,-1,1,0,2,nishio,stand,nishio
1.57E+15,-7,-21,-6,1,0,4,6,1,nishio,stand,nishio
1.57E+15,-6,23,13,0,18,3,0,-5,nishio,stand,nishio
1.57E+15,0,-6,-6,-3,-45,-9,-2,1,nishio,stand,nishio
1.57E+15,5,-5,-3,-1,15,0,-1,0,nishio,stand,nishio
1.57E+15,-3,-1,3,-3,-19,3,5,-1,nishio,stand,nishio
1.57E+15,6,-1,1,1,-3,2,-3,1,nishio,stand,nishio
1.57E+15,6,5,4,-1,23,-3,-4,1,nishio,stand,nishio
1.57E+15,-25,-1,-8,-3,-25,-1,-3,-4,nishio,stand,nishio
1.57E+15,3,-5,-6,-3,25,-6,-4,-2,nishio,stand,nishio
1.57E+15,-3,-1,-14,-1,-6,-1,-3,1,nishio,stand,nishio
1.57E+15,11,2,5,-4,-15,-5,-7,-1,nishio,stand,nishio
1.57E+15,8,-1,4,-1,4,1,18,-1,nishio,stand,nishio
1.57E+15,-3,3,7,1,8,-2,1,1,nishio,stand,nishio
1.57E+15,2,1,-3,0,-2,-1,-3,2,nishio,stand,nishio
1.57E+15,-8,-4,-8,-1,1,-2,0,-2,nishio,stand,nishio
1.57E+15,4,3,9,0,0,0,-10,1,nishio,stand,nishio
1.57E+15,2,16,7,-1,-9,-1,0,0,nishio,stand,nishio
1.57E+15,-3,-1,-17,-6,-3,0,5,-2,nishio,stand,nishio
1.57E+15,-7,2,-5,-1,1,-2,-3,-3,nishio,stand,nishio
1.57E+15,2,-12,-1,0,2,3,2,0,nishio,stand,nishio
1.57E+15,9,7,20,-3,-4,0,2,0,nishio,stand,nishio
1.57E+15,-7,9,-5,-1,-1,-2,-5,-2,nishio,stand,nishio
1.57E+15,-7,-24,-37,-3,11,0,-4,-3,nishio,stand,nishio
1.57E+15,5,2,-3,-1,-17,-4,-1,-1,nishio,stand,nishio
1.57E+15,-5,0,10,2,-4,-2,-1,0,nishio,stand,nishio
1.57E+15,-3,-11,-15,1,4,1,-3,-3,nishio,stand,nishio
1.57E+15,-1,6,18,2,13,0,2,-1,nishio,stand,nishio
1.57E+15,5,1,-3,-2,-25,-4,1,1,nishio,stand,nishio
1.57E+15,-3,-10,0,2,2,-4,-6,0,nishio,stand,nishio
1.57E+15,-4,0,12,-1,1,-4,-2,-1,nishio,stand,nishio
1.57E+15,1,6,-1,-4,-12,2,4,2,nishio,stand,nishio
1.57E+15,0,-5,-4,-4,6,-3,-4,-1,nishio,stand,nishio
1.57E+15,-2,1,-4,1,1,2,1,-1,nishio,stand,nishio
1.57E+15,-1,4,4,0,2,1,0,1,nishio,stand,nishio
1.57E+15,0,2,0,-1,-5,0,1,0,nishio,stand,nishio
1.57E+15,3,-5,-3,-2,6,6,-1,-1,nishio,stand,nishio
1.57E+15,-4,-6,7,-3,-7,-5,-3,-3,nishio,stand,nishio
1.57E+15,2,-4,-6,-1,4,-2,0,1,nishio,stand,nishio
1.57E+15,-6,14,-12,-3,-3,-2,-3,-1,nishio,stand,nishio
1.57E+15,0,2,1,1,5,-3,-2,1,nishio,stand,nishio
1.57E+15,0,-5,-15,-2,1,1,-1,0,nishio,stand,nishio
1.57E+15,-1,-4,35,2,-5,1,0,-1,nishio,stand,nishio
1.57E+15,3,14,-11,3,0,-1,1,1,nishio,stand,nishio
1.57E+15,-2,-16,-55,-3,9,-1,-4,-1,nishio,stand,nishio
1.57E+15,-1,7,-62,25,-3,0,0,-2,nishio,stand,nishio
1.57E+15,-3,-9,14,-4,-1,-3,-1,0,nishio,stand,nishio
1.57E+15,-2,-16,31,5,10,5,4,1,nishio,stand,nishio
1.57E+15,5,5,-7,-1,-4,3,2,0,nishio,stand,nishio
1.57E+15,-8,-23,-31,-10,1,-6,-5,-3,nishio,stand,nishio
1.57E+15,0,-8,-22,13,-4,5,5,1,nishio,stand,nishio
1.57E+15,1,-8,8,8,-3,-6,-1,-1,nishio,stand,nishio
1.57E+15,10,13,118,2,12,11,7,3,nishio,stand,nishio
1.57E+15,76,38,32,-27,28,-7,-6,4,nishio,stand,nishio
1.57E+15,-62,-3,88,-24,-9,-7,-5,-3,nishio,stand,nishio
1.57E+15,45,33,29,10,-15,-27,-7,8,nishio,stand,nishio
1.57E+15,-43,-4,56,-24,-44,29,22,35,nishio,stand,nishio
1.57E+15,-73,68,87,-4,-83,-25,-17,-49,nishio,stand,nishio
1.57E+15,127,27,-87,17,117,33,9,72,nishio,stand,nishio
1.57E+15,-128,-108,-10,-32,-107,-25,-19,-89,nishio,stand,nishio
1.57E+15,127,82,-61,79,127,22,13,44,nishio,stand,nishio
1.57E+15,-103,91,109,-9,-23,23,42,87,nishio,stand,nishio
1.57E+15,-2,-98,-124,0,2,-18,-49,-116,nishio,stand,nishio
1.57E+15,118,-14,53,-3,27,-23,-15,-3,nishio,stand,nishio
1.57E+15,36,51,65,1,40,-3,8,60,nishio,stand,nishio
1.57E+15,-39,-128,-82,-42,-34,-3,-27,-105,nishio,stand,nishio
1.57E+15,89,78,127,39,-19,12,29,38,nishio,stand,nishio
1.57E+15,85,73,76,-24,-4,7,2,28,nishio,stand,nishio
1.57E+15,45,8,-13,-39,-49,2,1,-1,nishio,stand,nishio
1.57E+15,54,-9,39,22,56,-2,7,30,nishio,stand,nishio
1.57E+15,-71,-47,28,-30,-6,-21,-5,-4,nishio,stand,nishio
1.57E+15,-71,89,69,-10,-86,-19,-14,-29,nishio,stand,nishio
1.57E+15,69,16,2,16,34,13,-4,-28,nishio,stand,nishio
1.57E+15,-77,-99,-128,-24,-73,-21,-5,-7,nishio,stand,nishio
1.57E+15,95,16,81,7,22,15,-5,-19,nishio,stand,nishio
1.57E+15,20,54,60,39,35,23,24,52,nishio,stand,nishio
1.57E+15,-63,-43,-6,-12,-43,-34,-20,-28,nishio,stand,nishio
1.57E+15,22,-10,-28,7,51,9,-2,-5,nishio,stand,nishio
1.57E+15,-21,4,-45,8,-32,-4,8,10,nishio,stand,nishio
1.57E+15,-21,-7,-61,-6,26,15,8,27,nishio,stand,nishio
1.57E+15,-71,-28,61,-14,-8,-13,-9,-27,nishio,stand,nishio
1.57E+15,49,-15,-65,22,11,3,-2,-2,nishio,stand,nishio
1.57E+15,-9,22,9,-10,-5,-4,7,19,nishio,stand,nishio
1.57E+15,-21,-28,-83,7,40,13,3,-1,nishio,stand,nishio
1.57E+15,-33,-60,-78,-1,-23,-11,-11,-30,nishio,stand,nishio
1.57E+15,40,53,122,22,37,6,4,23,nishio,stand,nishio
1.57E+15,-34,12,-67,-14,-32,-13,-4,1,nishio,stand,nishio
1.57E+15,-16,-39,-19,-9,13,11,1,-6,nishio,stand,nishio
1.57E+15,6,-11,22,1,-11,-9,-8,-13,nishio,stand,nishio
1.57E+15,87,-6,14,-4,-2,-2,1,20,nishio,stand,nishio
1.57E+15,-74,-10,-29,-7,-10,-4,-4,-12,nishio,stand,nishio
1.57E+15,24,-9,-8,11,15,4,-2,-11,nishio,stand,nishio
1.57E+15,9,12,-2,-1,2,-6,-3,5,nishio,stand,nishio
1.57E+15,12,7,31,3,10,4,3,1,nishio,stand,nishio
1.57E+15,14,-9,5,-9,-12,-2,0,0,nishio,stand,nishio
1.57E+15,7,-6,14,8,19,4,3,10,nishio,stand,nishio
1.57E+15,-27,1,-23,-8,-10,-8,-4,-9,nishio,stand,nishio
1.57E+15,3,1,-20,-5,-2,3,-1,1,nishio,stand,nishio
1.57E+15,-6,-6,13,1,-5,0,1,2,nishio,stand,nishio
1.57E+15,-16,4,-34,-3,5,-3,-1,2,nishio,stand,nishio
1.57E+15,-3,-8,-16,0,1,-5,-3,-5,nishio,stand,nishio
1.57E+15,-16,-3,10,3,12,-6,-4,-4,nishio,stand,nishio
1.57E+15,-8,20,26,1,-4,14,4,5,nishio,stand,nishio
1.57E+15,-3,-15,-27,-3,-4,-4,1,0,nishio,stand,nishio
1.57E+15,-4,-22,-33,-3,-1,-4,-7,-7,nishio,stand,nishio
1.57E+15,7,25,26,7,13,-3,-3,4,nishio,stand,nishio
1.57E+15,21,-26,-8,-2,-5,-3,-2,1,nishio,stand,nishio
1.57E+15,98,14,6,-5,11,1,-1,-2,nishio,stand,nishio
1.57E+15,-87,-23,3,0,-4,7,2,-6,nishio,stand,nishio
1.57E+15,24,17,39,3,-4,-1,-2,-7,nishio,stand,nishio
1.57E+15,4,3,-3,2,2,-8,-4,4,nishio,stand,nishio
1.57E+15,20,-21,-17,-1,2,8,0,3,nishio,stand,nishio
1.57E+15,-12,2,-5,-3,-1,-7,-3,2,nishio,stand,nishio
1.57E+15,-7,5,13,4,-1,3,1,1,nishio,stand,nishio
1.57E+15,-12,0,14,-1,5,-1,-1,-4,nishio,stand,nishio
1.57E+15,-23,-4,-8,-7,-19,0,2,2,nishio,stand,nishio
1.57E+15,16,14,33,2,1,-6,-2,-5,nishio,stand,nishio
1.57E+15,-28,-22,-38,-5,-20,1,0,1,nishio,stand,nishio
1.57E+15,0,18,7,1,6,-5,4,-1,nishio,stand,nishio
1.57E+15,-18,-5,1,1,12,2,0,3,nishio,stand,nishio
1.57E+15,13,2,-2,-2,-1,0,-3,-2,nishio,stand,nishio
1.57E+15,11,12,7,0,-2,-5,-3,0,nishio,stand,nishio
1.57E+15,-4,-33,-14,-3,2,-2,-2,0,nishio,stand,nishio
1.57E+15,-23,-5,-2,0,6,4,0,-3,nishio,stand,nishio
1.57E+15,14,7,7,0,-8,-2,2,1,nishio,stand,nishio
1.57E+15,3,-6,-1,-1,8,3,-1,1,nishio,stand,nishio
1.57E+15,-11,11,10,-2,-3,-8,-4,-1,nishio,stand,nishio
1.57E+15,-17,-9,-2,-2,0,7,4,-1,nishio,stand,nishio
1.57E+15,12,-2,-3,-2,-4,0,-2,2,nishio,stand,nishio
,,,,,,,,,,,
1.57E+15,-3,-4,-3,0,2,-1,0,-1,nishio,stand,nishio
1.57E+15,1,2,0,-1,-3,0,0,0,nishio,stand,nishio
1.57E+15,-2,-2,-5,-2,0,-1,0,1,nishio,stand,nishio
1.57E+15,-2,1,0,0,0,2,0,-2,nishio,stand,nishio
1.57E+15,-1,1,-2,0,1,-4,-2,-1,nishio,stand,nishio
1.57E+15,-1,0,-2,-1,4,1,-1,-3,nishio,stand,nishio
1.57E+15,0,0,3,-3,-8,-2,4,0,nishio,stand,nishio
1.57E+15,-3,-5,1,-2,2,-2,-3,-1,nishio,stand,nishio
1.57E+15,-2,-4,-11,0,-8,-3,-4,-2,nishio,stand,nishio
1.57E+15,-3,2,4,-1,-1,1,-3,-2,nishio,stand,nishio
1.57E+15,-1,-2,-9,-3,6,7,-1,0,nishio,stand,nishio
1.57E+15,-3,3,6,-2,-1,-2,-1,1,nishio,stand,nishio
1.57E+15,1,2,12,0,1,-1,0,-1,nishio,stand,nishio
1.57E+15,1,-1,-7,-1,9,-3,0,0,nishio,stand,nishio
1.57E+15,-2,-2,-7,-4,-30,-9,-4,-2,nishio,stand,nishio
1.57E+15,0,0,0,0,4,2,1,-1,nishio,stand,nishio
1.57E+15,-2,-1,-3,-2,4,4,-1,-1,nishio,stand,nishio
1.57E+15,0,-2,5,-1,-12,-3,1,-2,nishio,stand,nishio
1.57E+15,9,11,14,3,22,1,-2,0,nishio,stand,nishio
1.57E+15,39,-3,-3,-1,-17,0,2,2,nishio,stand,nishio
1.57E+15,-81,-12,-17,-1,23,4,-1,-3,nishio,stand,nishio
1.57E+15,6,5,5,-3,-28,0,3,2,nishio,stand,nishio
1.57E+15,-33,-27,-19,-3,-12,-1,-2,-2,nishio,stand,nishio
1.57E+15,108,41,37,3,21,-2,-2,4,nishio,stand,nishio
1.57E+15,-35,19,44,4,-21,6,10,22,nishio,stand,nishio
1.57E+15,-101,50,-44,-12,12,3,-4,-9,nishio,stand,nishio
1.57E+15,-10,-58,-17,3,19,7,-6,-31,nishio,stand,nishio
1.57E+15,48,12,-26,24,64,-8,-3,15,nishio,stand,nishio
1.57E+15,-61,96,47,-9,-56,33,10,10,nishio,stand,nishio
1.57E+15,27,-56,-55,1,-69,-59,-25,-4,nishio,stand,nishio
1.57E+15,-14,96,113,-2,26,41,31,85,nishio,stand,nishio
1.57E+15,-128,-97,-111,-23,-79,-35,-42,-120,nishio,stand,nishio
1.57E+15,127,-63,98,36,-38,-3,5,-11,nishio,stand,nishio
1.57E+15,-99,31,-87,-43,2,-14,1,56,nishio,stand,nishio
1.57E+15,-56,-6,23,16,14,-18,-44,-97,nishio,stand,nishio
1.57E+15,92,56,42,13,53,5,27,74,nishio,stand,nishio
1.57E+15,40,-16,-102,-38,-99,-29,-22,-3,nishio,stand,nishio
1.57E+15,39,-74,21,51,99,40,10,-18,nishio,stand,nishio
1.57E+15,98,29,3,-11,-14,-10,14,39,nishio,stand,nishio
1.57E+15,-56,-4,35,-9,2,5,-2,-8,nishio,stand,nishio
1.57E+15,28,-17,-4,6,53,-3,6,-11,nishio,stand,nishio
1.57E+15,19,29,52,0,13,9,8,7,nishio,stand,nishio
1.57E+15,17,-7,-51,-10,-19,-12,-2,5,nishio,stand,nishio
1.57E+15,-71,-6,14,6,-9,12,5,-7,nishio,stand,nishio
1.57E+15,-11,-13,-33,-4,24,-12,-8,8,nishio,stand,nishio
1.57E+15,4,1,7,-3,-23,3,1,0,nishio,stand,nishio
1.57E+15,-21,-3,-7,1,-1,-6,-4,-14,nishio,stand,nishio
1.57E+15,0,-10,1,-7,-24,0,1,9,nishio,stand,nishio
1.57E+15,-17,12,-8,-2,36,5,3,-1,nishio,stand,nishio
1.57E+15,16,2,28,-5,-8,1,-2,-14,nishio,stand,nishio
1.57E+15,7,-20,-10,5,-3,-1,1,-1,nishio,stand,nishio
1.57E+15,-9,9,4,-2,4,6,1,12,nishio,stand,nishio
1.57E+15,-22,-8,-21,-4,16,-4,-5,-4,nishio,stand,nishio
1.57E+15,15,4,20,7,0,4,2,-15,nishio,stand,nishio
1.57E+15,0,-10,-18,-3,-5,-5,0,8,nishio,stand,nishio
1.57E+15,-17,-2,-10,-8,-12,0,0,9,nishio,stand,nishio
1.57E+15,-10,3,0,0,16,-2,-3,-10,nishio,stand,nishio
1.57E+15,15,-5,10,-1,-10,-1,-1,-1,nishio,stand,nishio
1.57E+15,-7,3,-7,-1,4,-1,3,1,nishio,stand,nishio
1.57E+15,-6,-2,2,-3,-3,0,0,0,nishio,stand,nishio
1.57E+15,5,-6,-3,2,11,-1,-3,-4,nishio,stand,nishio
1.57E+15,8,5,10,0,2,1,-1,1,nishio,stand,nishio
1.57E+15,-10,-7,-12,-4,-4,0,-2,-5,nishio,stand,nishio
1.57E+15,-4,2,2,0,0,2,2,10,nishio,stand,nishio
1.57E+15,-1,-2,-8,0,7,-3,0,6,nishio,stand,nishio
1.57E+15,1,0,0,0,-6,-1,-1,-3,nishio,stand,nishio
1.57E+15,-4,1,0,-1,-1,-3,-2,-1,nishio,stand,nishio
1.57E+15,0,-3,1,-1,-5,-2,2,-5,nishio,stand,nishio
1.57E+15,-5,3,1,-1,9,-2,1,-1,nishio,stand,nishio
1.57E+15,5,-1,14,-2,-5,1,-2,-2,nishio,stand,nishio
1.57E+15,-1,-6,-5,2,1,2,1,-3,nishio,stand,nishio
1.57E+15,-4,2,-2,-3,-1,-1,-4,-1,nishio,stand,nishio
1.57E+15,-4,7,5,-2,8,-3,-1,-1,nishio,stand,nishio
1.57E+15,7,10,5,2,-5,2,2,-3,nishio,stand,nishio
1.57E+15,-1,-12,4,1,23,0,-3,2,nishio,stand,nishio
1.57E+15,-5,-6,-10,-2,-36,-7,-2,0,nishio,stand,nishio
1.57E+15,70,14,17,-1,0,-3,-1,5,nishio,stand,nishio
1.57E+15,106,34,52,8,23,-2,4,9,nishio,stand,nishio
1.57E+15,-93,-17,-28,-15,-57,5,8,3,nishio,stand,nishio
1.57E+15,86,-51,-50,5,37,-8,-13,-5,nishio,stand,nishio
1.57E+15,3,17,47,16,96,-5,-7,16,nishio,stand,nishio
1.57E+15,36,17,46,-3,-81,35,23,12,nishio,stand,nishio
1.57E+15,-45,10,-31,-4,29,-48,-14,12,nishio,stand,nishio
1.57E+15,105,-39,44,11,82,38,22,20,nishio,stand,nishio
1.57E+15,-128,-124,-101,-66,-111,-43,-24,-103,nishio,stand,nishio
1.57E+15,57,76,87,-9,127,29,1,1,nishio,stand,nishio
1.57E+15,56,52,-87,45,-26,13,-18,-6,nishio,stand,nishio
1.57E+15,32,-3,45,-44,-77,-5,7,69,nishio,stand,nishio
1.57E+15,122,97,-89,0,6,10,15,33,nishio,stand,nishio
1.57E+15,-128,-92,81,-24,-9,-29,-16,-38,nishio,stand,nishio
1.57E+15,127,-6,-90,-20,13,8,17,-6,nishio,stand,nishio
1.57E+15,44,44,114,1,6,-1,12,21,nishio,stand,nishio
1.57E+15,79,62,113,31,29,16,12,34,nishio,stand,nishio
1.57E+15,-16,2,-50,-12,-72,-20,-5,8,nishio,stand,nishio
1.57E+15,-28,-4,49,6,20,-4,-8,-1,nishio,stand,nishio
1.57E+15,-93,-8,-32,16,-1,-7,-13,-35,nishio,stand,nishio
1.57E+15,-62,-20,-25,-12,-22,1,4,-2,nishio,stand,nishio
1.57E+15,-28,-20,-87,17,2,-9,-11,-16,nishio,stand,nishio
1.57E+15,-37,-23,50,1,8,11,5,-6,nishio,stand,nishio
1.57E+15,-41,19,-37,-1,-1,1,0,-14,nishio,stand,nishio
1.57E+15,-20,-18,0,2,-19,0,-5,-2,nishio,stand,nishio
1.57E+15,9,-10,-33,-3,7,3,2,8,nishio,stand,nishio
1.57E+15,28,2,33,0,-2,5,2,8,nishio,stand,nishio
1.57E+15,-30,19,-21,-7,-25,-9,-6,-15,nishio,stand,nishio
1.57E+15,0,-10,-3,6,15,3,-6,-3,nishio,stand,nishio
1.57E+15,5,-14,-21,7,2,-7,-3,-1,nishio,stand,nishio
1.57E+15,-2,-2,18,-11,-8,-2,2,-1,nishio,stand,nishio
1.57E+15,-27,2,-20,6,5,-5,-7,-20,nishio,stand,nishio
1.57E+15,-17,-13,13,2,5,6,2,-1,nishio,stand,nishio
1.57E+15,8,0,-22,1,0,-3,1,6,nishio,stand,nishio
1.57E+15,1,-5,19,-3,-11,-2,-2,-3,nishio,stand,nishio
1.57E+15,-14,5,-6,-2,3,0,-4,-11,nishio,stand,nishio
1.57E+15,6,-2,0,3,2,2,-2,15,nishio,stand,nishio
1.57E+15,5,1,-17,-3,-14,-3,-1,7,nishio,stand,nishio
1.57E+15,-1,1,4,0,7,-3,-3,-6,nishio,stand,nishio
1.57E+15,-10,0,-3,3,0,-2,0,-4,nishio,stand,nishio
1.57E+15,-4,-3,-3,-1,-4,-1,0,-2,nishio,stand,nishio
1.57E+15,-3,-3,-12,3,1,-4,-5,-6,nishio,stand,nishio
1.57E+15,-6,-4,11,-1,-1,0,-2,3,nishio,stand,nishio
1.57E+15,-6,0,-12,-1,-2,-4,2,-3,nishio,stand,nishio
1.57E+15,-4,-5,11,1,4,4,3,-2,nishio,stand,nishio
1.57E+15,1,-2,2,1,4,3,2,-1,nishio,stand,nishio
1.57E+15,7,1,17,-3,-7,-5,12,1,nishio,stand,nishio
1.57E+15,-6,4,-4,-1,1,4,-5,-3,nishio,stand,nishio
1.57E+15,-2,-1,2,2,6,-5,0,0,nishio,stand,nishio
1.57E+15,-1,-2,-7,1,4,3,-6,-1,nishio,stand,nishio
1.57E+15,-2,-3,8,-5,12,4,0,-2,nishio,stand,nishio
1.57E+15,-5,2,-5,3,13,-7,-1,-4,nishio,stand,nishio
1.57E+15,-4,-4,0,-2,-35,0,-3,1,nishio,stand,nishio
1.57E+15,1,-2,-2,-2,10,4,2,-1,nishio,stand,nishio
1.57E+15,-1,-2,-3,1,14,-4,-3,0,nishio,stand,nishio
1.57E+15,-5,9,3,-4,-22,4,0,-1,nishio,stand,nishio
1.57E+15,1,-13,2,5,18,0,-1,-2,nishio,stand,nishio
1.57E+15,-3,2,4,-3,-2,-7,-2,-3,nishio,stand,nishio
1.57E+15,3,-2,2,0,-2,-1,-1,2,nishio,stand,nishio
1.57E+15,-3,-13,-10,0,6,-6,-5,-3,nishio,stand,nishio
1.57E+15,-1,10,3,-2,-13,-3,0,-3,nishio,stand,nishio
1.57E+15,0,-4,-4,0,-8,1,1,-1,nishio,stand,nishio
1.57E+15,-3,-2,12,-1,14,0,-6,-2,nishio,stand,nishio
1.57E+15,-1,9,14,-3,-12,-3,-1,0,nishio,stand,nishio
1.57E+15,-3,-9,-17,-5,3,0,-3,-3,nishio,stand,nishio
1.57E+15,3,-2,-3,0,-2,0,-1,1,nishio,stand,nishio
1.57E+15,-1,6,3,-2,-12,-6,-4,-2,nishio,stand,nishio
1.57E+15,-4,-6,-4,0,19,3,0,-2,nishio,stand,nishio
1.57E+15,-2,4,8,-2,-22,-2,1,-2,nishio,stand,nishio
1.57E+15,0,-5,-8,1,1,-7,-4,0,nishio,stand,nishio
1.57E+15,0,-2,-3,-2,-9,4,4,0,nishio,stand,nishio
1.57E+15,-2,2,4,1,4,-3,-2,-1,nishio,stand,nishio
1.57E+15,-2,-5,-3,-2,15,12,2,1,nishio,stand,nishio
1.57E+15,-1,4,1,-1,-12,-5,-3,0,nishio,stand,nishio
1.57E+15,-1,-5,-3,-1,-7,-1,-2,1,nishio,stand,nishio
1.57E+15,-1,6,-3,0,-1,-2,-1,0,nishio,stand,nishio
1.57E+15,-2,-29,5,0,5,-2,-1,0,nishio,stand,nishio
1.57E+15,-2,7,-22,-3,-4,-2,-2,-1,nishio,stand,nishio
1.57E+15,-2,-1,6,-1,-2,2,2,-1,nishio,stand,nishio
1.57E+15,-1,4,0,0,-6,-3,-4,-1,nishio,stand,nishio
1.57E+15,-1,1,3,1,12,-3,-3,1,nishio,stand,nishio
1.57E+15,-2,1,9,0,2,-1,-1,-3,nishio,stand,nishio
1.57E+15,0,0,7,0,-15,-1,-3,-1,nishio,stand,nishio
1.57E+15,-1,6,-8,0,20,-2,-5,-3,nishio,stand,nishio
1.57E+15,-3,-1,-7,-9,-41,-2,1,-1,nishio,stand,nishio
1.57E+15,-2,-9,-12,-2,8,-3,0,-1,nishio,stand,nishio
1.57E+15,1,-2,15,2,15,-2,0,-2,nishio,stand,nishio
1.57E+15,0,-2,-10,-2,-7,0,0,-2,nishio,stand,nishio
1.57E+15,-1,-2,7,0,8,-2,-3,0,nishio,stand,nishio
1.57E+15,-1,-6,-26,-2,-3,0,-1,0,nishio,stand,nishio
1.57E+15,-1,0,1,-3,-5,-2,-1,0,nishio,stand,nishio
1.57E+15,1,-10,9,1,4,1,2,-2,nishio,stand,nishio
1.57E+15,0,5,0,1,11,-2,-1,-2,nishio,stand,nishio
1.57E+15,2,-1,13,1,-8,0,1,-1,nishio,stand,nishio
1.57E+15,-8,4,-1,-2,9,-1,-1,0,nishio,stand,nishio
1.57E+15,-1,-6,-33,3,-7,0,-1,0,nishio,stand,nishio
1.57E+15,-8,8,-3,-1,-2,-4,0,-11,nishio,stand,nishio
1.57E+15,4,-3,10,0,4,2,-2,3,nishio,stand,nishio
1.57E+15,-16,-1,-7,-2,6,3,0,21,nishio,stand,nishio
1.57E+15,-1,1,-4,-3,-15,-8,-3,-11,nishio,stand,nishio
1.57E+15,3,11,-1,-1,-6,2,2,16,nishio,stand,nishio
1.57E+15,0,-9,6,3,22,0,-1,-12,nishio,stand,nishio
1.57E+15,69,-18,16,3,-26,-7,2,-1,nishio,stand,nishio
1.57E+15,71,58,2,-22,-22,15,8,20,nishio,stand,nishio
1.57E+15,-95,-77,-24,11,106,-2,-9,-23,nishio,stand,nishio
1.57E+15,100,103,21,-16,-56,-8,2,20,nishio,stand,nishio
1.57E+15,-104,-89,-18,5,-32,-11,-12,-76,nishio,stand,nishio
1.57E+15,104,45,-33,-8,-9,15,4,19,nishio,stand,nishio
1.57E+15,127,89,82,34,-29,-1,21,77,nishio,stand,nishio
1.57E+15,-13,84,-16,14,63,30,26,41,nishio,stand,nishio
1.57E+15,-94,-89,20,-17,-94,-59,-32,-81,nishio,stand,nishio
1.57E+15,69,-104,-15,5,29,22,-15,-37,nishio,stand,nishio
1.57E+15,111,32,52,-22,-51,12,9,57,nishio,stand,nishio
1.57E+15,-67,-8,-82,-26,-28,-37,-27,11,nishio,stand,nishio
1.57E+15,127,45,50,20,96,40,25,59,nishio,stand,nishio
1.57E+15,32,-6,76,24,68,-12,-6,-26,nishio,stand,nishio
1.57E+15,20,39,-68,-7,4,3,14,34,nishio,stand,nishio
1.57E+15,59,-25,35,8,1,-1,1,-40,nishio,stand,nishio
1.57E+15,96,103,19,-2,24,8,-2,11,nishio,stand,nishio
1.57E+15,-52,-40,11,-10,-36,-17,-7,-3,nishio,stand,nishio
1.57E+15,13,13,8,10,2,9,-6,-33,nishio,stand,nishio
1.57E+15,-54,-24,-4,-7,-20,0,0,-11,nishio,stand,nishio
1.57E+15,-74,-19,-59,-9,1,-5,-10,-7,nishio,stand,nishio
1.57E+15,-15,41,0,17,-16,0,9,28,nishio,stand,nishio
1.57E+15,-78,-18,-6,-22,-20,-9,-5,-13,nishio,stand,nishio
1.57E+15,-51,-48,-17,-2,13,1,-7,-23,nishio,stand,nishio
1.57E+15,21,19,28,5,-6,5,6,20,nishio,stand,nishio
1.57E+15,-32,2,-3,-13,-7,-5,7,22,nishio,stand,nishio
1.57E+15,-45,-27,-42,-5,13,-5,-17,-40,nishio,stand,nishio
1.57E+15,17,-34,7,5,-2,-5,-6,-12,nishio,stand,nishio
1.57E+15,31,25,2,2,10,10,10,30,nishio,stand,nishio
1.57E+15,-48,3,-19,-7,-6,-6,0,-4,nishio,stand,nishio
1.57E+15,-8,-21,-23,0,5,-10,-12,-33,nishio,stand,nishio
1.57E+15,44,4,36,11,-1,5,6,14,nishio,stand,nishio
1.57E+15,-17,10,-12,-11,-6,4,3,12,nishio,stand,nishio
1.57E+15,-18,-7,-10,-2,3,-7,-5,-11,nishio,stand,nishio
1.57E+15,-1,-4,16,6,-1,-2,-5,-9,nishio,stand,nishio
1.57E+15,14,-4,21,-2,-1,3,1,8,nishio,stand,nishio
1.57E+15,-11,-1,-32,-9,4,-1,-1,-1,nishio,stand,nishio
1.57E+15,-15,-9,3,9,-5,-7,-5,-7,nishio,stand,nishio
1.57E+15,22,0,12,2,1,1,0,-1,nishio,stand,nishio
1.57E+15,-3,-6,-7,-2,-2,-1,2,-1,nishio,stand,nishio
1.57E+15,-9,-4,-25,1,6,-1,-2,-5,nishio,stand,nishio
1.57E+15,8,9,12,2,-4,-2,3,7,nishio,stand,nishio
1.57E+15,-4,-1,0,-12,-9,1,2,-3,nishio,stand,nishio
1.57E+15,-5,-11,-3,1,9,-2,-4,-6,nishio,stand,nishio
1.57E+15,14,0,7,9,-4,-4,-1,5,nishio,stand,nishio
1.57E+15,-7,8,14,-22,-34,-3,-2,3,nishio,stand,nishio
1.57E+15,-5,-6,-7,7,32,0,-1,-10,nishio,stand,nishio
1.57E+15,6,-6,2,-5,7,-1,-3,-2,nishio,stand,nishio
1.57E+15,7,5,1,4,-26,-6,3,7,nishio,stand,nishio
1.57E+15,-15,0,-5,-1,1,8,0,-1,nishio,stand,nishio
1.57E+15,-1,-7,-7,-5,13,-5,-7,-10,nishio,stand,nishio
1.57E+15,10,0,9,8,-11,2,0,4,nishio,stand,nishio
1.57E+15,-5,1,7,-10,17,3,-2,3,nishio,stand,nishio
1.57E+15,-5,6,-11,3,-11,-7,1,-2,nishio,stand,nishio
1.57E+15,10,-10,-2,-4,-24,-7,-4,-3,nishio,stand,nishio
1.57E+15,3,4,7,2,6,5,-1,3,nishio,stand,nishio
1.57E+15,-8,-2,-14,0,7,-1,-3,-2,nishio,stand,nishio
1.57E+15,78,-3,27,6,14,-2,0,0,nishio,stand,nishio
1.57E+15,70,24,70,0,0,11,15,23,nishio,stand,nishio
1.57E+15,-96,-16,-66,-15,56,-6,-8,-18,nishio,stand,nishio
1.57E+15,111,-5,-100,-7,-78,-1,-7,-5,nishio,stand,nishio
1.57E+15,-86,-4,34,8,64,-11,-2,19,nishio,stand,nishio
1.57E+15,-49,10,-18,-7,-55,39,19,-9,nishio,stand,nishio
1.57E+15,-34,100,118,30,57,-21,6,78,nishio,stand,nishio
1.57E+15,-47,-95,-56,-30,-70,-15,-18,-60,nishio,stand,nishio
1.57E+15,121,113,53,19,26,4,5,40,nishio,stand,nishio
1.57E+15,-122,42,-71,-10,8,26,29,4,nishio,stand,nishio
1.57E+15,91,-78,35,6,-18,-25,-29,-60,nishio,stand,nishio
1.57E+15,75,35,105,28,108,-21,-7,3,nishio,stand,nishio
1.57E+15,107,18,-40,-17,-98,3,8,-16,nishio,stand,nishio
1.57E+15,127,101,127,-13,7,-5,-1,39,nishio,stand,nishio
1.57E+15,-99,-58,-63,-13,10,-4,-3,-2,nishio,stand,nishio
1.57E+15,48,27,61,-9,-24,-11,-7,-6,nishio,stand,nishio
1.57E+15,-115,-127,-43,11,50,-12,-16,-60,nishio,stand,nishio
1.57E+15,102,13,-91,5,9,-12,-5,15,nishio,stand,nishio
1.57E+15,31,4,-36,0,-37,17,7,3,nishio,stand,nishio
1.57E+15,-31,1,20,7,52,4,7,7,nishio,stand,nishio
1.57E+15,-56,1,-18,-3,-37,4,1,17,nishio,stand,nishio
1.57E+15,9,-69,-21,-6,-39,-20,-15,-33,nishio,stand,nishio
1.57E+15,30,-9,0,4,15,7,1,-9,nishio,stand,nishio
1.57E+15,-45,26,-39,2,1,18,11,23,nishio,stand,nishio
1.57E+15,-12,10,12,-17,-16,-4,-2,-3,nishio,stand,nishio
1.57E+15,-58,-28,-24,3,27,-12,-14,-18,nishio,stand,nishio
1.57E+15,35,9,5,-6,-11,8,6,8,nishio,stand,nishio
1.57E+15,-19,15,9,-7,-10,4,3,9,nishio,stand,nishio
1.57E+15,-17,-16,-22,-7,-6,6,-2,-4,nishio,stand,nishio
1.57E+15,-16,-29,19,9,18,-14,-11,-9,nishio,stand,nishio
1.57E+15,7,18,-6,-2,-29,4,5,2,nishio,stand,nishio
1.57E+15,-31,5,-6,-4,-15,2,4,5,nishio,stand,nishio
1.57E+15,-16,6,4,5,24,0,-1,-2,nishio,stand,nishio
1.57E+15,-34,-8,-18,7,7,-3,-2,-2,nishio,stand,nishio
1.57E+15,16,10,4,-7,-21,-2,2,-5,nishio,stand,nishio
1.57E+15,6,2,-13,0,15,3,1,7,nishio,stand,nishio
1.57E+15,8,-4,3,1,12,2,-1,-11,nishio,stand,nishio
1.57E+15,-10,-8,5,-2,-4,-6,-6,9,nishio,stand,nishio
1.57E+15,13,-2,-13,-7,-18,1,0,4,nishio,stand,nishio
1.57E+15,8,-1,6,2,6,2,0,-1,nishio,stand,nishio
1.57E+15,1,6,-8,1,3,-2,-1,6,nishio,stand,nishio
1.57E+15,-19,-3,-2,-11,-20,-1,-3,-11,nishio,stand,nishio
1.57E+15,3,4,-3,6,-11,1,2,-6,nishio,stand,nishio
1.57E+15,-17,3,11,11,3,5,4,7,nishio,stand,nishio
1.57E+15,0,-9,-14,1,20,-5,-5,-4,nishio,stand,nishio
1.57E+15,-12,-3,2,-5,-1,-1,-4,-5,nishio,stand,nishio
1.57E+15,16,2,7,-1,-3,-2,-1,0,nishio,stand,nishio
1.57E+15,-4,-4,12,-3,-1,1,1,0,nishio,stand,nishio
1.57E+15,-1,-3,15,-3,-19,-3,-1,3,nishio,stand,nishio
1.57E+15,1,-3,41,7,65,-5,-7,-5,nishio,stand,nishio
1.57E+15,6,-12,-74,-10,-60,4,6,4,nishio,stand,nishio
1.57E+15,48,25,26,0,-43,-6,-3,2,nishio,stand,nishio
1.57E+15,-9,-2,51,-14,18,-16,-4,1,nishio,stand,nishio
1.57E+15,106,23,29,-8,-19,3,7,31,nishio,stand,nishio
1.57E+15,-96,24,-5,6,112,5,-2,-21,nishio,stand,nishio
1.57E+15,108,65,82,5,-18,-27,-10,12,nishio,stand,nishio
1.57E+15,-72,-20,-31,12,-32,21,19,32,nishio,stand,nishio
1.57E+15,63,-94,-68,2,-10,-36,-36,-77,nishio,stand,nishio
1.57E+15,1,99,81,47,-14,42,54,99,nishio,stand,nishio
1.57E+15,-128,-7,-28,-62,21,-8,-16,-78,nishio,stand,nishio
1.57E+15,98,-64,-80,21,26,11,0,38,nishio,stand,nishio
1.57E+15,-128,22,99,16,21,-23,-20,-90,nishio,stand,nishio
1.57E+15,122,-56,-107,2,-31,-34,-30,38,nishio,stand,nishio
1.57E+15,77,57,38,36,115,31,21,19,nishio,stand,nishio
1.57E+15,38,6,-42,-39,-91,2,1,17,nishio,stand,nishio
1.57E+15,-51,20,80,16,65,15,15,22,nishio,stand,nishio
1.57E+15,111,-36,99,-49,38,-18,-2,-21,nishio,stand,nishio
1.57E+15,-94,-7,30,5,19,23,7,16,nishio,stand,nishio
1.57E+15,42,-37,19,5,57,16,-3,-21,nishio,stand,nishio
1.57E+15,32,39,-16,8,-17,-7,9,23,nishio,stand,nishio
1.57E+15,-23,38,98,23,24,8,-4,-28,nishio,stand,nishio
1.57E+15,5,-63,-121,-7,10,-13,-10,15,nishio,stand,nishio
1.57E+15,-32,36,21,-6,-28,-7,-4,-38,nishio,stand,nishio
1.57E+15,-36,-25,-45,-8,-32,8,3,21,nishio,stand,nishio
1.57E+15,-23,-17,-17,-16,-42,2,0,-8,nishio,stand,nishio
1.57E+15,3,-24,-32,-5,-7,-1,-3,-3,nishio,stand,nishio
1.57E+15,59,35,12,1,0,-10,-1,13,nishio,stand,nishio
1.57E+15,12,20,5,11,-1,15,12,17,nishio,stand,nishio
1.57E+15,37,-41,-55,-12,-5,-10,-15,-18,nishio,stand,nishio
1.57E+15,-27,-9,-13,1,-42,-7,-1,-7,nishio,stand,nishio
1.57E+15,1,28,43,11,23,0,-1,-8,nishio,stand,nishio
1.57E+15,22,-11,-47,-17,-22,-4,-2,25,nishio,stand,nishio
1.57E+15,2,11,-11,-6,-10,-1,-4,-27,nishio,stand,nishio
1.57E+15,-52,-32,3,-1,-12,-3,-4,24,nishio,stand,nishio
1.57E+15,-46,-12,7,1,-1,-3,2,-5,nishio,stand,nishio
1.57E+15,19,-5,-31,-3,2,2,-3,2,nishio,stand,nishio
1.57E+15,9,-4,-15,-2,-10,-3,-2,0,nishio,stand,nishio
1.57E+15,-28,7,11,-3,-10,2,0,-17,nishio,stand,nishio
1.57E+15,-6,9,6,-2,11,-7,-4,8,nishio,stand,nishio
1.57E+15,-25,-4,-35,-4,-18,-2,1,-3,nishio,stand,nishio
1.57E+15,3,14,3,2,2,-1,-2,-5,nishio,stand,nishio
1.57E+15,23,-14,-6,-2,-10,0,-1,1,nishio,stand,nishio
1.57E+15,-22,3,9,-1,6,-5,-1,-17,nishio,stand,nishio
1.57E+15,-4,1,0,1,-32,-6,-17,1,nishio,stand,nishio
1.57E+15,-25,-1,21,-1,-3,6,18,-2,nishio,stand,nishio
1.57E+15,22,-8,-14,0,9,0,-2,0,nishio,stand,nishio
1.57E+15,-27,8,-1,-1,18,1,4,-2,nishio,stand,nishio
1.57E+15,27,-1,4,-2,0,5,-1,10,nishio,stand,nishio
1.57E+15,-27,-9,-3,-3,-2,-8,-10,-11,nishio,stand,nishio
1.57E+15,7,1,9,5,-10,-4,0,3,nishio,stand,nishio
1.57E+15,16,8,5,1,20,2,-5,-3,nishio,stand,nishio
1.57E+15,-4,-11,-4,-10,-22,5,6,0,nishio,stand,nishio
1.57E+15,-22,-6,8,0,0,-1,-2,-5,nishio,stand,nishio
1.57E+15,15,1,-2,-2,18,14,9,3,nishio,stand,nishio
1.57E+15,-1,5,-2,-1,-17,-8,-6,-3,nishio,stand,nishio
1.57E+15,-1,1,-16,-2,2,-1,-1,-2,nishio,stand,nishio
1.57E+15,-26,-24,-19,-2,-29,-9,-7,-3,nishio,stand,nishio
1.57E+15,24,14,1,1,4,3,0,4,nishio,stand,nishio
1.57E+15,-4,-1,12,-1,6,-3,-2,-6,nishio,stand,nishio
1.57E+15,-5,7,9,1,3,2,5,2,nishio,stand,nishio
1.57E+15,3,4,-7,-2,15,-3,-3,0,nishio,stand,nishio
1.57E+15,7,-12,-3,-2,-10,-2,0,-1,nishio,stand,nishio
1.57E+15,-3,0,-3,0,-12,-5,-5,-3,nishio,stand,nishio
1.57E+15,1,-2,6,3,30,5,2,0,nishio,stand,nishio
1.57E+15,-6,-3,-1,-6,-35,-4,-4,0,nishio,stand,nishio
1.57E+15,3,-3,-7,0,-4,-2,-3,1,nishio,stand,nishio
1.57E+15,-4,3,-1,-1,15,-2,-17,-2,nishio,stand,nishio
1.57E+15,6,-7,-1,-1,-11,-8,21,1,nishio,stand,nishio
1.57E+15,-6,-1,0,2,21,8,-7,-4,nishio,stand,nishio
1.57E+15,0,3,1,0,-11,-7,-3,0,nishio,stand,nishio
1.57E+15,3,0,-3,-3,-2,2,-2,0,nishio,stand,nishio
1.57E+15,-6,-4,-5,-4,9,-1,-6,-1,nishio,stand,nishio
1.57E+15,-5,5,4,-1,7,2,4,-1,nishio,stand,nishio
1.57E+15,7,0,9,1,-26,-8,3,2,nishio,stand,nishio
1.57E+15,-2,-10,-9,-1,-4,1,4,-2,nishio,stand,nishio
1.57E+15,0,-2,3,0,1,-3,-5,-1,nishio,stand,nishio
1.57E+15,-5,15,-2,-2,-1,2,2,-1,nishio,stand,nishio
1.57E+15,2,-18,-21,-1,6,0,-3,1,nishio,stand,nishio
1.57E+15,-1,-3,-1,0,-4,-2,4,-1,nishio,stand,nishio
1.57E+15,-4,-3,-1,-2,-6,-1,-3,-1,nishio,stand,nishio
1.57E+15,0,3,9,3,10,1,-5,-2,nishio,stand,nishio
1.57E+15,1,1,4,1,3,-7,-1,-1,nishio,stand,nishio
1.57E+15,-3,7,1,-3,-1,3,4,0,nishio,stand,nishio
1.57E+15,0,-2,-3,-1,20,-1,-2,-1,nishio,stand,nishio
1.57E+15,-3,-6,-4,-3,-31,-10,-5,-2,nishio,stand,nishio
1.57E+15,1,0,-4,-2,3,1,1,0,nishio,stand,nishio
1.57E+15,-2,-1,0,0,-8,-1,4,-1,nishio,stand,nishio
1.57E+15,2,-3,0,2,11,-1,-5,0,nishio,stand,nishio
1.57E+15,-2,-2,-5,-1,10,0,0,-1,nishio,stand,nishio
1.57E+15,0,4,-1,-2,-9,-1,1,-1,nishio,stand,nishio
1.57E+15,-1,-1,3,1,-2,-3,-3,-3,nishio,stand,nishio
1.57E+15,-1,-4,-5,-3,-1,4,1,-1,nishio,stand,nishio
1.57E+15,-3,-5,0,-1,-2,-1,-1,-3,nishio,stand,nishio
1.57E+15,1,10,12,4,-4,-1,0,-1,nishio,stand,nishio
1.57E+15,-2,-10,-13,-3,4,0,-1,-1,nishio,stand,nishio
1.57E+15,-1,-6,-6,-1,-2,-1,-2,0,nishio,stand,nishio
1.57E+15,-2,0,1,-3,-19,-4,-1,-1,nishio,stand,nishio
1.57E+15,2,-1,3,0,0,2,0,0,nishio,stand,nishio
1.57E+15,-1,3,5,1,-3,-3,0,-1,nishio,stand,nishio
1.57E+15,-4,-3,19,3,-2,2,-2,-2,nishio,stand,nishio
1.57E+15,21,3,-2,4,24,-5,0,4,nishio,stand,nishio
1.57E+15,-18,0,-34,-12,0,7,5,-2,nishio,stand,nishio
1.57E+15,-16,-8,-1,1,-24,-3,-2,0,nishio,stand,nishio
1.57E+15,86,24,18,2,36,6,0,10,nishio,stand,nishio
1.57E+15,-101,-27,-50,-5,-47,0,-2,-13,nishio,stand,nishio
1.57E+15,127,-7,23,9,39,0,-3,7,nishio,stand,nishio
1.57E+15,-78,8,26,-4,-14,1,2,-3,nishio,stand,nishio
1.57E+15,25,-4,1,2,-38,-14,-3,0,nishio,stand,nishio
1.57E+15,-70,-25,-49,-6,30,-4,0,5,nishio,stand,nishio
1.57E+15,-33,-6,-12,-6,-4,10,-3,-23,nishio,stand,nishio
1.57E+15,102,15,3,-1,-2,-2,0,12,nishio,stand,nishio
1.57E+15,27,9,21,-1,2,-6,5,8,nishio,stand,nishio
1.57E+15,127,43,55,-2,-1,14,1,12,nishio,stand,nishio
1.57E+15,-128,-21,-12,13,36,-10,4,-1,nishio,stand,nishio
1.57E+15,-73,-67,-2,-17,-66,-14,-19,-94,nishio,stand,nishio
1.57E+15,55,17,15,2,34,9,1,29,nishio,stand,nishio
1.57E+15,127,8,-10,11,24,-30,13,41,nishio,stand,nishio
1.57E+15,-60,83,112,-29,95,17,-20,-10,nishio,stand,nishio
1.57E+15,68,-78,-83,13,-53,53,1,-63,nishio,stand,nishio
1.57E+15,3,-17,15,12,-103,-50,-12,-16,nishio,stand,nishio
1.57E+15,-57,48,72,-2,-7,-1,7,26,nishio,stand,nishio
1.57E+15,107,-45,-11,2,65,-39,-28,-54,nishio,stand,nishio
1.57E+15,105,13,-35,-9,-19,15,14,45,nishio,stand,nishio
1.57E+15,26,25,50,-15,85,-15,-11,4,nishio,stand,nishio
1.57E+15,-11,-29,-26,-25,-77,70,23,-16,nishio,stand,nishio
1.57E+15,-81,12,-8,13,5,-12,6,22,nishio,stand,nishio
1.57E+15,-19,-16,-22,2,103,-10,-8,3,nishio,stand,nishio
1.57E+15,-13,-4,-21,5,-3,-1,5,-5,nishio,stand,nishio
1.57E+15,-10,11,-6,14,55,-10,-6,11,nishio,stand,nishio
1.57E+15,-25,-19,-48,-7,-53,14,7,-2,nishio,stand,nishio
1.57E+15,1,17,12,-17,-12,-21,-2,10,nishio,stand,nishio
1.57E+15,-94,-19,-10,-16,13,18,5,13,nishio,stand,nishio
1.57E+15,42,7,0,-7,0,-10,-11,-24,nishio,stand,nishio
1.57E+15,-51,-39,-7,-4,-64,-2,-2,-5,nishio,stand,nishio
1.57E+15,27,45,30,0,27,-10,7,42,nishio,stand,nishio
1.57E+15,6,12,-11,-2,-18,7,0,-12,nishio,stand,nishio
1.57E+15,75,0,12,-9,3,1,-9,1,nishio,stand,nishio
1.57E+15,101,-12,-27,12,-32,-1,8,7,nishio,stand,nishio
1.57E+15,29,27,16,0,27,-8,-1,21,nishio,stand,nishio
1.57E+15,-29,-19,-25,-7,-4,11,-2,-17,nishio,stand,nishio
1.57E+15,9,-12,-21,8,7,-7,-6,-13,nishio,stand,nishio
1.57E+15,41,27,16,-1,-1,4,7,33,nishio,stand,nishio
1.57E+15,-49,12,20,3,5,-7,1,2,nishio,stand,nishio
1.57E+15,-10,-22,-28,1,-8,5,-2,-19,nishio,stand,nishio
1.57E+15,-24,-3,3,3,17,-5,-2,1,nishio,stand,nishio
1.57E+15,9,6,6,2,-17,-3,3,6,nishio,stand,nishio
1.57E+15,-23,-6,0,3,5,-4,-2,-7,nishio,stand,nishio
1.57E+15,8,-8,-22,-1,-6,2,2,1,nishio,stand,nishio
1.57E+15,-30,-1,21,2,13,-4,-4,-7,nishio,stand,nishio
1.57E+15,7,7,-8,-4,-12,3,1,3,nishio,stand,nishio
1.57E+15,12,-2,-38,3,1,-3,-2,3,nishio,stand,nishio
1.57E+15,-2,9,11,0,9,4,2,8,nishio,stand,nishio
1.57E+15,-24,-18,-17,1,4,-6,-6,-12,nishio,stand,nishio
1.57E+15,9,-5,11,2,-18,-5,-1,0,nishio,stand,nishio
1.57E+15,4,11,-8,-1,11,7,4,3,nishio,stand,nishio
