timestamp,emg1,emg2,emg3,emg4,emg5,emg6,emg7,emg8,performer,situation,gesture
1.57E+15,-4,0,-2,-3,-2,0,-1,-2,matsu,walk,matsu
1.57E+15,-2,-3,-1,0,0,0,-1,-2,matsu,walk,matsu
1.57E+15,2,-4,-1,0,-3,-1,1,-1,matsu,walk,matsu
1.57E+15,0,0,-3,-2,-1,0,-1,-1,matsu,walk,matsu
1.57E+15,-4,-14,0,0,-1,0,1,-2,matsu,walk,matsu
1.57E+15,-4,4,-1,-1,1,0,0,-1,matsu,walk,matsu
1.57E+15,1,-2,-2,-3,-1,0,-4,1,matsu,walk,matsu
1.57E+15,-5,1,0,0,0,0,-1,-3,matsu,walk,matsu
1.57E+15,-1,-4,-3,-1,-1,0,-1,0,matsu,walk,matsu
1.57E+15,-9,-4,2,-2,-2,-2,-1,-1,matsu,walk,matsu
1.57E+15,-2,14,4,-1,0,-1,-2,-1,matsu,walk,matsu
1.57E+15,1,-3,-2,0,-2,-2,-1,0,matsu,walk,matsu
1.57E+15,-11,7,-4,-2,1,1,-2,-3,matsu,walk,matsu
1.57E+15,-9,5,2,1,0,-2,0,-3,matsu,walk,matsu
1.57E+15,-1,-2,-4,-6,-2,-3,-1,-1,matsu,walk,matsu
1.57E+15,5,-10,2,2,1,-3,-1,0,matsu,walk,matsu
1.57E+15,-2,7,7,0,-2,-1,-1,1,matsu,walk,matsu
1.57E+15,5,1,-9,0,-1,-1,-1,0,matsu,walk,matsu
1.57E+15,0,-4,14,4,0,1,2,0,matsu,walk,matsu
1.57E+15,-2,2,-14,-6,-2,-3,-3,-40,matsu,walk,matsu
1.57E+15,-2,-9,-21,-15,-5,-4,-2,-3,matsu,walk,matsu
1.57E+15,2,-5,7,3,1,0,1,0,matsu,walk,matsu
1.57E+15,3,-17,-15,19,5,1,0,-3,matsu,walk,matsu
1.57E+15,-8,2,-13,-19,0,-2,0,9,matsu,walk,matsu
1.57E+15,24,59,5,-3,-4,-5,-2,0,matsu,walk,matsu
1.57E+15,-25,-7,-21,-5,0,1,0,-13,matsu,walk,matsu
1.57E+15,-11,4,17,7,-2,1,-3,5,matsu,walk,matsu
1.57E+15,1,4,14,19,1,2,1,9,matsu,walk,matsu
1.57E+15,-5,-33,-31,-21,-4,-1,-3,-1,matsu,walk,matsu
1.57E+15,17,10,13,2,-1,0,0,7,matsu,walk,matsu
1.57E+15,9,6,-4,22,4,2,2,-1,matsu,walk,matsu
1.57E+15,7,-6,-21,-33,-7,-4,-2,6,matsu,walk,matsu
1.57E+15,4,3,15,4,1,1,1,-3,matsu,walk,matsu
1.57E+15,13,-59,25,12,2,2,-1,1,matsu,walk,matsu
1.57E+15,-38,15,-24,-23,-5,-4,-5,-8,matsu,walk,matsu
1.57E+15,-9,-5,31,29,5,2,-1,-2,matsu,walk,matsu
1.57E+15,8,8,-34,-15,0,0,4,4,matsu,walk,matsu
1.57E+15,20,-15,-6,-9,-3,-2,-2,2,matsu,walk,matsu
1.57E+15,1,-32,32,4,2,-2,1,3,matsu,walk,matsu
1.57E+15,1,-10,23,9,-1,0,-1,4,matsu,walk,matsu
1.57E+15,-33,20,-25,-6,-1,-1,-2,-7,matsu,walk,matsu
1.57E+15,20,-12,-6,4,-1,0,5,25,matsu,walk,matsu
1.57E+15,21,-4,-5,-7,-1,1,3,38,matsu,walk,matsu
1.57E+15,19,7,-1,-3,-3,-4,-12,-55,matsu,walk,matsu
1.57E+15,-28,-39,28,19,2,3,-2,-14,matsu,walk,matsu
1.57E+15,-60,41,-5,-11,-4,-3,-3,-35,matsu,walk,matsu
1.57E+15,0,-52,-24,-12,-6,-4,-2,6,matsu,walk,matsu
1.57E+15,5,-3,7,1,2,-1,4,88,matsu,walk,matsu
1.57E+15,21,2,10,10,1,-1,-7,-25,matsu,walk,matsu
1.57E+15,7,8,-9,-5,-1,-3,-4,-2,matsu,walk,matsu
1.57E+15,-15,80,39,6,0,-3,-1,-24,matsu,walk,matsu
1.57E+15,28,37,-35,-9,3,6,8,10,matsu,walk,matsu
1.57E+15,13,1,-16,5,-3,1,3,12,matsu,walk,matsu
1.57E+15,1,15,13,-19,-3,-1,-2,4,matsu,walk,matsu
1.57E+15,-16,33,1,0,-3,0,-3,-2,matsu,walk,matsu
1.57E+15,-18,-44,-13,-2,-4,-3,-4,-14,matsu,walk,matsu
1.57E+15,20,23,0,10,0,0,1,15,matsu,walk,matsu
1.57E+15,0,3,4,-16,-2,-3,-3,4,matsu,walk,matsu
1.57E+15,23,2,-5,-1,1,0,1,-7,matsu,walk,matsu
1.57E+15,-13,8,5,-2,0,-1,-1,-7,matsu,walk,matsu
1.57E+15,6,-19,22,3,-2,-2,-1,-3,matsu,walk,matsu
1.57E+15,9,42,-11,13,2,1,3,11,matsu,walk,matsu
1.57E+15,23,-45,-10,-3,1,3,1,8,matsu,walk,matsu
1.57E+15,-18,6,10,-3,-5,-4,-2,-22,matsu,walk,matsu
1.57E+15,-19,11,-9,-4,-1,-1,-2,9,matsu,walk,matsu
1.57E+15,-28,-41,1,2,0,-1,-5,8,matsu,walk,matsu
1.57E+15,-19,51,5,-8,-5,-4,-10,-39,matsu,walk,matsu
1.57E+15,21,-8,-8,0,-1,2,8,15,matsu,walk,matsu
1.57E+15,20,8,29,4,4,3,6,-6,matsu,walk,matsu
1.57E+15,10,-33,-25,0,-1,-1,-5,16,matsu,walk,matsu
1.57E+15,-6,-9,-28,-8,-2,-2,2,-1,matsu,walk,matsu
1.57E+15,1,35,-4,-3,-1,1,-2,11,matsu,walk,matsu
1.57E+15,26,24,2,-7,-4,-2,0,5,matsu,walk,matsu
1.57E+15,26,21,8,7,1,1,1,16,matsu,walk,matsu
1.57E+15,-45,3,3,-3,-2,-3,-4,-53,matsu,walk,matsu
1.57E+15,-30,-19,15,9,-7,-11,-15,-19,matsu,walk,matsu
1.57E+15,-15,-24,-33,-22,-2,-3,2,27,matsu,walk,matsu
1.57E+15,-6,15,7,0,2,0,5,31,matsu,walk,matsu
1.57E+15,36,-1,8,4,1,4,10,29,matsu,walk,matsu
1.57E+15,-11,30,-14,-8,0,-1,0,57,matsu,walk,matsu
1.57E+15,-32,27,16,7,-3,-6,-11,-115,matsu,walk,matsu
1.57E+15,20,14,-6,5,-2,-1,0,9,matsu,walk,matsu
1.57E+15,-6,-51,-30,-21,-5,-5,4,103,matsu,walk,matsu
1.57E+15,33,-6,20,18,9,13,23,-49,matsu,walk,matsu
1.57E+15,-16,-54,5,-1,-1,-1,-17,29,matsu,walk,matsu
1.57E+15,-46,34,-8,-23,-11,-19,-36,-105,matsu,walk,matsu
1.57E+15,4,-14,2,-2,-2,-2,-5,2,matsu,walk,matsu
1.57E+15,23,-16,-9,-2,0,0,5,89,matsu,walk,matsu
1.57E+15,-18,39,2,14,5,4,10,-59,matsu,walk,matsu
1.57E+15,21,-1,6,-2,-1,1,1,-7,matsu,walk,matsu
1.57E+15,10,-22,17,-3,-1,-3,-5,4,matsu,walk,matsu
1.57E+15,6,-24,4,7,3,5,10,5,matsu,walk,matsu
1.57E+15,6,-13,-30,-14,-2,-1,-5,35,matsu,walk,matsu
1.57E+15,14,1,21,9,1,0,6,14,matsu,walk,matsu
1.57E+15,33,-30,-17,7,2,4,4,-33,matsu,walk,matsu
1.57E+15,-22,6,-12,-19,-6,-4,-9,-14,matsu,walk,matsu
1.57E+15,-23,-18,3,-6,0,-3,-2,25,matsu,walk,matsu
1.57E+15,19,6,-4,11,-1,8,24,43,matsu,walk,matsu
1.57E+15,113,41,27,28,5,13,21,12,matsu,walk,matsu
1.57E+15,-68,-11,-12,-15,-2,-14,-44,-44,matsu,walk,matsu
1.57E+15,-84,-77,-17,-19,-10,-16,-24,7,matsu,walk,matsu
1.57E+15,35,-18,-9,15,-6,3,31,59,matsu,walk,matsu
1.57E+15,-47,13,-4,-49,3,1,6,106,matsu,walk,matsu
1.57E+15,127,18,42,111,13,31,32,-17,matsu,walk,matsu
1.57E+15,-68,24,24,-33,16,4,11,54,matsu,walk,matsu
1.57E+15,-117,-115,-69,-80,-41,-75,-118,-124,matsu,walk,matsu
1.57E+15,-113,-56,-103,14,-11,-8,33,102,matsu,walk,matsu
1.57E+15,40,17,66,0,6,13,51,20,matsu,walk,matsu
1.57E+15,127,87,-22,27,9,27,39,64,matsu,walk,matsu
1.57E+15,42,58,66,88,18,43,92,120,matsu,walk,matsu
1.57E+15,93,33,20,-89,10,10,8,3,matsu,walk,matsu
1.57E+15,-128,-8,-67,-55,-21,-39,-97,-113,matsu,walk,matsu
1.57E+15,70,18,30,50,3,20,41,107,matsu,walk,matsu
1.57E+15,8,26,4,20,7,-1,-25,-108,matsu,walk,matsu
1.57E+15,25,-5,10,12,-7,5,33,-48,matsu,walk,matsu
1.57E+15,-70,60,-22,-30,-8,-14,-34,74,matsu,walk,matsu
1.57E+15,31,16,42,35,5,-5,-4,2,matsu,walk,matsu
1.57E+15,-96,-27,-23,-60,4,1,-12,-9,matsu,walk,matsu
1.57E+15,90,63,43,74,11,31,63,61,matsu,walk,matsu
1.57E+15,-45,-9,14,-13,-2,18,45,37,matsu,walk,matsu
1.57E+15,-45,-94,-63,-60,-12,-66,-106,-110,matsu,walk,matsu
1.57E+15,-35,3,6,-24,-1,-2,19,50,matsu,walk,matsu
1.57E+15,11,-3,7,3,0,-10,-16,33,matsu,walk,matsu
1.57E+15,68,28,-6,21,1,10,28,25,matsu,walk,matsu
1.57E+15,1,9,26,23,-3,9,15,0,matsu,walk,matsu
1.57E+15,39,-13,6,17,6,10,2,-22,matsu,walk,matsu
1.57E+15,-34,0,3,-2,-4,-11,-34,-57,matsu,walk,matsu
1.57E+15,19,-45,-27,-21,-1,-5,0,-22,matsu,walk,matsu
1.57E+15,-22,12,10,-1,-5,5,-3,-33,matsu,walk,matsu
1.57E+15,32,57,-4,-7,2,0,11,2,matsu,walk,matsu
1.57E+15,-3,-18,1,22,-6,-7,-32,-89,matsu,walk,matsu
1.57E+15,38,-11,5,-3,1,-4,5,0,matsu,walk,matsu
1.57E+15,-84,-19,-7,-15,-3,3,3,-41,matsu,walk,matsu
1.57E+15,18,2,-4,0,1,10,16,70,matsu,walk,matsu
1.57E+15,-40,3,2,9,-7,-25,-47,-59,matsu,walk,matsu
1.57E+15,-12,6,-2,-10,3,-6,-1,-8,matsu,walk,matsu
1.57E+15,34,11,-2,-7,0,4,21,9,matsu,walk,matsu
1.57E+15,24,10,10,17,-1,2,-2,-28,matsu,walk,matsu
1.57E+15,-34,-9,-11,-9,0,-2,-12,-10,matsu,walk,matsu
1.57E+15,6,-8,5,-3,1,-1,4,15,matsu,walk,matsu
1.57E+15,14,-15,-1,-2,-7,1,5,11,matsu,walk,matsu
1.57E+15,-3,-4,5,3,-1,-1,-3,-9,matsu,walk,matsu
1.57E+15,-14,-19,-12,-10,0,-5,-13,-29,matsu,walk,matsu
1.57E+15,-6,-2,-33,5,1,1,-1,-2,matsu,walk,matsu
1.57E+15,21,19,107,11,0,4,9,17,matsu,walk,matsu
1.57E+15,-10,-16,-79,-12,-2,-6,-12,-15,matsu,walk,matsu
1.57E+15,-21,-13,-44,-14,-5,-6,-6,-9,matsu,walk,matsu
1.57E+15,1,-5,-1,9,-1,-3,3,-3,matsu,walk,matsu
1.57E+15,1,2,2,-1,0,-1,-3,5,matsu,walk,matsu
1.57E+15,13,-5,7,3,2,1,-2,18,matsu,walk,matsu
1.57E+15,-13,-2,6,9,0,1,-1,3,matsu,walk,matsu
1.57E+15,-2,-7,-30,-17,-3,-1,-3,6,matsu,walk,matsu
1.57E+15,13,6,-36,-3,-3,-2,-2,0,matsu,walk,matsu
1.57E+15,-6,3,14,1,2,4,1,4,matsu,walk,matsu
1.57E+15,-17,21,-4,1,-1,2,-3,-6,matsu,walk,matsu
1.57E+15,-3,-6,19,1,-1,-2,-5,-5,matsu,walk,matsu
1.57E+15,9,-1,-10,-11,-2,0,1,5,matsu,walk,matsu
1.57E+15,3,3,24,0,-1,0,0,-3,matsu,walk,matsu
1.57E+15,-3,-22,-41,-6,-3,-4,-6,-6,matsu,walk,matsu
1.57E+15,1,17,57,11,0,-4,-1,-5,matsu,walk,matsu
1.57E+15,3,0,-33,11,1,1,3,5,matsu,walk,matsu
1.57E+15,-2,5,81,-7,-3,1,0,0,matsu,walk,matsu
1.57E+15,-8,-16,-62,-5,-3,-5,-5,-8,matsu,walk,matsu
1.57E+15,-8,-29,-10,-22,-5,-6,-4,0,matsu,walk,matsu
1.57E+15,2,-2,-22,9,0,-3,2,0,matsu,walk,matsu
1.57E+15,3,11,16,13,3,0,0,0,matsu,walk,matsu
1.57E+15,-4,7,48,6,0,3,-1,0,matsu,walk,matsu
1.57E+15,2,-3,-17,6,-1,1,-2,-4,matsu,walk,matsu
1.57E+15,0,-5,-10,-17,-3,-2,-2,1,matsu,walk,matsu
1.57E+15,2,3,-8,-1,1,-1,-2,-4,matsu,walk,matsu
1.57E+15,-4,-1,28,-4,-1,0,0,1,matsu,walk,matsu
1.57E+15,0,-4,9,14,1,1,1,0,matsu,walk,matsu
1.57E+15,0,0,-91,-34,-4,-2,-2,-2,matsu,walk,matsu
1.57E+15,-5,-22,4,-1,-4,0,-3,-1,matsu,walk,matsu
1.57E+15,1,7,24,17,3,1,0,-2,matsu,walk,matsu
1.57E+15,-2,-12,-17,-11,-2,-6,-1,-3,matsu,walk,matsu
1.57E+15,4,7,43,2,1,1,1,3,matsu,walk,matsu
1.57E+15,7,0,-67,-6,-1,-1,-1,-2,matsu,walk,matsu
1.57E+15,-17,-13,94,-25,-5,-5,-5,-6,matsu,walk,matsu
1.57E+15,4,10,11,4,0,0,1,-1,matsu,walk,matsu
1.57E+15,-11,-16,-48,8,-1,-4,-1,-3,matsu,walk,matsu
1.57E+15,3,11,44,18,3,2,1,-1,matsu,walk,matsu
1.57E+15,4,-1,23,-14,-4,0,-1,4,matsu,walk,matsu
1.57E+15,-4,-6,-75,-5,0,2,-2,-7,matsu,walk,matsu
1.57E+15,-4,-8,13,2,0,-3,-1,-15,matsu,walk,matsu
1.57E+15,12,22,82,90,15,4,-1,-1,matsu,walk,matsu
1.57E+15,-2,-7,-80,-30,-7,-5,1,-10,matsu,walk,matsu
1.57E+15,-8,-28,-26,2,-7,-6,-6,9,matsu,walk,matsu
1.57E+15,1,-1,3,11,-2,0,-2,9,matsu,walk,matsu
1.57E+15,-4,-2,18,-9,-3,0,-2,-10,matsu,walk,matsu
1.57E+15,6,13,24,51,12,4,3,7,matsu,walk,matsu
1.57E+15,1,14,-12,5,4,1,1,0,matsu,walk,matsu
1.57E+15,-4,-16,37,-22,-6,-3,-3,-11,matsu,walk,matsu
1.57E+15,5,-20,-23,-13,2,1,3,12,matsu,walk,matsu
1.57E+15,3,1,-2,-9,-4,-1,0,14,matsu,walk,matsu
1.57E+15,-10,-4,-5,-17,-2,-3,-4,-1,matsu,walk,matsu
1.57E+15,-2,12,27,17,1,0,0,-13,matsu,walk,matsu
1.57E+15,40,12,-27,-18,0,9,16,25,matsu,walk,matsu
1.57E+15,69,31,-22,-4,-1,5,12,104,matsu,walk,matsu
1.57E+15,-40,2,29,0,0,-2,-14,-93,matsu,walk,matsu
1.57E+15,-51,-31,-6,-4,-11,-25,-51,-82,matsu,walk,matsu
1.57E+15,-123,-10,-33,-28,-8,-14,-20,-11,matsu,walk,matsu
1.57E+15,-12,-16,1,2,-2,-3,5,0,matsu,walk,matsu
1.57E+15,88,49,38,36,12,20,53,127,matsu,walk,matsu
1.57E+15,110,43,28,46,3,11,17,-18,matsu,walk,matsu
1.57E+15,110,28,8,-19,15,8,11,41,matsu,walk,matsu
1.57E+15,-79,-1,-23,-17,5,10,6,-10,matsu,walk,matsu
1.57E+15,1,1,37,15,-7,-2,-27,-82,matsu,walk,matsu
1.57E+15,-128,-85,-53,-50,-9,-21,-35,-45,matsu,walk,matsu
1.57E+15,23,5,-21,-8,-8,9,69,115,matsu,walk,matsu
1.57E+15,95,19,47,26,13,26,35,-74,matsu,walk,matsu
1.57E+15,-100,-49,-13,-38,0,-41,-87,-74,matsu,walk,matsu
1.57E+15,59,32,8,108,-14,-22,-24,81,matsu,walk,matsu
1.57E+15,-8,24,10,-77,16,17,27,16,matsu,walk,matsu
1.57E+15,20,-10,-11,-16,-14,-9,17,-51,matsu,walk,matsu
1.57E+15,121,16,-14,11,5,6,30,-11,matsu,walk,matsu
1.57E+15,-73,16,30,-15,11,19,-20,-30,matsu,walk,matsu
1.57E+15,69,10,0,63,-1,-3,-7,95,matsu,walk,matsu
1.57E+15,107,53,10,18,-3,6,37,84,matsu,walk,matsu
1.57E+15,-97,-47,30,13,-2,-10,-60,-28,matsu,walk,matsu
1.57E+15,-73,-21,-26,-81,3,-15,-12,127,matsu,walk,matsu
1.57E+15,41,-8,-10,-20,-17,-6,2,34,matsu,walk,matsu
1.57E+15,18,15,-43,4,1,-5,-18,92,matsu,walk,matsu
1.57E+15,-46,-32,-15,17,-5,15,36,33,matsu,walk,matsu
1.57E+15,47,7,11,-37,3,27,90,127,matsu,walk,matsu
1.57E+15,-83,-9,-25,20,-7,-22,-114,-128,matsu,walk,matsu
1.57E+15,6,-11,-2,-20,7,-1,-8,20,matsu,walk,matsu
1.57E+15,-8,-5,-5,6,-5,-2,17,31,matsu,walk,matsu
1.57E+15,-4,22,5,16,4,7,18,-15,matsu,walk,matsu
1.57E+15,0,-24,-9,-9,-8,-5,6,-51,matsu,walk,matsu
1.57E+15,-46,0,18,18,-1,-8,-23,-13,matsu,walk,matsu
1.57E+15,27,19,-18,-22,2,5,16,51,matsu,walk,matsu
1.57E+15,20,-11,0,-3,-4,-1,-7,-41,matsu,walk,matsu
1.57E+15,16,2,-13,7,-1,-2,4,-17,matsu,walk,matsu
1.57E+15,-48,-13,20,4,-2,-7,-21,-19,matsu,walk,matsu
1.57E+15,-17,11,-14,-19,-3,1,13,22,matsu,walk,matsu
1.57E+15,47,16,-17,14,7,6,11,-31,matsu,walk,matsu
1.57E+15,-14,-3,67,1,-3,-3,-10,-43,matsu,walk,matsu
1.57E+15,-36,-39,-110,-22,-7,-9,-16,-26,matsu,walk,matsu
1.57E+15,30,6,22,-12,-4,-2,7,17,matsu,walk,matsu
1.57E+15,24,16,54,13,0,-2,-2,-11,matsu,walk,matsu
1.57E+15,-17,-6,-59,5,4,0,0,-17,matsu,walk,matsu
1.57E+15,-29,-6,21,3,0,-3,-6,-5,matsu,walk,matsu
1.57E+15,31,17,16,-2,2,4,4,34,matsu,walk,matsu
1.57E+15,18,-5,-24,11,3,4,-2,-5,matsu,walk,matsu
1.57E+15,-30,-20,-39,-21,-5,-4,0,7,matsu,walk,matsu
1.57E+15,-7,-11,34,-7,-3,-3,-6,-21,matsu,walk,matsu
1.57E+15,11,16,14,9,4,6,8,4,matsu,walk,matsu
1.57E+15,7,0,52,-1,0,-1,-2,-8,matsu,walk,matsu
1.57E+15,-4,-5,-21,6,-1,-4,0,2,matsu,walk,matsu
1.57E+15,-12,-7,-32,-24,-3,-3,-7,-6,matsu,walk,matsu
1.57E+15,10,8,7,0,0,-3,0,5,matsu,walk,matsu
1.57E+15,10,-12,53,11,2,5,4,-5,matsu,walk,matsu
1.57E+15,-4,6,16,20,3,3,4,11,matsu,walk,matsu
1.57E+15,-13,5,67,6,-5,-7,-10,-5,matsu,walk,matsu
1.57E+15,7,15,84,4,-1,0,1,-3,matsu,walk,matsu
1.57E+15,5,-18,-105,-21,-6,-3,0,-2,matsu,walk,matsu
1.57E+15,-12,-10,-65,-17,-5,-3,-3,2,matsu,walk,matsu
1.57E+15,-7,-4,20,17,1,-2,-1,-8,matsu,walk,matsu
1.57E+15,13,9,15,7,3,1,1,-3,matsu,walk,matsu
1.57E+15,4,6,32,-1,-3,-3,1,2,matsu,walk,matsu
1.57E+15,1,-3,39,19,1,0,0,3,matsu,walk,matsu
1.57E+15,-7,12,-7,2,2,0,-2,-8,matsu,walk,matsu
1.57E+15,-3,-23,-56,-20,-7,-7,-2,-5,matsu,walk,matsu
1.57E+15,5,12,-5,15,4,2,1,0,matsu,walk,matsu
1.57E+15,-5,-6,47,0,-3,-3,-1,-1,matsu,walk,matsu
1.57E+15,4,-5,5,-25,-3,-4,-5,-5,matsu,walk,matsu
1.57E+15,-8,23,27,8,-1,1,0,4,matsu,walk,matsu
1.57E+15,-1,0,17,-26,-6,-4,-2,-5,matsu,walk,matsu
1.57E+15,-8,-9,8,-1,-3,-3,-3,-4,matsu,walk,matsu
1.57E+15,4,3,13,21,3,1,1,-1,matsu,walk,matsu
1.57E+15,4,-9,-5,7,-2,-3,-2,1,matsu,walk,matsu
1.57E+15,-1,-7,-98,-20,-3,-3,-1,-1,matsu,walk,matsu
1.57E+15,-5,8,82,22,2,3,4,0,matsu,walk,matsu
1.57E+15,-4,-3,-50,5,-1,-2,-1,-5,matsu,walk,matsu
1.57E+15,3,-4,-32,-15,-3,-4,-1,-4,matsu,walk,matsu
1.57E+15,4,6,42,22,4,3,2,23,matsu,walk,matsu
1.57E+15,8,-23,-68,-30,-3,-3,-2,6,matsu,walk,matsu
1.57E+15,5,9,54,7,-1,0,3,5,matsu,walk,matsu
1.57E+15,45,0,35,24,3,4,6,3,matsu,walk,matsu
1.57E+15,-19,10,0,-25,-2,0,-4,30,matsu,walk,matsu
1.57E+15,-53,-24,-112,-27,-7,-7,-9,-51,matsu,walk,matsu
1.57E+15,-7,-29,-14,-22,-8,-4,1,21,matsu,walk,matsu
1.57E+15,54,10,-44,-1,1,6,18,24,matsu,walk,matsu
1.57E+15,71,20,13,7,2,4,10,69,matsu,walk,matsu
1.57E+15,0,28,9,16,11,8,-3,11,matsu,walk,matsu
1.57E+15,-100,-25,17,11,-6,-20,-46,-116,matsu,walk,matsu
1.57E+15,-48,-20,0,-33,-7,-8,-9,22,matsu,walk,matsu
1.57E+15,35,-17,-34,8,0,3,14,13,matsu,walk,matsu
1.57E+15,52,15,21,0,1,3,21,72,matsu,walk,matsu
1.57E+15,96,40,11,21,9,31,62,126,matsu,walk,matsu
1.57E+15,62,30,5,12,10,17,16,-4,matsu,walk,matsu
1.57E+15,-23,-19,7,-16,-16,-30,-59,-83,matsu,walk,matsu
1.57E+15,49,39,33,21,10,16,40,100,matsu,walk,matsu
1.57E+15,21,-8,-36,2,-27,-32,-33,35,matsu,walk,matsu
1.57E+15,-60,-3,-23,-17,9,17,16,127,matsu,walk,matsu
1.57E+15,-83,-81,-35,20,-13,-24,-44,-50,matsu,walk,matsu
1.57E+15,102,72,49,-20,-8,-14,12,41,matsu,walk,matsu
1.57E+15,-121,-74,-45,-44,5,-26,-19,66,matsu,walk,matsu
1.57E+15,91,-42,-41,52,-20,-41,-68,-84,matsu,walk,matsu
1.57E+15,-83,-61,13,-98,-8,-25,29,-45,matsu,walk,matsu
1.57E+15,52,-2,-20,8,-10,11,28,114,matsu,walk,matsu
1.57E+15,127,70,49,93,22,47,74,113,matsu,walk,matsu
1.57E+15,50,61,60,-37,26,35,41,12,matsu,walk,matsu
1.57E+15,19,32,24,48,-7,2,-9,-8,matsu,walk,matsu
1.57E+15,-12,-5,-12,-15,-5,-5,-25,-109,matsu,walk,matsu
1.57E+15,6,17,8,-37,5,15,18,-45,matsu,walk,matsu
1.57E+15,-80,-34,-10,10,-6,-17,-45,-84,matsu,walk,matsu
1.57E+15,25,22,16,30,7,10,0,4,matsu,walk,matsu
1.57E+15,-55,-19,14,4,5,-1,-4,-18,matsu,walk,matsu
1.57E+15,-5,12,2,-2,3,3,-17,-51,matsu,walk,matsu
1.57E+15,-55,-34,-13,-10,-11,-9,2,1,matsu,walk,matsu
1.57E+15,43,37,12,3,5,13,25,-2,matsu,walk,matsu
1.57E+15,-34,-30,-20,-19,-7,-4,-10,-20,matsu,walk,matsu
1.57E+15,-22,-8,0,1,-6,-9,-25,-84,matsu,walk,matsu
1.57E+15,-30,-4,-9,-5,-8,-8,7,3,matsu,walk,matsu
1.57E+15,52,24,-5,0,8,13,15,50,matsu,walk,matsu
1.57E+15,-23,-22,-4,3,0,-9,-26,-72,matsu,walk,matsu
1.57E+15,-7,-8,-3,-9,-3,-6,-13,-29,matsu,walk,matsu
1.57E+15,-13,-3,-9,-8,-3,2,21,23,matsu,walk,matsu
1.57E+15,9,8,-3,12,8,8,-13,-33,matsu,walk,matsu
1.57E+15,-8,-11,11,2,-2,-9,-16,22,matsu,walk,matsu
1.57E+15,11,-1,-2,-6,-1,-1,6,-4,matsu,walk,matsu
1.57E+15,4,0,-13,-2,-3,3,5,2,matsu,walk,matsu
1.57E+15,-11,2,3,6,1,1,3,8,matsu,walk,matsu
1.57E+15,-6,-8,4,2,-2,-3,-5,-31,matsu,walk,matsu
1.57E+15,-11,-5,-20,-10,-1,-2,0,2,matsu,walk,matsu
1.57E+15,6,5,4,5,-2,-5,-10,1,matsu,walk,matsu
1.57E+15,3,2,-8,-1,-1,2,8,8,matsu,walk,matsu
1.57E+15,-9,-5,-2,0,2,1,3,11,matsu,walk,matsu
1.57E+15,1,-3,-5,0,-1,-1,-3,-9,matsu,walk,matsu
1.57E+15,6,0,4,-1,-1,-2,-1,-5,matsu,walk,matsu
1.57E+15,3,8,-15,0,-1,4,7,19,matsu,walk,matsu
1.57E+15,-9,-3,31,-1,0,-1,-2,-15,matsu,walk,matsu
1.57E+15,2,-3,-62,-9,-3,-3,-5,2,matsu,walk,matsu
1.57E+15,6,4,-2,2,0,-4,-1,-14,matsu,walk,matsu
1.57E+15,-9,-3,7,-8,-1,2,5,7,matsu,walk,matsu
1.57E+15,0,4,9,9,1,1,-4,0,matsu,walk,matsu
1.57E+15,3,-1,63,7,-1,-1,-2,-3,matsu,walk,matsu
1.57E+15,-2,-7,-53,-14,-4,-6,-2,2,matsu,walk,matsu
1.57E+15,-3,-2,19,-7,-1,-1,3,2,matsu,walk,matsu
1.57E+15,-4,-4,-22,0,-2,-3,1,-2,matsu,walk,matsu
1.57E+15,2,5,21,5,2,1,-1,3,matsu,walk,matsu
1.57E+15,1,3,-6,9,3,1,2,-8,matsu,walk,matsu
1.57E+15,1,7,25,9,2,0,0,5,matsu,walk,matsu
1.57E+15,-2,-6,-71,-9,-2,-2,-3,-9,matsu,walk,matsu
1.57E+15,-4,-2,-21,-3,0,-1,-2,-1,matsu,walk,matsu
1.57E+15,2,-2,12,-1,0,-1,-1,-1,matsu,walk,matsu
1.57E+15,-1,0,-27,-9,-3,-1,1,1,matsu,walk,matsu
1.57E+15,-2,-1,23,-1,-1,1,0,2,matsu,walk,matsu
1.57E+15,-2,-4,-7,-3,-2,-1,-1,-3,matsu,walk,matsu
1.57E+15,0,-1,-1,-2,-2,-1,-3,-2,matsu,walk,matsu
1.57E+15,2,3,12,2,2,1,2,3,matsu,walk,matsu
1.57E+15,-1,-3,-1,1,-2,0,1,-5,matsu,walk,matsu
1.57E+15,-1,-2,-2,-3,-1,-2,-1,-1,matsu,walk,matsu
1.57E+15,2,4,15,-4,-1,-1,-2,-4,matsu,walk,matsu
1.57E+15,1,1,-3,2,-2,1,1,1,matsu,walk,matsu
1.57E+15,-6,-2,-4,1,-1,-1,-3,-2,matsu,walk,matsu
1.57E+15,-3,-6,3,-4,-4,-3,-4,-6,matsu,walk,matsu
,,,,,,,,,,,
1.57E+15,-2,1,-4,-2,1,0,-2,-4,matsu,walk,matsu
1.57E+15,5,4,-3,0,2,-1,-1,2,matsu,walk,matsu
1.57E+15,-1,-3,4,2,-1,-2,-2,-2,matsu,walk,matsu
1.57E+15,-3,-8,-3,-5,-3,-1,-2,-3,matsu,walk,matsu
1.57E+15,1,-6,-3,-2,-1,-1,-1,-1,matsu,walk,matsu
1.57E+15,12,7,-4,1,-2,-2,1,3,matsu,walk,matsu
1.57E+15,2,-2,-5,0,2,0,0,-1,matsu,walk,matsu
1.57E+15,-8,9,12,0,1,-1,-1,0,matsu,walk,matsu
1.57E+15,-8,-61,-24,1,1,2,0,-5,matsu,walk,matsu
1.57E+15,4,25,7,-1,-1,-1,-1,1,matsu,walk,matsu
1.57E+15,-6,1,3,1,1,3,-1,-5,matsu,walk,matsu
1.57E+15,7,5,-1,1,-3,-1,-2,2,matsu,walk,matsu
1.57E+15,10,1,7,-2,-1,-4,-1,-1,matsu,walk,matsu
1.57E+15,3,-5,0,-3,0,-1,0,9,matsu,walk,matsu
1.57E+15,-3,-18,-20,0,-3,0,1,-20,matsu,walk,matsu
1.57E+15,1,-11,-10,-4,-1,-2,-2,46,matsu,walk,matsu
1.57E+15,-11,15,22,-3,-2,-4,-11,-65,matsu,walk,matsu
1.57E+15,-7,-13,-57,-3,0,-1,0,-2,matsu,walk,matsu
1.57E+15,11,15,15,8,-3,0,3,9,matsu,walk,matsu
1.57E+15,5,-3,6,-1,2,3,5,18,matsu,walk,matsu
1.57E+15,1,16,-5,9,-1,-1,-4,9,matsu,walk,matsu
1.57E+15,3,-15,7,-11,4,1,-1,-10,matsu,walk,matsu
1.57E+15,-44,2,-3,-8,-4,-3,-6,-42,matsu,walk,matsu
1.57E+15,52,23,-6,8,1,6,19,23,matsu,walk,matsu
1.57E+15,45,34,6,7,-2,3,13,72,matsu,walk,matsu
1.57E+15,-67,-9,7,-3,-4,-11,-27,-49,matsu,walk,matsu
1.57E+15,6,-8,20,1,-6,-9,-14,-46,matsu,walk,matsu
1.57E+15,-116,-35,-1,-6,-1,-4,-6,-42,matsu,walk,matsu
1.57E+15,100,-1,-4,0,-8,-8,-2,-3,matsu,walk,matsu
1.57E+15,-61,60,7,-27,-5,-2,-3,19,matsu,walk,matsu
1.57E+15,21,9,-13,-4,3,3,8,-22,matsu,walk,matsu
1.57E+15,72,76,37,0,6,13,34,87,matsu,walk,matsu
1.57E+15,59,-44,-39,13,-1,10,1,-59,matsu,walk,matsu
1.57E+15,-36,-58,29,-9,6,-1,4,-14,matsu,walk,matsu
1.57E+15,26,4,-31,-21,-14,-22,-44,-84,matsu,walk,matsu
1.57E+15,75,-23,-8,-3,1,-7,-5,-51,matsu,walk,matsu
1.57E+15,62,32,22,19,7,15,52,118,matsu,walk,matsu
1.57E+15,-54,-75,7,36,-8,1,2,-65,matsu,walk,matsu
1.57E+15,81,33,8,2,16,9,-12,-59,matsu,walk,matsu
1.57E+15,48,-28,-39,-17,-7,-7,-8,24,matsu,walk,matsu
1.57E+15,-128,-114,-34,-34,-12,-25,-47,-74,matsu,walk,matsu
1.57E+15,127,124,20,35,4,15,27,64,matsu,walk,matsu
1.57E+15,68,-50,31,29,19,32,57,125,matsu,walk,matsu
1.57E+15,-80,-83,-12,-22,-28,-31,-51,-35,matsu,walk,matsu
1.57E+15,112,72,-9,-28,7,-2,-15,36,matsu,walk,matsu
1.57E+15,87,5,-7,9,1,1,0,-5,matsu,walk,matsu
1.57E+15,77,17,-9,0,3,11,28,90,matsu,walk,matsu
1.57E+15,25,41,15,30,14,22,37,27,matsu,walk,matsu
1.57E+15,-92,-38,4,-21,-10,-22,-69,-79,matsu,walk,matsu
1.57E+15,107,8,-12,4,2,3,9,67,matsu,walk,matsu
1.57E+15,-115,-42,-27,-18,-9,-14,-19,-31,matsu,walk,matsu
1.57E+15,14,22,15,-5,-2,5,16,34,matsu,walk,matsu
1.57E+15,-44,23,-12,8,0,5,20,-18,matsu,walk,matsu
1.57E+15,14,-13,3,-14,-5,-10,-20,-45,matsu,walk,matsu
1.57E+15,-4,-17,-14,4,-2,-1,10,30,matsu,walk,matsu
1.57E+15,-1,-8,3,2,1,-4,-15,-35,matsu,walk,matsu
1.57E+15,12,19,14,-4,1,3,5,-17,matsu,walk,matsu
1.57E+15,-27,19,-4,2,4,7,13,87,matsu,walk,matsu
1.57E+15,-3,-12,3,-5,-6,-11,-12,-83,matsu,walk,matsu
1.57E+15,-19,-3,-4,-2,0,-3,-15,-62,matsu,walk,matsu
1.57E+15,7,17,-6,3,-2,-6,-3,-27,matsu,walk,matsu
1.57E+15,-41,-22,5,-5,-1,-1,4,4,matsu,walk,matsu
1.57E+15,-28,1,14,0,-2,-2,0,22,matsu,walk,matsu
1.57E+15,6,1,-7,0,0,-1,-11,-11,matsu,walk,matsu
1.57E+15,0,1,9,10,4,9,16,33,matsu,walk,matsu
1.57E+15,-18,-20,-10,-8,-4,-4,-7,-12,matsu,walk,matsu
1.57E+15,-10,10,21,-5,-4,-2,-4,23,matsu,walk,matsu
1.57E+15,13,2,10,3,0,-2,-6,-10,matsu,walk,matsu
1.57E+15,-16,-7,-15,-3,1,4,8,26,matsu,walk,matsu
1.57E+15,2,-16,-50,-7,-2,-4,-3,-20,matsu,walk,matsu
1.57E+15,9,22,55,3,-1,-3,-6,8,matsu,walk,matsu
1.57E+15,-11,-4,-36,5,1,1,2,1,matsu,walk,matsu
1.57E+15,10,-22,7,3,0,0,3,2,matsu,walk,matsu
1.57E+15,3,-2,-5,4,-2,-3,-7,-19,matsu,walk,matsu
1.57E+15,0,-4,-9,-13,-3,-3,0,19,matsu,walk,matsu
1.57E+15,-9,-10,1,-5,-3,-3,-5,-6,matsu,walk,matsu
1.57E+15,5,9,27,1,0,1,1,8,matsu,walk,matsu
1.57E+15,4,12,39,6,-1,-3,-2,-13,matsu,walk,matsu
1.57E+15,1,-35,-40,11,1,1,1,15,matsu,walk,matsu
1.57E+15,3,-6,-23,-21,-2,-1,0,-8,matsu,walk,matsu
1.57E+15,8,10,-24,-3,-4,-1,-1,-1,matsu,walk,matsu
1.57E+15,-6,-3,30,-7,0,-1,-1,-1,matsu,walk,matsu
1.57E+15,-3,-2,-13,9,-3,-3,-1,3,matsu,walk,matsu
1.57E+15,4,11,21,-1,0,0,-3,-9,matsu,walk,matsu
1.57E+15,5,7,14,6,2,3,4,7,matsu,walk,matsu
1.57E+15,-5,-17,-50,-9,-4,-1,-5,-7,matsu,walk,matsu
1.57E+15,-9,25,40,-4,-1,-3,-2,1,matsu,walk,matsu
1.57E+15,-4,-13,-26,-1,-1,-3,-4,-4,matsu,walk,matsu
1.57E+15,-5,13,16,1,-1,-1,2,10,matsu,walk,matsu
1.57E+15,2,-2,-11,-3,1,0,-2,-12,matsu,walk,matsu
1.57E+15,5,3,-16,-1,-1,1,-1,2,matsu,walk,matsu
1.57E+15,-5,6,1,4,-3,-3,-1,-4,matsu,walk,matsu
1.57E+15,2,5,11,-1,-1,-1,0,1,matsu,walk,matsu
1.57E+15,0,-2,22,2,0,0,1,-1,matsu,walk,matsu
1.57E+15,-4,3,-26,-4,-1,1,-2,4,matsu,walk,matsu
1.57E+15,-3,1,20,-4,1,0,1,-3,matsu,walk,matsu
1.57E+15,2,-5,-2,0,0,0,1,2,matsu,walk,matsu
1.57E+15,-4,-8,-12,-2,-2,-4,-2,-2,matsu,walk,matsu
1.57E+15,-3,3,-5,0,0,-3,-1,2,matsu,walk,matsu
1.57E+15,7,-1,0,5,1,-1,-1,1,matsu,walk,matsu
1.57E+15,2,4,31,12,2,0,-1,-1,matsu,walk,matsu
1.57E+15,5,-15,-10,-6,0,1,0,1,matsu,walk,matsu
1.57E+15,-3,-5,-47,-14,-3,-2,-1,3,matsu,walk,matsu
1.57E+15,5,-1,36,24,4,2,1,1,matsu,walk,matsu
1.57E+15,-3,1,-32,-18,-3,1,0,-1,matsu,walk,matsu
1.57E+15,0,-1,31,-9,-4,-1,-2,-2,matsu,walk,matsu
1.57E+15,2,5,12,1,2,1,1,2,matsu,walk,matsu
1.57E+15,-15,-9,-17,-3,1,-1,-1,-3,matsu,walk,matsu
1.57E+15,4,-3,3,15,2,-1,-2,2,matsu,walk,matsu
1.57E+15,9,13,-11,5,0,1,0,3,matsu,walk,matsu
1.57E+15,4,-3,-3,-6,-2,-1,-2,-2,matsu,walk,matsu
1.57E+15,-45,0,4,4,-2,-1,-4,-8,matsu,walk,matsu
1.57E+15,-6,-9,-7,-8,-2,-2,0,-4,matsu,walk,matsu
1.57E+15,-5,3,5,-7,-2,-2,-1,-3,matsu,walk,matsu
1.57E+15,16,6,5,2,0,-3,0,3,matsu,walk,matsu
1.57E+15,24,13,2,-1,-1,2,2,7,matsu,walk,matsu
1.57E+15,-2,-4,7,1,-1,2,1,0,matsu,walk,matsu
1.57E+15,-13,-9,-17,1,-3,-2,-2,-10,matsu,walk,matsu
1.57E+15,-23,4,10,-5,-3,-2,-3,-3,matsu,walk,matsu
1.57E+15,10,7,51,8,1,-1,0,-1,matsu,walk,matsu
1.57E+15,-10,3,-41,-14,-4,-3,-3,-3,matsu,walk,matsu
1.57E+15,5,-15,-5,-3,-2,-2,-1,3,matsu,walk,matsu
1.57E+15,5,9,11,-1,-1,0,0,-1,matsu,walk,matsu
1.57E+15,5,6,0,-4,0,0,-2,0,matsu,walk,matsu
1.57E+15,7,1,4,5,-1,-1,-1,0,matsu,walk,matsu
1.57E+15,-8,37,12,6,2,1,0,-1,matsu,walk,matsu
1.57E+15,13,0,1,1,-2,0,3,21,matsu,walk,matsu
1.57E+15,31,22,0,-2,1,3,4,9,matsu,walk,matsu
1.57E+15,-4,3,10,4,0,0,-3,9,matsu,walk,matsu
1.57E+15,-20,-17,-8,2,-2,1,6,-21,matsu,walk,matsu
1.57E+15,-2,16,-7,-15,-5,-3,-3,17,matsu,walk,matsu
1.57E+15,-73,-21,-16,4,-9,-13,-34,-89,matsu,walk,matsu
1.57E+15,36,1,-8,-20,4,4,12,18,matsu,walk,matsu
1.57E+15,91,46,10,12,4,11,32,89,matsu,walk,matsu
1.57E+15,58,16,15,-5,8,6,10,63,matsu,walk,matsu
1.57E+15,-55,-68,-42,-20,-18,-26,-52,-69,matsu,walk,matsu
1.57E+15,34,44,23,4,-2,1,5,70,matsu,walk,matsu
1.57E+15,-78,-46,-19,-51,-8,-23,-74,-104,matsu,walk,matsu
1.57E+15,85,38,-45,-6,5,4,24,89,matsu,walk,matsu
1.57E+15,122,19,28,32,23,42,97,127,matsu,walk,matsu
1.57E+15,-114,-43,-5,54,9,12,4,70,matsu,walk,matsu
1.57E+15,-44,-65,-74,-66,-23,-16,-38,-41,matsu,walk,matsu
1.57E+15,-5,-29,40,71,1,-8,-35,9,matsu,walk,matsu
1.57E+15,-51,-36,-43,-33,-11,-36,-78,-128,matsu,walk,matsu
1.57E+15,17,-9,21,26,11,21,71,120,matsu,walk,matsu
1.57E+15,81,29,50,36,13,19,47,-44,matsu,walk,matsu
1.57E+15,-74,-51,-6,-4,-10,-15,-41,-31,matsu,walk,matsu
1.57E+15,39,74,14,22,5,12,35,108,matsu,walk,matsu
1.57E+15,-28,-32,-30,-15,-7,-9,-22,-93,matsu,walk,matsu
1.57E+15,25,57,19,13,9,11,33,82,matsu,walk,matsu
1.57E+15,-32,-33,-7,-31,-8,-4,0,-72,matsu,walk,matsu
1.57E+15,17,5,12,11,4,8,10,22,matsu,walk,matsu
1.57E+15,-16,14,-8,-33,-5,-10,-19,-77,matsu,walk,matsu
1.57E+15,-24,0,0,23,-3,-7,-11,16,matsu,walk,matsu
1.57E+15,5,32,3,-4,4,7,17,4,matsu,walk,matsu
1.57E+15,-21,-1,-9,-31,2,1,-3,-61,matsu,walk,matsu
1.57E+15,-13,-34,-2,-4,-8,-16,-47,-119,matsu,walk,matsu
1.57E+15,-1,-11,-8,6,-2,-4,-3,-2,matsu,walk,matsu
1.57E+15,-4,-4,3,13,2,6,10,10,matsu,walk,matsu
1.57E+15,37,-1,-5,-9,-5,-1,10,32,matsu,walk,matsu
1.57E+15,-27,-2,2,-13,-6,-4,-8,-7,matsu,walk,matsu
1.57E+15,2,7,10,21,1,-3,-4,11,matsu,walk,matsu
1.57E+15,-14,-2,-3,-11,-3,2,8,-32,matsu,walk,matsu
1.57E+15,-9,-7,-10,-7,-3,-4,-6,16,matsu,walk,matsu
1.57E+15,35,27,2,6,-2,-5,-4,2,matsu,walk,matsu
1.57E+15,-4,-4,7,2,3,4,4,25,matsu,walk,matsu
1.57E+15,-11,-10,-9,-5,-3,-3,-2,3,matsu,walk,matsu
1.57E+15,8,-2,3,7,-1,1,0,9,matsu,walk,matsu
1.57E+15,19,10,6,2,0,-1,0,40,matsu,walk,matsu
1.57E+15,-4,-10,-3,-6,-2,-4,-5,-64,matsu,walk,matsu
1.57E+15,-6,-9,2,-5,-1,-3,-6,-11,matsu,walk,matsu
1.57E+15,-6,2,-4,8,-3,0,1,8,matsu,walk,matsu
1.57E+15,13,5,-2,-10,-1,-1,1,3,matsu,walk,matsu
1.57E+15,-8,-6,-5,0,1,0,0,24,matsu,walk,matsu
1.57E+15,2,10,-9,10,2,3,-2,-15,matsu,walk,matsu
1.57E+15,-5,1,70,-7,-1,0,-1,7,matsu,walk,matsu
1.57E+15,11,-4,-29,-9,-6,-2,-3,-1,matsu,walk,matsu
1.57E+15,1,-10,14,-1,0,-2,0,6,matsu,walk,matsu
1.57E+15,1,4,-4,6,1,2,3,-5,matsu,walk,matsu
1.57E+15,-7,-13,-30,-5,1,0,1,14,matsu,walk,matsu
1.57E+15,9,0,18,1,0,-3,-2,-8,matsu,walk,matsu
1.57E+15,-1,7,2,2,1,-1,-1,12,matsu,walk,matsu
1.57E+15,-3,2,-14,-5,1,0,2,-5,matsu,walk,matsu
1.57E+15,-5,-8,30,-1,-4,-2,0,4,matsu,walk,matsu
1.57E+15,5,5,-8,-2,-4,-4,-4,-6,matsu,walk,matsu
1.57E+15,-3,-1,-21,4,-1,0,1,10,matsu,walk,matsu
1.57E+15,-2,-3,22,5,-1,-3,-1,-5,matsu,walk,matsu
1.57E+15,-8,25,-60,4,2,3,1,-1,matsu,walk,matsu
1.57E+15,1,-10,10,3,-3,-4,-4,-2,matsu,walk,matsu
1.57E+15,-8,-4,-33,-11,0,2,0,9,matsu,walk,matsu
1.57E+15,0,0,-6,-30,-7,-3,-2,-10,matsu,walk,matsu
1.57E+15,1,-18,-6,4,-2,-4,-2,1,matsu,walk,matsu
1.57E+15,-1,2,-2,-5,0,1,1,-1,matsu,walk,matsu
1.57E+15,2,4,13,9,1,0,0,5,matsu,walk,matsu
1.57E+15,0,-5,4,7,1,0,0,-3,matsu,walk,matsu
1.57E+15,-2,-5,-15,0,-1,-2,-2,0,matsu,walk,matsu
1.57E+15,13,6,2,-8,-1,-1,-2,3,matsu,walk,matsu
1.57E+15,1,-1,17,-1,-3,-3,-2,0,matsu,walk,matsu
1.57E+15,-19,3,-5,-3,-1,-1,0,-4,matsu,walk,matsu
1.57E+15,2,-1,9,0,-1,-1,2,4,matsu,walk,matsu
1.57E+15,1,25,-7,5,0,-1,0,-1,matsu,walk,matsu
1.57E+15,7,8,23,1,1,2,-1,3,matsu,walk,matsu
1.57E+15,0,-12,-76,-12,-4,-3,-3,-2,matsu,walk,matsu
1.57E+15,-1,1,-4,2,0,-4,0,1,matsu,walk,matsu
1.57E+15,4,-6,17,-2,-1,-1,-1,0,matsu,walk,matsu
1.57E+15,0,-6,-42,-4,-4,-3,1,1,matsu,walk,matsu
1.57E+15,3,5,47,13,1,-1,1,0,matsu,walk,matsu
1.57E+15,-3,-7,-5,-4,1,2,1,-1,matsu,walk,matsu
1.57E+15,7,-10,-64,-14,-3,-2,-1,-2,matsu,walk,matsu
1.57E+15,9,20,29,1,-1,-1,0,6,matsu,walk,matsu
1.57E+15,7,-9,12,8,1,1,0,-3,matsu,walk,matsu
1.57E+15,-29,-6,-49,5,-1,0,-1,-6,matsu,walk,matsu
1.57E+15,-14,3,81,11,7,5,1,1,matsu,walk,matsu
1.57E+15,-25,-25,-52,-41,-13,-7,-8,-7,matsu,walk,matsu
1.57E+15,23,0,-5,-14,-4,-3,-2,-2,matsu,walk,matsu
1.57E+15,20,0,32,2,2,2,4,1,matsu,walk,matsu
1.57E+15,4,0,-25,16,2,3,-2,16,matsu,walk,matsu
1.57E+15,0,-15,23,6,-1,-2,-1,-3,matsu,walk,matsu
1.57E+15,6,-5,20,10,3,4,9,5,matsu,walk,matsu
1.57E+15,27,-6,-2,-5,-2,0,5,76,matsu,walk,matsu
1.57E+15,-34,-19,10,7,0,-4,-19,-88,matsu,walk,matsu
1.57E+15,-4,-1,45,4,0,-4,-8,-48,matsu,walk,matsu
1.57E+15,-18,-14,-51,-10,-5,-4,1,2,matsu,walk,matsu
1.57E+15,5,24,14,-3,0,5,13,32,matsu,walk,matsu
1.57E+15,35,14,13,6,0,5,11,2,matsu,walk,matsu
1.57E+15,9,2,15,-2,2,3,7,41,matsu,walk,matsu
1.57E+15,9,17,-2,-3,-4,-5,-5,-39,matsu,walk,matsu
1.57E+15,-59,-33,16,-3,-5,-13,-30,-87,matsu,walk,matsu
1.57E+15,-36,-28,-64,-14,-6,-6,-11,55,matsu,walk,matsu
1.57E+15,85,17,26,16,4,6,15,60,matsu,walk,matsu
1.57E+15,-67,-4,12,1,8,5,5,33,matsu,walk,matsu
1.57E+15,-13,-43,-30,-14,-12,-12,-18,-73,matsu,walk,matsu
1.57E+15,35,5,-3,5,3,3,5,64,matsu,walk,matsu
1.57E+15,-57,-10,-24,2,1,3,-3,-107,matsu,walk,matsu
1.57E+15,101,41,30,19,-1,10,38,127,matsu,walk,matsu
1.57E+15,70,-46,-27,-12,-2,-9,-34,-9,matsu,walk,matsu
1.57E+15,-94,-14,-6,-36,-18,-33,-49,-119,matsu,walk,matsu
1.57E+15,71,8,-16,-23,0,7,30,75,matsu,walk,matsu
1.57E+15,60,18,36,9,13,27,58,54,matsu,walk,matsu
1.57E+15,-41,-24,16,12,-13,-12,-14,85,matsu,walk,matsu
1.57E+15,-57,-48,-7,3,-12,-37,-81,-91,matsu,walk,matsu
1.57E+15,41,31,-9,1,4,4,11,101,matsu,walk,matsu
1.57E+15,32,0,-21,-36,-6,-12,-31,-66,matsu,walk,matsu
1.57E+15,16,40,37,24,11,18,59,73,matsu,walk,matsu
1.57E+15,98,36,-53,-17,-4,9,32,59,matsu,walk,matsu
1.57E+15,8,18,10,3,-3,-3,5,71,matsu,walk,matsu
1.57E+15,-97,-62,-8,-11,-15,-26,-58,-103,matsu,walk,matsu
1.57E+15,7,22,-8,18,13,11,-7,-59,matsu,walk,matsu
1.57E+15,8,9,32,-3,4,6,-1,-4,matsu,walk,matsu
1.57E+15,-14,8,-10,10,5,7,17,11,matsu,walk,matsu
1.57E+15,-12,17,5,2,1,5,12,78,matsu,walk,matsu
1.57E+15,-32,-17,-10,-15,-9,-11,-12,-33,matsu,walk,matsu
1.57E+15,46,19,27,4,3,9,9,-29,matsu,walk,matsu
1.57E+15,-11,-19,-5,0,-6,-3,-1,-6,matsu,walk,matsu
1.57E+15,-20,-3,-1,6,5,-1,-5,-27,matsu,walk,matsu
1.57E+15,23,28,3,3,-1,3,6,13,matsu,walk,matsu
1.57E+15,5,6,12,3,3,12,38,67,matsu,walk,matsu
1.57E+15,-28,-16,-12,-6,-6,-9,-17,-49,matsu,walk,matsu
1.57E+15,-27,-13,-8,4,-4,-9,-13,-34,matsu,walk,matsu
1.57E+15,11,13,-2,-9,0,-1,-1,-18,matsu,walk,matsu
1.57E+15,10,3,4,3,2,9,16,-29,matsu,walk,matsu
1.57E+15,-35,-15,-5,5,-1,-5,-26,-34,matsu,walk,matsu
1.57E+15,12,4,-2,4,-2,-3,-9,-9,matsu,walk,matsu
1.57E+15,15,9,-2,-7,1,4,9,11,matsu,walk,matsu
1.57E+15,-8,1,7,1,0,2,6,34,matsu,walk,matsu
1.57E+15,-17,-11,5,5,-1,-3,-11,-16,matsu,walk,matsu
1.57E+15,1,0,-58,-1,-3,-1,3,-3,matsu,walk,matsu
1.57E+15,1,4,3,-1,-1,2,4,-2,matsu,walk,matsu
1.57E+15,-4,-2,7,1,0,1,9,6,matsu,walk,matsu
1.57E+15,-2,-7,67,-12,-4,-7,-13,-12,matsu,walk,matsu
1.57E+15,4,-11,-33,-12,-5,-3,-6,6,matsu,walk,matsu
1.57E+15,-8,-2,-8,-2,-1,-1,-3,-7,matsu,walk,matsu
1.57E+15,1,2,9,7,1,4,7,10,matsu,walk,matsu
1.57E+15,-2,3,4,6,1,2,1,-10,matsu,walk,matsu
1.57E+15,-1,2,19,4,2,1,-4,-9,matsu,walk,matsu
1.57E+15,1,7,0,-3,-3,-2,1,8,matsu,walk,matsu
1.57E+15,6,7,2,1,-1,1,8,15,matsu,walk,matsu
1.57E+15,-6,0,-26,0,-2,-5,-5,-16,matsu,walk,matsu
1.57E+15,0,1,39,1,-2,-2,-3,-4,matsu,walk,matsu
1.57E+15,1,1,-74,-5,0,0,0,-6,matsu,walk,matsu
1.57E+15,-4,-3,6,-1,0,-1,4,17,matsu,walk,matsu
1.57E+15,-7,-3,-18,4,-2,-4,-6,-16,matsu,walk,matsu
1.57E+15,0,4,15,5,0,-2,-2,-4,matsu,walk,matsu
1.57E+15,3,2,59,3,-1,0,2,5,matsu,walk,matsu
1.57E+15,-6,-8,-51,-29,-4,-5,-2,3,matsu,walk,matsu
1.57E+15,-7,0,-5,1,-1,-3,-2,-6,matsu,walk,matsu
1.57E+15,9,0,5,2,-1,-1,1,0,matsu,walk,matsu
1.57E+15,0,3,16,4,0,-1,1,2,matsu,walk,matsu
1.57E+15,2,1,8,9,1,1,4,8,matsu,walk,matsu
1.57E+15,-3,2,-7,0,3,4,1,-7,matsu,walk,matsu
1.57E+15,-1,-3,3,-1,4,2,1,3,matsu,walk,matsu
1.57E+15,-3,1,-3,-1,3,1,2,-2,matsu,walk,matsu
1.57E+15,1,2,7,3,1,0,0,3,matsu,walk,matsu
1.57E+15,1,0,-9,-4,-2,-4,0,-1,matsu,walk,matsu
1.57E+15,-1,1,4,0,1,0,-3,-1,matsu,walk,matsu
1.57E+15,-1,-1,-3,-5,1,-1,0,3,matsu,walk,matsu
1.57E+15,0,1,4,3,0,1,2,3,matsu,walk,matsu
1.57E+15,-3,0,2,1,0,-1,-2,-5,matsu,walk,matsu
1.57E+15,-3,-10,-8,-3,-3,-1,-2,-1,matsu,walk,matsu
1.57E+15,3,0,1,-2,0,0,-1,-2,matsu,walk,matsu
1.57E+15,1,-1,6,4,2,1,1,2,matsu,walk,matsu
1.57E+15,-6,2,-5,-3,0,-2,-3,-8,matsu,walk,matsu
1.57E+15,0,3,2,-2,0,-6,-2,-5,matsu,walk,matsu
1.57E+15,-2,-3,-3,-3,-4,-1,-3,-1,matsu,walk,matsu
1.57E+15,1,-1,3,1,-4,-3,-2,-2,matsu,walk,matsu
1.57E+15,-2,-3,-4,-2,-4,-2,-3,-2,matsu,walk,matsu
1.57E+15,-3,-1,-1,-1,-3,-2,-1,-4,matsu,walk,matsu
1.57E+15,0,0,1,1,-3,-1,-3,-3,matsu,walk,matsu
1.57E+15,-2,-1,20,-1,-3,-3,-2,-1,matsu,walk,matsu
,,,,,,,,,,,
1.57E+15,-2,0,-1,-1,-3,-1,0,0,matsu,walk,matsu
1.57E+15,1,-10,-8,2,0,-2,0,0,matsu,walk,matsu
1.57E+15,1,2,0,-10,-3,-2,-1,-1,matsu,walk,matsu
1.57E+15,-2,-6,0,-1,-2,-3,-2,-2,matsu,walk,matsu
1.57E+15,-1,5,4,4,3,1,-2,-1,matsu,walk,matsu
1.57E+15,2,3,-2,-5,-2,-2,-2,-1,matsu,walk,matsu
1.57E+15,0,-4,5,3,-1,-1,-1,-1,matsu,walk,matsu
1.57E+15,-2,3,1,0,-1,-2,1,0,matsu,walk,matsu
1.57E+15,1,-3,-3,-2,-2,-1,-1,-1,matsu,walk,matsu
1.57E+15,4,1,0,1,0,3,-1,-1,matsu,walk,matsu
1.57E+15,-7,-1,-2,0,1,0,1,-2,matsu,walk,matsu
1.57E+15,0,3,21,3,-1,1,1,0,matsu,walk,matsu
1.57E+15,-2,-4,-12,-4,0,-3,-2,-2,matsu,walk,matsu
1.57E+15,-2,-2,2,-6,-3,-2,-2,-1,matsu,walk,matsu
1.57E+15,6,0,1,3,0,0,-1,1,matsu,walk,matsu
1.57E+15,4,-2,-8,-2,0,1,0,0,matsu,walk,matsu
1.57E+15,-19,1,14,1,0,-2,-2,-6,matsu,walk,matsu
1.57E+15,-5,-3,-3,1,-1,-1,-3,-2,matsu,walk,matsu
1.57E+15,6,2,-4,-2,-1,-2,-3,1,matsu,walk,matsu
1.57E+15,1,-1,7,4,1,-2,1,-1,matsu,walk,matsu
1.57E+15,11,6,6,6,3,1,1,1,matsu,walk,matsu
1.57E+15,-6,-13,-32,-24,-8,-8,-6,-6,matsu,walk,matsu
1.57E+15,5,1,26,3,-1,-2,1,-3,matsu,walk,matsu
1.57E+15,12,1,-5,-1,-1,2,1,4,matsu,walk,matsu
1.57E+15,-28,-4,-10,-2,-4,-5,-5,5,matsu,walk,matsu
1.57E+15,6,11,9,8,2,1,-1,-12,matsu,walk,matsu
1.57E+15,-7,-14,-8,-3,-1,-1,-2,-5,matsu,walk,matsu
1.57E+15,-7,-1,-11,1,-2,-2,-1,-5,matsu,walk,matsu
1.57E+15,15,4,14,2,-1,2,5,6,matsu,walk,matsu
1.57E+15,3,9,17,3,1,0,1,9,matsu,walk,matsu
1.57E+15,-2,-6,-22,-3,-1,-3,-2,-4,matsu,walk,matsu
1.57E+15,3,2,-1,-3,0,0,0,3,matsu,walk,matsu
1.57E+15,1,-2,-10,-2,-1,1,-1,-3,matsu,walk,matsu
1.57E+15,-4,-1,4,2,1,0,0,0,matsu,walk,matsu
1.57E+15,10,5,-6,1,0,2,4,-6,matsu,walk,matsu
1.57E+15,0,-5,-1,-5,-1,0,-1,11,matsu,walk,matsu
1.57E+15,2,-2,-2,-3,-2,-3,-8,-10,matsu,walk,matsu
1.57E+15,-5,1,-2,3,-1,0,1,3,matsu,walk,matsu
1.57E+15,28,5,6,13,3,6,9,33,matsu,walk,matsu
1.57E+15,-7,2,-9,-14,-8,-5,-8,-37,matsu,walk,matsu
1.57E+15,-91,-20,-5,0,2,3,0,-15,matsu,walk,matsu
1.57E+15,-31,-8,16,8,-8,-6,-3,-29,matsu,walk,matsu
1.57E+15,51,-1,-5,14,1,-8,-17,25,matsu,walk,matsu
1.57E+15,106,13,-22,-32,-1,2,25,-11,matsu,walk,matsu
1.57E+15,2,7,7,-5,5,8,8,10,matsu,walk,matsu
1.57E+15,-60,3,-13,-13,-1,1,-3,48,matsu,walk,matsu
1.57E+15,-117,-37,3,13,-5,-3,-11,-90,matsu,walk,matsu
1.57E+15,-24,-3,2,3,-2,-15,-33,16,matsu,walk,matsu
1.57E+15,86,16,3,-6,6,21,54,41,matsu,walk,matsu
1.57E+15,13,13,13,29,9,14,18,58,matsu,walk,matsu
1.57E+15,5,-5,-11,-30,-12,-24,-39,-78,matsu,walk,matsu
1.57E+15,-82,-51,-24,-15,-7,-21,-57,-101,matsu,walk,matsu
1.57E+15,-7,6,-4,7,3,6,23,95,matsu,walk,matsu
1.57E+15,93,32,19,13,5,22,60,122,matsu,walk,matsu
1.57E+15,-7,17,7,6,-2,-7,-38,-48,matsu,walk,matsu
1.57E+15,-1,18,22,25,8,21,44,51,matsu,walk,matsu
1.57E+15,-63,-58,-23,-25,-13,-13,-6,-8,matsu,walk,matsu
1.57E+15,-35,-47,-26,-17,-11,-28,-56,-55,matsu,walk,matsu
1.57E+15,-16,15,-10,-15,8,0,-12,-14,matsu,walk,matsu
1.57E+15,67,37,19,24,7,19,52,78,matsu,walk,matsu
1.57E+15,-45,17,28,16,-7,-24,-94,-124,matsu,walk,matsu
1.57E+15,62,15,-1,-38,6,4,27,36,matsu,walk,matsu
1.57E+15,-53,-20,4,49,-4,1,1,19,matsu,walk,matsu
1.57E+15,-46,-16,-9,-70,-2,-6,-6,17,matsu,walk,matsu
1.57E+15,51,16,-15,15,1,5,24,54,matsu,walk,matsu
1.57E+15,19,-1,3,-6,-2,-5,-19,-38,matsu,walk,matsu
1.57E+15,13,0,3,-6,-2,3,11,12,matsu,walk,matsu
1.57E+15,16,13,9,32,1,7,16,27,matsu,walk,matsu
1.57E+15,8,-5,0,-5,-6,-8,-8,-26,matsu,walk,matsu
1.57E+15,-34,-14,-5,-3,-2,-8,-22,-68,matsu,walk,matsu
1.57E+15,26,11,-4,-3,2,7,30,55,matsu,walk,matsu
1.57E+15,-22,-7,-3,10,-1,-2,-9,-20,matsu,walk,matsu
1.57E+15,17,-6,-6,-18,-3,-7,-13,-1,matsu,walk,matsu
1.57E+15,-9,-2,-3,11,-1,-4,-5,-18,matsu,walk,matsu
1.57E+15,9,5,1,-9,1,8,19,47,matsu,walk,matsu
1.57E+15,-5,-4,-1,-2,0,-3,-12,-8,matsu,walk,matsu
1.57E+15,-5,-2,-2,1,1,-1,0,-16,matsu,walk,matsu
1.57E+15,-2,2,0,4,-1,1,4,26,matsu,walk,matsu
1.57E+15,21,2,1,-10,-1,2,6,10,matsu,walk,matsu
1.57E+15,-7,-9,-2,1,-1,-4,-17,-23,matsu,walk,matsu
1.57E+15,13,3,-1,4,-1,1,9,0,matsu,walk,matsu
1.57E+15,-11,-3,-5,0,0,0,-1,-13,matsu,walk,matsu
1.57E+15,4,-2,-2,-15,0,-2,2,7,matsu,walk,matsu
1.57E+15,-10,-2,-2,7,-1,-2,-3,0,matsu,walk,matsu
1.57E+15,7,2,-2,1,-1,0,5,14,matsu,walk,matsu
1.57E+15,-3,-3,-3,-1,0,0,-5,-12,matsu,walk,matsu
1.57E+15,-1,-3,-2,-5,-2,-2,0,3,matsu,walk,matsu
1.57E+15,-3,0,0,5,-1,-1,1,3,matsu,walk,matsu
1.57E+15,9,1,0,0,-1,-4,-2,1,matsu,walk,matsu
1.57E+15,-4,-1,0,2,-2,-2,-3,-19,matsu,walk,matsu
1.57E+15,1,-5,-6,-4,-1,0,7,5,matsu,walk,matsu
1.57E+15,-11,-10,-60,-4,-3,-4,-2,0,matsu,walk,matsu
1.57E+15,6,1,8,-6,-1,-2,-6,-7,matsu,walk,matsu
1.57E+15,-7,-1,-5,3,-1,-1,-2,-7,matsu,walk,matsu
1.57E+15,-3,4,-3,0,0,3,5,15,matsu,walk,matsu
1.57E+15,5,1,27,2,0,-1,-1,0,matsu,walk,matsu
1.57E+15,0,-4,12,-4,0,-1,-3,-6,matsu,walk,matsu
1.57E+15,-2,0,-8,-1,-1,-1,1,-4,matsu,walk,matsu
1.57E+15,0,-3,1,-4,-3,-1,-1,4,matsu,walk,matsu
1.57E+15,-1,0,9,0,1,-2,-3,-5,matsu,walk,matsu
1.57E+15,6,4,4,4,-1,-1,1,0,matsu,walk,matsu
1.57E+15,-5,-3,-2,-2,-2,-1,-2,-7,matsu,walk,matsu
1.57E+15,3,0,3,-3,1,0,2,1,matsu,walk,matsu
1.57E+15,-4,0,-11,-1,-2,-3,-7,21,matsu,walk,matsu
1.57E+15,1,-1,-2,-2,-2,-1,0,0,matsu,walk,matsu
1.57E+15,-3,-4,-4,-1,-1,0,-3,-6,matsu,walk,matsu
1.57E+15,2,-2,-5,-2,-2,-1,-2,-3,matsu,walk,matsu
1.57E+15,-1,2,5,3,0,-1,0,-4,matsu,walk,matsu
1.57E+15,1,1,1,2,1,2,2,1,matsu,walk,matsu
1.57E+15,-3,-2,-1,-3,-1,0,-3,-4,matsu,walk,matsu
1.57E+15,0,-6,-2,-1,-2,-1,2,6,matsu,walk,matsu
1.57E+15,0,4,16,-1,-1,0,-1,-3,matsu,walk,matsu
1.57E+15,6,-1,-11,-2,-1,0,-1,-8,matsu,walk,matsu
1.57E+15,-4,-3,-2,0,-1,-2,-11,-17,matsu,walk,matsu
1.57E+15,-1,-5,0,-1,-1,1,2,1,matsu,walk,matsu
1.57E+15,-2,-5,-6,-2,-1,-1,-5,3,matsu,walk,matsu
1.57E+15,0,0,-9,0,0,0,10,-7,matsu,walk,matsu
1.57E+15,4,2,8,-2,-1,1,4,6,matsu,walk,matsu
1.57E+15,-2,4,2,-1,-1,-1,-4,-5,matsu,walk,matsu
1.57E+15,-5,-3,-1,0,-3,-1,3,-1,matsu,walk,matsu
1.57E+15,0,-1,-5,-1,-2,-1,-5,6,matsu,walk,matsu
1.57E+15,1,1,1,2,0,-1,2,1,matsu,walk,matsu
1.57E+15,0,1,9,0,-1,-2,0,0,matsu,walk,matsu
1.57E+15,-1,-1,-19,-5,-1,-1,1,-6,matsu,walk,matsu
1.57E+15,-4,-1,6,1,0,-1,-5,0,matsu,walk,matsu
1.57E+15,-1,2,4,-1,-2,-1,-3,-4,matsu,walk,matsu
1.57E+15,1,2,-5,-2,-1,2,0,2,matsu,walk,matsu
1.57E+15,0,-1,15,2,0,0,0,-4,matsu,walk,matsu
1.57E+15,-3,-2,-9,-2,-1,-1,-2,-2,matsu,walk,matsu
1.57E+15,-4,-10,1,-2,-1,-2,2,2,matsu,walk,matsu
1.57E+15,-2,1,7,1,-1,1,-1,1,matsu,walk,matsu
1.57E+15,1,5,4,1,-2,-1,0,-4,matsu,walk,matsu
1.57E+15,3,-10,2,-1,-2,0,-2,2,matsu,walk,matsu
1.57E+15,1,7,-2,1,0,-1,0,0,matsu,walk,matsu
1.57E+15,-14,-3,-7,0,0,-3,-1,0,matsu,walk,matsu
1.57E+15,0,1,4,0,-1,-2,-4,-5,matsu,walk,matsu
1.57E+15,-3,1,-7,0,-1,-1,-1,2,matsu,walk,matsu
1.57E+15,3,1,20,0,1,-1,1,2,matsu,walk,matsu
1.57E+15,0,-5,-57,-11,-1,-2,-2,-2,matsu,walk,matsu
1.57E+15,6,2,2,2,-2,-1,0,2,matsu,walk,matsu
1.57E+15,6,7,4,-1,1,-1,-1,3,matsu,walk,matsu
1.57E+15,3,-7,-6,-1,0,0,0,-2,matsu,walk,matsu
1.57E+15,-11,-2,12,-1,-1,-2,-3,-3,matsu,walk,matsu
1.57E+15,-7,-7,-13,-1,-1,2,-1,-3,matsu,walk,matsu
1.57E+15,-2,3,10,-8,-4,-1,-3,-3,matsu,walk,matsu
1.57E+15,7,3,11,6,0,-2,1,1,matsu,walk,matsu
1.57E+15,40,10,5,14,0,4,10,4,matsu,walk,matsu
1.57E+15,34,12,10,-4,6,4,10,41,matsu,walk,matsu
1.57E+15,-45,-19,-18,-7,-3,-6,-14,-29,matsu,walk,matsu
1.57E+15,-16,-16,-7,-8,-4,-8,-14,-92,matsu,walk,matsu
1.57E+15,-33,-16,11,-4,-2,-10,-17,25,matsu,walk,matsu
1.57E+15,-45,-8,-31,-4,-6,-4,-1,-37,matsu,walk,matsu
1.57E+15,58,2,-7,2,0,5,22,68,matsu,walk,matsu
1.57E+15,9,14,10,7,6,13,17,34,matsu,walk,matsu
1.57E+15,-9,-1,11,11,-3,-5,-15,-11,matsu,walk,matsu
1.57E+15,6,5,11,6,-1,-4,-8,-7,matsu,walk,matsu
1.57E+15,-27,-16,-31,-21,-7,-14,-34,-54,matsu,walk,matsu
1.57E+15,-4,4,45,-2,-2,-3,-5,-3,matsu,walk,matsu
1.57E+15,89,16,-62,-7,3,14,42,51,matsu,walk,matsu
1.57E+15,110,40,11,17,-5,11,61,117,matsu,walk,matsu
1.57E+15,-88,-23,6,-5,7,-6,-44,-74,matsu,walk,matsu
1.57E+15,42,-2,-19,-16,-6,-11,0,39,matsu,walk,matsu
1.57E+15,25,17,6,-12,-1,1,1,74,matsu,walk,matsu
1.57E+15,-3,-31,12,-11,1,-14,-48,-111,matsu,walk,matsu
1.57E+15,35,-23,-27,11,-22,-27,-28,-56,matsu,walk,matsu
1.57E+15,36,27,12,47,14,12,39,79,matsu,walk,matsu
1.57E+15,23,-23,-23,-66,-6,19,78,60,matsu,walk,matsu
1.57E+15,75,35,11,75,8,32,27,32,matsu,walk,matsu
1.57E+15,-24,30,72,5,12,-4,-13,-93,matsu,walk,matsu
1.57E+15,-82,-14,-48,-80,-6,-19,-48,-48,matsu,walk,matsu
1.57E+15,26,-42,10,31,-6,-2,30,105,matsu,walk,matsu
1.57E+15,32,-23,-21,-18,5,17,56,93,matsu,walk,matsu
1.57E+15,60,-29,6,31,-13,-6,-14,-10,matsu,walk,matsu
1.57E+15,-54,3,15,34,2,9,5,107,matsu,walk,matsu
1.57E+15,-32,27,30,6,13,7,-19,-99,matsu,walk,matsu
1.57E+15,18,16,17,34,-1,20,72,85,matsu,walk,matsu
1.57E+15,-87,-21,7,-20,-5,-55,-82,-51,matsu,walk,matsu
1.57E+15,22,-18,-10,-29,-5,-9,36,118,matsu,walk,matsu
1.57E+15,-5,31,8,8,-3,-5,-7,35,matsu,walk,matsu
1.57E+15,-36,0,0,-28,-5,-11,-13,3,matsu,walk,matsu
1.57E+15,56,27,-12,-32,3,29,65,127,matsu,walk,matsu
1.57E+15,30,21,-9,7,0,5,-16,-52,matsu,walk,matsu
1.57E+15,-19,-2,14,20,-4,-5,-25,-86,matsu,walk,matsu
1.57E+15,-53,-38,-12,-4,-6,-13,-23,-22,matsu,walk,matsu
1.57E+15,15,29,13,1,6,16,24,34,matsu,walk,matsu
1.57E+15,21,-12,-11,-1,-7,-9,-25,-74,matsu,walk,matsu
1.57E+15,-27,-10,-27,1,-2,-5,-14,-28,matsu,walk,matsu
1.57E+15,-18,-6,1,-17,1,-8,-17,-34,matsu,walk,matsu
1.57E+15,-13,1,-4,2,6,18,39,73,matsu,walk,matsu
1.57E+15,9,-3,-5,15,-4,-7,-27,15,matsu,walk,matsu
1.57E+15,11,5,18,3,-3,-11,-18,-16,matsu,walk,matsu
1.57E+15,-40,-5,-9,-24,-3,-13,-28,-53,matsu,walk,matsu
1.57E+15,26,6,-16,6,2,14,38,37,matsu,walk,matsu
1.57E+15,-2,-14,-28,7,-2,-1,-5,-9,matsu,walk,matsu
1.57E+15,-9,8,24,0,3,2,-1,-22,matsu,walk,matsu
1.57E+15,-30,-10,50,-17,-7,-11,-33,-38,matsu,walk,matsu
1.57E+15,7,-12,-44,-3,-3,5,23,27,matsu,walk,matsu
1.57E+15,-2,-9,-14,-6,-1,4,16,-2,matsu,walk,matsu
1.57E+15,-18,-3,-21,-3,0,-7,-21,-22,matsu,walk,matsu
1.57E+15,-1,6,25,6,3,-2,-2,5,matsu,walk,matsu
1.57E+15,15,18,78,15,4,5,9,16,matsu,walk,matsu
1.57E+15,1,15,3,17,4,5,7,-15,matsu,walk,matsu
1.57E+15,-15,-28,-86,-33,-10,-7,-6,-15,matsu,walk,matsu
1.57E+15,-8,-11,-28,-18,-8,-9,-14,-8,matsu,walk,matsu
1.57E+15,9,0,-5,-2,-1,1,7,7,matsu,walk,matsu
1.57E+15,-7,-1,22,10,-2,0,2,-22,matsu,walk,matsu
1.57E+15,12,10,32,3,2,1,-1,8,matsu,walk,matsu
1.57E+15,-6,0,-20,0,1,-2,-6,-2,matsu,walk,matsu
1.57E+15,-11,-11,-28,-10,-4,-4,-6,-13,matsu,walk,matsu
1.57E+15,1,4,37,9,2,5,12,1,matsu,walk,matsu
1.57E+15,-3,13,17,7,-1,-3,0,2,matsu,walk,matsu
1.57E+15,4,-12,-6,-14,-4,-6,-10,-6,matsu,walk,matsu
1.57E+15,-13,-4,-28,3,0,3,2,-3,matsu,walk,matsu
1.57E+15,3,1,40,15,1,4,4,-1,matsu,walk,matsu
1.57E+15,5,2,-57,-8,0,2,1,4,matsu,walk,matsu
1.57E+15,-10,-7,39,-25,-6,-5,-7,9,matsu,walk,matsu
1.57E+15,14,0,4,10,2,2,-2,-28,matsu,walk,matsu
1.57E+15,-9,-12,-20,-8,-2,-4,-1,0,matsu,walk,matsu
1.57E+15,-11,1,30,12,3,-2,-7,-2,matsu,walk,matsu
1.57E+15,-2,7,-11,6,2,-1,-1,-3,matsu,walk,matsu
1.57E+15,12,1,4,7,0,3,8,17,matsu,walk,matsu
1.57E+15,0,1,-15,-12,-5,0,2,-17,matsu,walk,matsu
1.57E+15,6,-6,25,1,-2,1,3,32,matsu,walk,matsu
1.57E+15,12,13,-9,6,0,0,-2,-13,matsu,walk,matsu
1.57E+15,-27,-21,-27,-19,-5,-2,-4,-5,matsu,walk,matsu
1.57E+15,-8,0,24,6,0,-1,-2,1,matsu,walk,matsu
1.57E+15,-2,2,20,9,4,1,3,1,matsu,walk,matsu
1.57E+15,-9,-13,-59,-13,-4,-4,-6,0,matsu,walk,matsu
1.57E+15,20,7,12,5,-2,-1,0,6,matsu,walk,matsu
1.57E+15,-2,3,-16,-8,-1,-1,0,-4,matsu,walk,matsu
1.57E+15,-16,-14,31,7,3,1,0,-4,matsu,walk,matsu
1.57E+15,-5,3,9,4,1,-3,-7,-20,matsu,walk,matsu
1.57E+15,4,8,6,0,0,-1,0,4,matsu,walk,matsu
1.57E+15,7,2,-6,-8,-1,2,5,4,matsu,walk,matsu
1.57E+15,5,2,-9,-4,2,3,-2,2,matsu,walk,matsu
1.57E+15,-20,-2,-4,11,7,3,1,2,matsu,walk,matsu
1.57E+15,1,2,12,-4,4,3,1,10,matsu,walk,matsu
1.57E+15,2,5,0,8,0,-2,0,-3,matsu,walk,matsu
1.57E+15,1,0,13,-9,-2,-1,-4,-13,matsu,walk,matsu
1.57E+15,-3,-14,-30,-4,1,0,-1,1,matsu,walk,matsu
1.57E+15,2,8,15,1,2,1,3,5,matsu,walk,matsu
1.57E+15,1,-1,2,-3,2,2,3,4,matsu,walk,matsu
1.57E+15,5,9,-18,5,0,-1,-4,-27,matsu,walk,matsu
1.57E+15,-7,-1,81,-17,-3,-1,-1,-5,matsu,walk,matsu
1.57E+15,-1,-5,-34,-2,1,-1,0,-1,matsu,walk,matsu
1.57E+15,-3,-3,-19,-6,0,-2,-1,-4,matsu,walk,matsu
1.57E+15,-9,-4,1,0,0,-2,-1,7,matsu,walk,matsu
1.57E+15,12,4,3,8,2,0,-3,-2,matsu,walk,matsu
1.57E+15,1,2,-4,-1,-4,-1,-3,-3,matsu,walk,matsu
1.57E+15,-2,-7,5,-5,-4,-1,-4,-1,matsu,walk,matsu
1.57E+15,-1,0,0,-3,-3,-1,-2,-1,matsu,walk,matsu
1.57E+15,47,13,-5,6,-1,2,7,12,matsu,walk,matsu
1.57E+15,29,15,4,0,-1,4,13,40,matsu,walk,matsu
1.57E+15,-80,-31,-47,-8,-4,-4,-9,3,matsu,walk,matsu
1.57E+15,-48,-21,-4,-10,-13,-23,-45,-86,matsu,walk,matsu
1.57E+15,26,11,-7,14,2,6,11,29,matsu,walk,matsu
1.57E+15,54,30,14,0,3,6,17,-10,matsu,walk,matsu
1.57E+15,-74,-21,-3,4,-6,-10,-27,6,matsu,walk,matsu
1.57E+15,22,-7,-1,-16,-3,-4,6,-41,matsu,walk,matsu
1.57E+15,-4,7,-14,-7,2,4,-2,-24,matsu,walk,matsu
1.57E+15,102,11,6,36,0,2,17,57,matsu,walk,matsu
1.57E+15,10,30,17,-29,2,6,18,27,matsu,walk,matsu
1.57E+15,-113,-51,-22,-6,-10,-20,-52,-50,matsu,walk,matsu
1.57E+15,63,10,5,26,-1,7,25,-30,matsu,walk,matsu
1.57E+15,-13,24,-3,-38,5,5,1,-45,matsu,walk,matsu
1.57E+15,127,18,13,33,-12,-10,0,88,matsu,walk,matsu
1.57E+15,-76,-48,-41,-52,-2,-23,-50,-91,matsu,walk,matsu
1.57E+15,46,-30,-17,3,-15,-19,-17,-9,matsu,walk,matsu
1.57E+15,-71,16,28,26,11,15,7,-3,matsu,walk,matsu
1.57E+15,-10,-44,-27,-7,-11,-18,-31,-128,matsu,walk,matsu
1.57E+15,127,51,21,7,7,20,57,127,matsu,walk,matsu
1.57E+15,-18,-3,-12,4,1,4,1,44,matsu,walk,matsu
1.57E+15,-11,-22,-12,-23,-6,-14,-22,-74,matsu,walk,matsu
1.57E+15,-29,1,5,13,5,9,10,41,matsu,walk,matsu
1.57E+15,35,32,13,33,1,12,17,-1,matsu,walk,matsu
1.57E+15,90,40,1,-8,13,31,83,101,matsu,walk,matsu
1.57E+15,-101,-102,-43,-25,-23,-42,-99,-84,matsu,walk,matsu
1.57E+15,28,-11,0,-9,4,-1,-3,25,matsu,walk,matsu
1.57E+15,52,4,9,35,-3,6,30,58,matsu,walk,matsu
1.57E+15,13,26,19,-7,14,26,53,90,matsu,walk,matsu
1.57E+15,-30,12,-3,-6,-2,-10,-38,35,matsu,walk,matsu
1.57E+15,-33,-22,-20,-21,-3,-15,-46,-128,matsu,walk,matsu
1.57E+15,-19,12,18,27,4,6,10,35,matsu,walk,matsu
1.57E+15,-36,-5,-6,-9,-9,-5,-4,-14,matsu,walk,matsu
1.57E+15,30,12,15,1,3,12,37,5,matsu,walk,matsu
1.57E+15,-1,-3,-14,-35,-1,1,-1,-9,matsu,walk,matsu
1.57E+15,4,14,8,10,1,5,12,23,matsu,walk,matsu
1.57E+15,-36,-18,-3,0,-6,-14,-36,-67,matsu,walk,matsu
1.57E+15,-10,-8,-5,15,-5,-3,3,9,matsu,walk,matsu
1.57E+15,43,25,9,11,0,5,17,29,matsu,walk,matsu
1.57E+15,-2,-5,-1,-11,0,4,12,-6,matsu,walk,matsu
1.57E+15,-57,-21,-14,-9,-6,-18,-44,-46,matsu,walk,matsu
1.57E+15,17,4,1,3,0,2,9,19,matsu,walk,matsu
1.57E+15,11,14,4,10,6,13,31,69,matsu,walk,matsu
1.57E+15,-4,-5,-3,-13,-1,3,-2,13,matsu,walk,matsu
1.57E+15,-34,-13,-1,-1,-2,-13,-38,-95,matsu,walk,matsu
1.57E+15,25,9,1,4,0,3,16,29,matsu,walk,matsu
1.57E+15,6,1,0,-4,-1,2,8,5,matsu,walk,matsu
1.57E+15,-18,-9,-3,-6,-2,-3,-9,-20,matsu,walk,matsu
1.57E+15,-8,-2,-2,0,-3,-5,-10,19,matsu,walk,matsu
1.57E+15,7,-1,-3,0,2,4,17,16,matsu,walk,matsu
1.57E+15,-8,-3,-4,0,-1,-1,0,-7,matsu,walk,matsu
1.57E+15,8,0,1,-2,-1,-2,-3,-1,matsu,walk,matsu
1.57E+15,-10,-1,-2,2,-3,-2,-3,-6,matsu,walk,matsu
1.57E+15,-3,-1,2,-2,0,1,3,-7,matsu,walk,matsu
1.57E+15,-3,-2,18,-1,-1,-2,-2,-2,matsu,walk,matsu
1.57E+15,10,5,2,1,2,1,3,5,matsu,walk,matsu
1.57E+15,-14,-5,18,-5,-1,-3,-7,-1,matsu,walk,matsu
1.57E+15,-7,-6,-15,0,-2,-3,-2,-1,matsu,walk,matsu
1.57E+15,13,6,3,8,3,2,5,7,matsu,walk,matsu
1.57E+15,6,10,-7,10,3,4,6,8,matsu,walk,matsu
1.57E+15,-19,-15,-12,-21,-8,-8,-12,-14,matsu,walk,matsu
1.57E+15,-2,-10,20,-11,-5,-5,-1,0,matsu,walk,matsu
1.57E+15,0,-1,-19,-7,-2,-2,8,0,matsu,walk,matsu
1.57E+15,-3,-2,-9,-3,0,-3,-3,-8,matsu,walk,matsu
1.57E+15,-5,7,1,14,3,-1,-5,3,matsu,walk,matsu
1.57E+15,8,5,-2,4,1,2,3,7,matsu,walk,matsu
1.57E+15,0,-2,5,-2,-2,0,3,2,matsu,walk,matsu
1.57E+15,-4,0,2,1,1,-2,-3,-11,matsu,walk,matsu
1.57E+15,-2,0,3,-1,-1,-1,-2,3,matsu,walk,matsu
1.57E+15,0,-5,-4,-3,-2,-2,3,5,matsu,walk,matsu
1.57E+15,-1,2,-11,1,0,2,-1,-5,matsu,walk,matsu
1.57E+15,0,-2,8,-7,-3,-2,-4,-5,matsu,walk,matsu
1.57E+15,-3,-4,-3,-3,-2,-2,-3,1,matsu,walk,matsu
1.57E+15,1,-1,-9,1,0,-1,-1,-1,matsu,walk,matsu
1.57E+15,0,1,1,3,1,0,1,-2,matsu,walk,matsu
1.57E+15,-1,-2,2,-6,-1,-1,0,-2,matsu,walk,matsu
1.57E+15,-5,-4,-9,0,0,-2,-3,-1,matsu,walk,matsu
1.57E+15,5,3,1,6,2,1,0,1,matsu,walk,matsu
1.57E+15,2,2,21,0,-1,2,0,1,matsu,walk,matsu
1.57E+15,-6,-14,-64,-12,-4,-4,-3,-4,matsu,walk,matsu
1.57E+15,-3,-2,12,-4,-1,-2,-3,-2,matsu,walk,matsu
1.57E+15,2,1,1,-2,-1,0,0,1,matsu,walk,matsu
1.57E+15,0,0,5,-1,2,0,0,0,matsu,walk,matsu
1.57E+15,-3,-2,7,3,-1,1,0,-2,matsu,walk,matsu
1.57E+15,-4,-1,-9,2,-1,1,-2,-3,matsu,walk,matsu
1.57E+15,-1,-1,-3,0,-2,0,-1,-1,matsu,walk,matsu
1.57E+15,3,0,-4,-2,-1,-1,-1,0,matsu,walk,matsu
1.57E+15,-1,0,8,-1,0,-2,-1,-1,matsu,walk,matsu
1.57E+15,1,-2,-4,-1,0,-1,-1,-1,matsu,walk,matsu
1.57E+15,0,0,4,1,-1,0,1,2,matsu,walk,matsu
1.57E+15,-5,-2,-8,-2,-1,-1,-1,-2,matsu,walk,matsu
1.57E+15,-1,-2,6,-2,-2,-2,-3,-3,matsu,walk,matsu
1.57E+15,-1,1,0,1,-1,0,-1,1,matsu,walk,matsu
1.57E+15,-1,-1,-5,-2,0,0,0,0,matsu,walk,matsu
1.57E+15,-1,-1,-8,1,-2,-3,-1,0,matsu,walk,matsu
1.57E+15,2,1,9,1,-2,-1,1,-1,matsu,walk,matsu
1.57E+15,-1,-2,-2,0,-1,-3,-3,0,matsu,walk,matsu
1.57E+15,-4,-2,-3,-1,-2,0,0,-1,matsu,walk,matsu
,,,,,,,,,,,
1.57E+15,-1,4,-3,-1,-1,-1,-3,-2,matsu,walk,matsu
1.57E+15,-3,-6,-4,-3,0,-3,-2,2,matsu,walk,matsu
1.57E+15,0,-2,0,-2,-2,-2,-2,-9,matsu,walk,matsu
1.57E+15,2,1,-4,-1,0,-1,-1,2,matsu,walk,matsu
1.57E+15,-4,-2,-3,1,-2,0,0,-3,matsu,walk,matsu
1.57E+15,-1,-2,-5,-3,-1,2,-3,-2,matsu,walk,matsu
1.57E+15,1,1,-2,-2,1,2,0,0,matsu,walk,matsu
1.57E+15,0,-1,-2,0,-1,-1,-1,2,matsu,walk,matsu
1.57E+15,-3,-1,0,0,-1,-2,0,-3,matsu,walk,matsu
1.57E+15,4,0,-2,-1,-2,0,-2,-3,matsu,walk,matsu
1.57E+15,2,1,3,-1,-1,0,-2,1,matsu,walk,matsu
1.57E+15,-3,-2,-1,-1,-1,0,-3,0,matsu,walk,matsu
1.57E+15,-16,-8,-4,-1,-1,-2,-2,-7,matsu,walk,matsu
1.57E+15,-4,-6,-2,-1,-2,0,-2,-1,matsu,walk,matsu
1.57E+15,2,-2,-3,0,-2,1,0,-1,matsu,walk,matsu
1.57E+15,17,4,1,0,1,-2,1,5,matsu,walk,matsu
1.57E+15,19,3,1,-1,1,2,2,6,matsu,walk,matsu
1.57E+15,-37,-4,-3,-1,0,-1,-1,-14,matsu,walk,matsu
1.57E+15,-6,-8,2,-1,-1,-2,-3,2,matsu,walk,matsu
1.57E+15,-22,-5,-5,-3,-2,-3,-7,1,matsu,walk,matsu
1.57E+15,-20,-12,-5,-2,-4,-2,8,-8,matsu,walk,matsu
1.57E+15,12,3,-2,-2,-3,-7,-13,-20,matsu,walk,matsu
1.57E+15,7,3,1,0,0,-1,6,1,matsu,walk,matsu
1.57E+15,11,1,1,-1,1,2,4,10,matsu,walk,matsu
1.57E+15,12,13,7,3,1,0,5,9,matsu,walk,matsu
1.57E+15,-2,0,-1,-6,-4,-3,-1,17,matsu,walk,matsu
1.57E+15,-2,-1,-11,-2,-2,0,0,-6,matsu,walk,matsu
1.57E+15,3,0,-4,-1,0,-2,-1,-1,matsu,walk,matsu
1.57E+15,8,3,3,0,1,-1,-5,1,matsu,walk,matsu
1.57E+15,2,-4,-1,3,-1,-3,-2,55,matsu,walk,matsu
1.57E+15,-3,-3,-1,0,0,-4,-11,-59,matsu,walk,matsu
1.57E+15,-29,-8,-2,-2,-2,-1,0,-21,matsu,walk,matsu
1.57E+15,36,11,0,1,1,2,12,48,matsu,walk,matsu
1.57E+15,58,14,5,5,4,9,10,1,matsu,walk,matsu
1.57E+15,-99,-25,-10,-7,-7,-11,-21,-15,matsu,walk,matsu
1.57E+15,-5,-17,-5,-2,-3,-3,-10,-1,matsu,walk,matsu
1.57E+15,-3,-8,-5,-3,-4,-6,-9,-36,matsu,walk,matsu
1.57E+15,23,6,-2,0,-3,2,12,14,matsu,walk,matsu
1.57E+15,67,23,9,5,5,8,18,45,matsu,walk,matsu
1.57E+15,36,14,4,5,1,2,6,10,matsu,walk,matsu
1.57E+15,-29,-12,-5,-5,1,-2,-11,26,matsu,walk,matsu
1.57E+15,-62,-29,-15,-5,-5,-8,-19,-102,matsu,walk,matsu
1.57E+15,10,0,7,-1,-1,-5,-2,34,matsu,walk,matsu
1.57E+15,30,5,19,-6,-6,-1,12,41,matsu,walk,matsu
1.57E+15,127,47,8,17,10,21,36,89,matsu,walk,matsu
1.57E+15,-98,-27,-12,-9,-3,-15,-65,-99,matsu,walk,matsu
1.57E+15,44,-4,-19,-1,-7,-12,-8,37,matsu,walk,matsu
1.57E+15,-24,9,12,7,5,9,15,33,matsu,walk,matsu
1.57E+15,-59,-57,0,-16,-18,-22,-18,-70,matsu,walk,matsu
1.57E+15,79,41,17,33,16,27,63,112,matsu,walk,matsu
1.57E+15,-41,-22,14,-26,-7,-16,-64,-124,matsu,walk,matsu
1.57E+15,113,39,-35,-56,1,6,21,61,matsu,walk,matsu
1.57E+15,-16,-5,-13,19,-5,-2,-5,30,matsu,walk,matsu
1.57E+15,-79,-31,-27,-34,1,3,22,-71,matsu,walk,matsu
1.57E+15,127,44,33,49,-2,13,54,127,matsu,walk,matsu
1.57E+15,-110,-61,-16,-21,1,-28,-87,-128,matsu,walk,matsu
1.57E+15,-37,-11,-17,-33,-3,-4,-2,-4,matsu,walk,matsu
1.57E+15,21,-2,14,18,-5,-12,-20,74,matsu,walk,matsu
1.57E+15,-19,6,-10,-16,1,6,24,60,matsu,walk,matsu
1.57E+15,52,6,16,31,1,19,49,76,matsu,walk,matsu
1.57E+15,-28,23,19,6,3,3,-6,-22,matsu,walk,matsu
1.57E+15,14,-10,-10,5,-7,-11,-25,-20,matsu,walk,matsu
1.57E+15,-23,-5,-3,-5,5,10,16,-21,matsu,walk,matsu
1.57E+15,7,11,2,9,-1,3,-1,-26,matsu,walk,matsu
1.57E+15,-21,-14,-7,-2,0,-6,-20,-52,matsu,walk,matsu
1.57E+15,32,27,11,-5,1,5,20,19,matsu,walk,matsu
1.57E+15,-10,-7,-6,-4,0,-1,-9,-36,matsu,walk,matsu
1.57E+15,-21,-10,-2,4,-3,-4,-4,-14,matsu,walk,matsu
1.57E+15,22,6,-4,-5,-1,0,3,56,matsu,walk,matsu
1.57E+15,-1,-7,-1,-4,-1,-3,-2,-47,matsu,walk,matsu
1.57E+15,-15,-9,-8,-2,3,1,-3,-26,matsu,walk,matsu
1.57E+15,-17,-5,-2,6,-5,-9,-8,48,matsu,walk,matsu
1.57E+15,14,4,5,2,2,4,6,-22,matsu,walk,matsu
1.57E+15,24,3,2,-7,-2,0,-1,12,matsu,walk,matsu
1.57E+15,-18,-7,-2,1,0,-1,-8,-5,matsu,walk,matsu
1.57E+15,3,6,-1,3,-1,2,9,-9,matsu,walk,matsu
1.57E+15,-12,-6,-2,-2,1,-1,-6,-20,matsu,walk,matsu
1.57E+15,-3,-3,0,-1,0,0,10,22,matsu,walk,matsu
1.57E+15,-5,-3,-10,0,1,-2,-11,-9,matsu,walk,matsu
1.57E+15,-10,-2,5,4,-3,-2,-11,-3,matsu,walk,matsu
1.57E+15,-2,-2,-7,1,-2,-2,-1,-54,matsu,walk,matsu
1.57E+15,8,8,14,2,0,3,6,17,matsu,walk,matsu
1.57E+15,-6,-3,8,-3,-2,1,1,-28,matsu,walk,matsu
1.57E+15,5,3,-9,2,1,1,0,-4,matsu,walk,matsu
1.57E+15,-9,-4,-18,0,1,0,-3,-19,matsu,walk,matsu
1.57E+15,4,-1,66,-9,-4,-2,0,5,matsu,walk,matsu
1.57E+15,1,3,-1,0,0,-1,0,7,matsu,walk,matsu
1.57E+15,-11,-6,4,1,0,1,2,-14,matsu,walk,matsu
1.57E+15,6,0,-14,1,-2,-4,-2,32,matsu,walk,matsu
1.57E+15,4,2,-2,2,-1,-1,-3,10,matsu,walk,matsu
1.57E+15,1,1,-2,1,1,-2,-1,-1,matsu,walk,matsu
1.57E+15,-6,-2,-1,5,1,0,-2,2,matsu,walk,matsu
1.57E+15,1,0,60,-6,-1,1,1,1,matsu,walk,matsu
1.57E+15,8,6,-20,6,2,-1,0,7,matsu,walk,matsu
1.57E+15,-7,-14,-25,-7,-2,-1,-2,6,matsu,walk,matsu
1.57E+15,-9,-11,-84,-14,-5,-4,-2,-19,matsu,walk,matsu
1.57E+15,2,0,18,3,0,0,-2,3,matsu,walk,matsu
1.57E+15,2,-2,-13,-1,-1,-3,-2,-1,matsu,walk,matsu
1.57E+15,3,10,8,9,1,3,5,-2,matsu,walk,matsu
1.57E+15,1,5,30,6,3,1,0,-7,matsu,walk,matsu
1.57E+15,-7,-13,-18,-6,-3,-3,-4,-1,matsu,walk,matsu
1.57E+15,1,-1,-9,-5,-1,-2,-1,6,matsu,walk,matsu
1.57E+15,-1,-1,-7,0,0,-2,0,-2,matsu,walk,matsu
1.57E+15,0,3,12,-1,-3,-2,-3,-4,matsu,walk,matsu
1.57E+15,1,5,-8,0,1,-1,1,8,matsu,walk,matsu
1.57E+15,-2,-12,-6,-1,-1,0,0,0,matsu,walk,matsu
1.57E+15,1,2,22,-3,-1,0,0,-2,matsu,walk,matsu
1.57E+15,-1,-1,-12,0,-1,0,-1,-5,matsu,walk,matsu
1.57E+15,4,10,-9,7,0,0,1,1,matsu,walk,matsu
1.57E+15,-3,-2,28,-5,-5,-3,-2,0,matsu,walk,matsu
1.57E+15,-2,-9,-71,-7,-5,-4,-2,5,matsu,walk,matsu
1.57E+15,0,4,18,1,0,-2,-3,-19,matsu,walk,matsu
1.57E+15,1,-3,-5,-2,1,0,1,-1,matsu,walk,matsu
1.57E+15,1,6,-5,5,1,0,1,1,matsu,walk,matsu
1.57E+15,-3,-3,9,-14,-3,-3,-3,0,matsu,walk,matsu
1.57E+15,2,4,36,11,1,0,2,5,matsu,walk,matsu
1.57E+15,4,5,16,15,4,2,0,-2,matsu,walk,matsu
1.57E+15,-4,-11,-49,-25,-5,-3,-4,-5,matsu,walk,matsu
1.57E+15,0,-2,19,-5,-2,-2,-1,-4,matsu,walk,matsu
1.57E+15,-4,-5,-30,-9,-2,-3,-3,-2,matsu,walk,matsu
1.57E+15,-4,-2,19,6,1,-1,0,-4,matsu,walk,matsu
1.57E+15,8,4,10,13,3,1,0,7,matsu,walk,matsu
1.57E+15,2,5,10,5,1,1,1,-3,matsu,walk,matsu
1.57E+15,3,-16,-8,-4,-5,-2,-2,-4,matsu,walk,matsu
1.57E+15,1,1,-7,-2,-1,1,-3,9,matsu,walk,matsu
1.57E+15,5,12,-5,1,-4,-4,-1,-2,matsu,walk,matsu
1.57E+15,-3,-3,-2,-3,1,0,-1,-3,matsu,walk,matsu
1.57E+15,-8,3,8,0,0,0,-2,-1,matsu,walk,matsu
1.57E+15,6,-1,-14,-11,-6,-3,-3,-1,matsu,walk,matsu
1.57E+15,0,4,-9,0,0,0,-2,-2,matsu,walk,matsu
1.57E+15,-5,-8,23,7,-1,-2,0,-3,matsu,walk,matsu
1.57E+15,14,6,0,2,1,-1,3,8,matsu,walk,matsu
1.57E+15,-11,-28,0,-7,3,1,2,4,matsu,walk,matsu
1.57E+15,-3,-20,-37,-18,-9,-4,-5,-20,matsu,walk,matsu
1.57E+15,-2,-1,19,0,-2,-3,-3,-17,matsu,walk,matsu
1.57E+15,-12,-5,5,2,-1,-2,0,1,matsu,walk,matsu
1.57E+15,2,15,26,13,0,2,0,2,matsu,walk,matsu
1.57E+15,5,-4,-32,-2,4,4,2,6,matsu,walk,matsu
1.57E+15,-3,-8,-1,3,-1,-1,-1,3,matsu,walk,matsu
1.57E+15,-6,-3,20,6,2,1,1,-3,matsu,walk,matsu
1.57E+15,-4,5,-4,-6,-2,-3,-1,-3,matsu,walk,matsu
1.57E+15,-6,-3,33,-14,-4,-4,-3,2,matsu,walk,matsu
1.57E+15,1,-1,-19,2,-2,-1,-3,-1,matsu,walk,matsu
1.57E+15,2,0,22,-5,-1,-1,0,6,matsu,walk,matsu
1.57E+15,7,10,7,7,1,-1,0,2,matsu,walk,matsu
1.57E+15,-2,5,25,10,1,0,0,1,matsu,walk,matsu
1.57E+15,-7,0,-8,-4,-1,-2,-2,4,matsu,walk,matsu
1.57E+15,3,3,-6,-4,-2,-2,-3,-14,matsu,walk,matsu
1.57E+15,18,-10,-16,-4,-2,2,1,5,matsu,walk,matsu
1.57E+15,22,1,-4,4,1,3,1,19,matsu,walk,matsu
1.57E+15,-67,5,13,0,-2,-4,-7,-19,matsu,walk,matsu
1.57E+15,-40,-30,-37,-2,-2,-7,-9,-9,matsu,walk,matsu
1.57E+15,-15,-25,4,-13,-3,0,-2,-6,matsu,walk,matsu
1.57E+15,21,10,-6,4,2,3,10,23,matsu,walk,matsu
1.57E+15,53,19,1,3,3,12,17,19,matsu,walk,matsu
1.57E+15,-2,16,34,27,1,-3,-11,51,matsu,walk,matsu
1.57E+15,-38,-13,-61,-51,-11,-16,-32,-100,matsu,walk,matsu
1.57E+15,-1,-5,19,8,0,1,13,22,matsu,walk,matsu
1.57E+15,74,27,12,7,8,14,31,80,matsu,walk,matsu
1.57E+15,100,27,8,-2,2,12,17,18,matsu,walk,matsu
1.57E+15,-15,5,-8,18,3,-3,-16,-37,matsu,walk,matsu
1.57E+15,-69,-19,-14,-3,-12,-23,-32,50,matsu,walk,matsu
1.57E+15,26,7,-1,-4,2,5,13,-4,matsu,walk,matsu
1.57E+15,-107,-37,-22,-15,-5,-7,-1,-10,matsu,walk,matsu
1.57E+15,-80,-60,3,24,-8,-14,-61,-76,matsu,walk,matsu
1.57E+15,78,42,15,1,11,19,40,38,matsu,walk,matsu
1.57E+15,-95,-24,-13,-22,-17,-32,-57,-42,matsu,walk,matsu
1.57E+15,75,-29,-44,-44,-12,5,71,86,matsu,walk,matsu
1.57E+15,88,15,1,-40,0,-23,-46,-38,matsu,walk,matsu
1.57E+15,68,35,28,23,4,-7,-4,-60,matsu,walk,matsu
1.57E+15,23,-6,-12,35,6,13,37,64,matsu,walk,matsu
1.57E+15,-31,3,-11,7,-8,-12,-55,-19,matsu,walk,matsu
1.57E+15,0,40,50,65,9,42,108,127,matsu,walk,matsu
1.57E+15,-33,-13,-18,-57,-8,-12,-23,-70,matsu,walk,matsu
1.57E+15,11,15,-7,-38,-2,-26,-60,-99,matsu,walk,matsu
1.57E+15,-76,4,4,-12,3,6,-5,-72,matsu,walk,matsu
1.57E+15,35,-6,-5,18,2,7,24,52,matsu,walk,matsu
1.57E+15,-75,-28,-8,27,-13,-19,-35,-95,matsu,walk,matsu
1.57E+15,80,25,12,21,2,12,24,37,matsu,walk,matsu
1.57E+15,-45,-63,-3,-33,2,-7,-26,-15,matsu,walk,matsu
1.57E+15,-18,44,5,13,9,12,22,28,matsu,walk,matsu
1.57E+15,6,2,-3,1,8,14,17,19,matsu,walk,matsu
1.57E+15,-45,-29,-2,-8,-3,-3,-13,-30,matsu,walk,matsu
1.57E+15,98,37,16,23,2,6,15,29,matsu,walk,matsu
1.57E+15,16,5,-7,-22,-4,-4,-1,20,matsu,walk,matsu
1.57E+15,-45,-22,-13,-4,-1,0,-5,30,matsu,walk,matsu
1.57E+15,3,-13,-9,-4,-5,-5,-3,-2,matsu,walk,matsu
1.57E+15,15,26,18,14,2,1,4,-25,matsu,walk,matsu
1.57E+15,-26,-11,-15,-14,-4,-5,-3,22,matsu,walk,matsu
1.57E+15,-2,-6,-7,-3,-2,-3,-7,17,matsu,walk,matsu
1.57E+15,5,8,10,6,1,7,4,-55,matsu,walk,matsu
1.57E+15,-1,7,-3,2,2,-1,-4,-15,matsu,walk,matsu
1.57E+15,-18,-16,-8,-11,-4,-5,-10,-32,matsu,walk,matsu
1.57E+15,33,4,6,7,3,8,13,27,matsu,walk,matsu
1.57E+15,-12,-5,-4,-3,1,0,3,12,matsu,walk,matsu
1.57E+15,-12,-1,-4,4,1,0,-5,-20,matsu,walk,matsu
1.57E+15,17,-1,-6,-8,-5,-4,-4,1,matsu,walk,matsu
1.57E+15,6,4,13,3,2,5,5,8,matsu,walk,matsu
1.57E+15,-23,-8,-3,-3,-1,1,-1,4,matsu,walk,matsu
1.57E+15,-2,1,1,1,-2,-3,-7,-10,matsu,walk,matsu
1.57E+15,22,11,12,1,-1,1,6,24,matsu,walk,matsu
1.57E+15,-5,-7,-20,-2,0,0,0,-12,matsu,walk,matsu
1.57E+15,-16,-10,-2,-1,-2,-1,-3,-5,matsu,walk,matsu
1.57E+15,19,5,1,3,0,2,2,12,matsu,walk,matsu
1.57E+15,4,1,-10,-2,0,-2,0,0,matsu,walk,matsu
1.57E+15,-8,0,24,2,-1,1,-2,-8,matsu,walk,matsu
1.57E+15,0,-1,-61,-9,-1,-2,-1,3,matsu,walk,matsu
1.57E+15,0,1,-22,4,0,-1,-2,6,matsu,walk,matsu
1.57E+15,-10,-10,-46,-22,-5,-4,-5,-12,matsu,walk,matsu
1.57E+15,0,3,8,4,1,-1,-2,-4,matsu,walk,matsu
1.57E+15,5,6,52,7,1,4,7,20,matsu,walk,matsu
1.57E+15,-1,5,-17,0,-3,-3,-2,-5,matsu,walk,matsu
1.57E+15,-1,6,-16,17,4,2,-1,-4,matsu,walk,matsu
1.57E+15,2,-20,-77,-49,-10,-6,-2,-6,matsu,walk,matsu
1.57E+15,-2,-9,22,5,1,-1,0,4,matsu,walk,matsu
1.57E+15,-3,17,26,20,5,3,1,-5,matsu,walk,matsu
1.57E+15,0,-11,24,-19,-4,-3,-2,-2,matsu,walk,matsu
1.57E+15,-2,12,30,13,0,-2,-2,-1,matsu,walk,matsu
1.57E+15,-4,0,-5,-5,0,0,0,0,matsu,walk,matsu
1.57E+15,-1,-4,8,-3,-2,-2,-2,-1,matsu,walk,matsu
1.57E+15,2,9,-2,10,1,2,2,5,matsu,walk,matsu
1.57E+15,4,1,7,0,2,0,0,-5,matsu,walk,matsu
1.57E+15,-5,-3,10,-8,-2,0,-1,-2,matsu,walk,matsu
1.57E+15,5,-3,-16,2,0,-1,-1,1,matsu,walk,matsu
1.57E+15,13,4,16,-3,0,-1,0,0,matsu,walk,matsu
1.57E+15,-6,-3,-1,2,1,-1,1,-2,matsu,walk,matsu
1.57E+15,-14,2,44,23,0,-1,-2,-3,matsu,walk,matsu
1.57E+15,3,2,1,4,2,1,0,2,matsu,walk,matsu
1.57E+15,-6,-19,-87,-58,-10,-7,-5,-5,matsu,walk,matsu
1.57E+15,35,5,-8,8,0,0,2,4,matsu,walk,matsu
1.57E+15,-2,6,-9,2,1,2,7,41,matsu,walk,matsu
1.57E+15,-38,-4,25,5,-2,-2,-5,-48,matsu,walk,matsu
1.57E+15,-29,-3,36,16,-2,-5,-11,-38,matsu,walk,matsu
1.57E+15,22,1,-19,-9,3,4,8,-3,matsu,walk,matsu
1.57E+15,38,18,29,16,2,7,8,69,matsu,walk,matsu
1.57E+15,38,-5,-30,-6,-6,-8,-14,-31,matsu,walk,matsu
1.57E+15,-40,0,6,-11,-2,-4,-10,32,matsu,walk,matsu
1.57E+15,-82,-24,-12,-7,-3,-6,-18,-57,matsu,walk,matsu
1.57E+15,14,-18,-45,-35,-10,-2,18,53,matsu,walk,matsu
1.57E+15,55,17,-10,3,4,10,27,30,matsu,walk,matsu
1.57E+15,-26,-6,10,15,-2,-5,-16,65,matsu,walk,matsu
1.57E+15,-36,-3,16,21,-2,-11,-29,-100,matsu,walk,matsu
1.57E+15,2,1,7,0,0,-10,-20,-54,matsu,walk,matsu
1.57E+15,4,-1,8,-3,1,1,12,109,matsu,walk,matsu
1.57E+15,-5,5,1,-9,-2,6,22,0,matsu,walk,matsu
1.57E+15,51,23,25,4,9,17,31,48,matsu,walk,matsu
1.57E+15,29,4,-7,12,-3,-3,-14,49,matsu,walk,matsu
1.57E+15,-6,7,5,-14,1,-4,-27,-80,matsu,walk,matsu
1.57E+15,-2,12,12,6,1,11,43,92,matsu,walk,matsu
1.57E+15,-74,-2,27,5,8,25,64,-13,matsu,walk,matsu
1.57E+15,-114,-68,-80,-42,-11,-23,-56,-42,matsu,walk,matsu
1.57E+15,-89,-31,28,36,-7,-15,8,52,matsu,walk,matsu
1.57E+15,52,34,13,-9,14,4,14,57,matsu,walk,matsu
1.57E+15,32,22,25,23,-7,-22,-84,-43,matsu,walk,matsu
1.57E+15,127,1,4,-19,9,16,42,75,matsu,walk,matsu
1.57E+15,-21,8,-11,-35,-5,18,60,36,matsu,walk,matsu
1.57E+15,41,-4,13,22,5,16,32,56,matsu,walk,matsu
1.57E+15,-5,-23,16,20,-11,-29,-61,-1,matsu,walk,matsu
1.57E+15,-18,32,3,6,8,3,-10,11,matsu,walk,matsu
1.57E+15,73,-1,-1,-8,0,1,5,57,matsu,walk,matsu
1.57E+15,-17,0,17,25,1,8,27,43,matsu,walk,matsu
1.57E+15,-62,15,-11,-6,4,1,-4,-30,matsu,walk,matsu
1.57E+15,-2,-27,-13,-16,-3,-11,-29,-68,matsu,walk,matsu
1.57E+15,17,28,14,-7,-1,-1,-2,-7,matsu,walk,matsu
1.57E+15,50,2,-9,-5,0,2,-3,-48,matsu,walk,matsu
1.57E+15,-8,-22,-24,-14,-8,-5,-3,26,matsu,walk,matsu
1.57E+15,-22,15,15,9,-4,-3,9,-47,matsu,walk,matsu
1.57E+15,4,5,-6,-1,2,6,12,9,matsu,walk,matsu
1.57E+15,-8,-12,4,1,-7,-14,-44,-85,matsu,walk,matsu
1.57E+15,18,0,-8,-8,0,1,11,32,matsu,walk,matsu
1.57E+15,-22,-1,8,4,-1,6,26,9,matsu,walk,matsu
1.57E+15,1,-4,-5,-1,-2,-8,-30,-22,matsu,walk,matsu
1.57E+15,-16,-13,-7,0,-5,-12,-29,-38,matsu,walk,matsu
1.57E+15,29,3,-10,-10,2,8,28,53,matsu,walk,matsu
1.57E+15,5,11,0,13,3,7,17,25,matsu,walk,matsu
1.57E+15,-27,-15,-6,-1,-2,-9,-30,-81,matsu,walk,matsu
1.57E+15,-1,-4,-4,-5,-2,-3,-9,-29,matsu,walk,matsu
1.57E+15,26,1,-3,-6,1,8,27,46,matsu,walk,matsu
1.57E+15,-12,2,6,5,0,-1,-8,-23,matsu,walk,matsu
1.57E+15,-7,-7,-3,-3,-3,-3,-11,-5,matsu,walk,matsu
1.57E+15,0,-4,-2,-5,-3,-2,3,-9,matsu,walk,matsu
1.57E+15,18,0,-6,-1,-2,1,2,8,matsu,walk,matsu
1.57E+15,-15,-1,3,3,-1,-3,-7,-14,matsu,walk,matsu
1.57E+15,2,-4,-1,-2,1,-4,-2,9,matsu,walk,matsu
1.57E+15,7,2,-2,2,-2,-1,0,-14,matsu,walk,matsu
1.57E+15,-2,-3,-5,-1,-1,-1,0,21,matsu,walk,matsu
1.57E+15,-5,3,0,0,-3,-2,-1,-13,matsu,walk,matsu
1.57E+15,1,-4,1,-2,0,0,3,11,matsu,walk,matsu
1.57E+15,-4,-2,0,-1,-2,-3,-9,-16,matsu,walk,matsu
1.57E+15,3,-2,-1,-1,0,-2,3,6,matsu,walk,matsu
1.57E+15,4,2,1,2,-1,-1,6,1,matsu,walk,matsu
1.57E+15,11,-1,-1,-1,1,-1,-5,-5,matsu,walk,matsu
1.57E+15,0,-3,-2,0,-1,-7,-7,-7,matsu,walk,matsu
1.57E+15,-20,-7,-5,-5,-3,-4,3,5,matsu,walk,matsu
1.57E+15,2,4,1,3,1,-1,1,-4,matsu,walk,matsu
1.57E+15,-5,-6,-2,-1,-1,-3,-5,5,matsu,walk,matsu
1.57E+15,6,-1,-1,1,0,0,-1,-6,matsu,walk,matsu
1.57E+15,16,4,0,0,0,2,8,13,matsu,walk,matsu
1.57E+15,-7,1,0,1,-1,-3,-1,-6,matsu,walk,matsu
1.57E+15,-7,-6,-5,-2,-2,-5,-5,-6,matsu,walk,matsu
1.57E+15,3,1,-1,1,-3,0,-1,-1,matsu,walk,matsu
1.57E+15,-7,1,-3,-2,-2,1,0,0,matsu,walk,matsu
1.57E+15,-1,-4,0,0,-1,-2,-3,-4,matsu,walk,matsu
1.57E+15,1,-1,-1,-1,0,-1,-1,3,matsu,walk,matsu
1.57E+15,-8,-3,-2,-1,0,-3,-3,-8,matsu,walk,matsu
1.57E+15,8,-1,-2,0,0,1,0,6,matsu,walk,matsu
1.57E+15,1,0,-1,0,-2,-1,0,-3,matsu,walk,matsu
1.57E+15,-4,0,0,-1,-1,0,0,2,matsu,walk,matsu
1.57E+15,0,-1,-1,-1,-1,-2,-3,-3,matsu,walk,matsu
1.57E+15,5,0,3,-1,0,-2,0,4,matsu,walk,matsu
1.57E+15,-2,0,-1,-1,-1,-1,-1,-2,matsu,walk,matsu
1.57E+15,-10,-3,-2,0,-1,1,-4,-6,matsu,walk,matsu
1.57E+15,-5,-5,-4,-2,-1,-2,-4,-7,matsu,walk,matsu
1.57E+15,5,-1,-3,-1,0,-1,1,1,matsu,walk,matsu
1.57E+15,11,2,1,1,1,0,4,18,matsu,walk,matsu
1.57E+15,-6,1,1,-2,0,-1,-2,-18,matsu,walk,matsu
1.57E+15,-6,-4,-2,-2,-3,-2,-4,-5,matsu,walk,matsu
1.57E+15,-2,0,-2,0,0,-2,0,3,matsu,walk,matsu
1.57E+15,0,-2,-1,-1,0,-1,-1,-4,matsu,walk,matsu
1.57E+15,10,1,0,-2,-1,2,3,11,matsu,walk,matsu
1.57E+15,-3,2,0,-1,-1,1,2,1,matsu,walk,matsu
1.57E+15,5,-2,-2,-1,0,-1,-1,-3,matsu,walk,matsu
1.57E+15,-3,0,0,1,0,-1,-2,-1,matsu,walk,matsu
1.57E+15,-1,-2,-1,-1,0,-2,-1,1,matsu,walk,matsu
1.57E+15,-14,-2,-2,-1,0,-3,-1,-7,matsu,walk,matsu
1.57E+15,2,-2,0,-2,0,-1,0,3,matsu,walk,matsu
1.57E+15,-2,-2,0,-2,0,-1,-2,-8,matsu,walk,matsu
1.57E+15,-3,-2,-2,-1,-1,-1,-4,-3,matsu,walk,matsu
1.57E+15,2,-2,0,-1,-2,0,-3,0,matsu,walk,matsu
,,,,,,,,,,,
1.57E+15,1,4,0,1,-1,0,-1,0,matsu,walk,matsu
1.57E+15,-3,-5,-1,-1,-2,0,-2,-1,matsu,walk,matsu
1.57E+15,-1,0,0,-4,-1,-2,-3,-2,matsu,walk,matsu
1.57E+15,1,2,1,0,-2,-1,-1,0,matsu,walk,matsu
1.57E+15,-4,0,-1,0,-1,-3,-1,-2,matsu,walk,matsu
1.57E+15,-2,-3,0,-1,0,-2,-2,-1,matsu,walk,matsu
1.57E+15,-2,2,0,1,-1,-1,-1,-1,matsu,walk,matsu
1.57E+15,3,-1,-2,-2,-1,-1,-3,7,matsu,walk,matsu
1.57E+15,-1,-4,-3,0,-1,-2,-1,-19,matsu,walk,matsu
1.57E+15,2,1,-4,0,-2,1,0,-2,matsu,walk,matsu
1.57E+15,-1,-3,0,-1,-2,-1,-1,-2,matsu,walk,matsu
1.57E+15,2,-5,-1,-2,0,1,1,-2,matsu,walk,matsu
1.57E+15,-1,7,3,-1,0,-1,0,5,matsu,walk,matsu
1.57E+15,1,-1,0,-2,-1,-1,-2,-2,matsu,walk,matsu
1.57E+15,-11,-1,-1,1,0,0,0,-1,matsu,walk,matsu
1.57E+15,-4,-3,-1,0,-1,0,0,0,matsu,walk,matsu
1.57E+15,0,1,-2,-1,-1,0,-1,4,matsu,walk,matsu
1.57E+15,1,-7,-2,1,-1,0,-1,-3,matsu,walk,matsu
1.57E+15,7,8,0,4,-2,-1,-2,2,matsu,walk,matsu
1.57E+15,8,-6,-2,-7,0,1,-1,-3,matsu,walk,matsu
1.57E+15,-2,1,-1,0,-1,3,0,3,matsu,walk,matsu
1.57E+15,-12,-2,-2,5,-1,-1,-2,-3,matsu,walk,matsu
1.57E+15,-9,-7,18,-7,-1,-2,0,-5,matsu,walk,matsu
1.57E+15,-6,-3,-61,-2,-2,-2,-2,-3,matsu,walk,matsu
1.57E+15,14,1,5,1,2,1,0,2,matsu,walk,matsu
1.57E+15,11,0,-2,0,-1,0,0,4,matsu,walk,matsu
1.57E+15,-2,2,0,2,0,-2,0,0,matsu,walk,matsu
1.57E+15,-7,-3,3,-4,-3,-3,-1,-3,matsu,walk,matsu
1.57E+15,-2,-1,4,-2,0,-3,0,1,matsu,walk,matsu
1.57E+15,8,6,2,5,2,-2,1,5,matsu,walk,matsu
1.57E+15,21,0,-4,3,2,1,0,-10,matsu,walk,matsu
1.57E+15,-26,-1,12,-5,-1,-2,-6,-4,matsu,walk,matsu
1.57E+15,-17,-10,-18,-7,-5,-3,-4,-7,matsu,walk,matsu
1.57E+15,-7,-4,32,4,1,0,0,-3,matsu,walk,matsu
1.57E+15,9,6,-11,11,1,4,5,2,matsu,walk,matsu
1.57E+15,17,9,39,-8,1,3,5,83,matsu,walk,matsu
1.57E+15,18,7,-15,28,5,2,-3,-57,matsu,walk,matsu
1.57E+15,-19,-12,-19,-39,-9,-7,-9,-28,matsu,walk,matsu
1.57E+15,5,15,111,61,3,1,0,38,matsu,walk,matsu
1.57E+15,-7,-18,-95,-24,-7,-3,4,-15,matsu,walk,matsu
1.57E+15,9,-10,103,-9,-7,-1,4,44,matsu,walk,matsu
1.57E+15,13,5,10,27,4,3,-2,-24,matsu,walk,matsu
1.57E+15,-52,-3,-7,-7,-1,-4,-8,-30,matsu,walk,matsu
1.57E+15,8,14,86,48,3,3,8,41,matsu,walk,matsu
1.57E+15,26,2,-23,4,5,9,24,3,matsu,walk,matsu
1.57E+15,32,-37,-28,-22,-5,-5,-24,51,matsu,walk,matsu
1.57E+15,-22,9,-9,-11,-1,-10,-24,-14,matsu,walk,matsu
1.57E+15,-69,0,-6,-7,2,-1,4,-11,matsu,walk,matsu
1.57E+15,14,5,-33,14,-13,-14,-14,-14,matsu,walk,matsu
1.57E+15,72,15,29,-28,5,3,18,44,matsu,walk,matsu
1.57E+15,-51,-30,-36,-33,2,2,4,3,matsu,walk,matsu
1.57E+15,-30,-22,-54,-40,-12,-14,-25,-45,matsu,walk,matsu
1.57E+15,66,1,-3,11,7,16,53,127,matsu,walk,matsu
1.57E+15,63,47,10,40,4,20,25,-58,matsu,walk,matsu
1.57E+15,4,-11,-6,-13,-7,-39,-91,-101,matsu,walk,matsu
1.57E+15,-99,-22,-3,-37,6,4,24,58,matsu,walk,matsu
1.57E+15,-116,-42,-24,18,-15,-32,-56,-111,matsu,walk,matsu
1.57E+15,65,31,58,-19,0,14,51,123,matsu,walk,matsu
1.57E+15,-46,-12,-37,-10,3,-1,-39,-77,matsu,walk,matsu
1.57E+15,-36,32,-22,19,-10,-15,-30,-18,matsu,walk,matsu
1.57E+15,46,50,1,-22,9,16,29,119,matsu,walk,matsu
1.57E+15,-103,-28,-15,17,-10,-9,2,-52,matsu,walk,matsu
1.57E+15,71,3,20,2,-7,5,19,12,matsu,walk,matsu
1.57E+15,32,5,34,19,1,-3,-22,-43,matsu,walk,matsu
1.57E+15,25,18,3,-15,5,8,24,38,matsu,walk,matsu
1.57E+15,29,15,-14,-12,3,2,2,27,matsu,walk,matsu
1.57E+15,-7,4,11,14,1,0,-13,0,matsu,walk,matsu
1.57E+15,15,-4,-8,8,-3,-5,-5,14,matsu,walk,matsu
1.57E+15,-17,-10,2,-4,-4,-5,-11,-8,matsu,walk,matsu
1.57E+15,-6,0,-18,8,3,-1,3,19,matsu,walk,matsu
1.57E+15,22,-7,-23,-19,-3,5,32,55,matsu,walk,matsu
1.57E+15,23,-16,17,1,-1,2,5,-20,matsu,walk,matsu
1.57E+15,-19,4,13,-16,-1,-2,-11,-42,matsu,walk,matsu
1.57E+15,-48,-14,-39,6,-2,-8,-24,-31,matsu,walk,matsu
1.57E+15,7,1,-13,-9,-5,3,18,31,matsu,walk,matsu
1.57E+15,28,6,19,6,3,8,13,22,matsu,walk,matsu
1.57E+15,-15,-11,3,5,0,-2,-13,-47,matsu,walk,matsu
1.57E+15,-26,4,18,16,1,-6,-23,-71,matsu,walk,matsu
1.57E+15,-1,-4,-24,-5,-2,5,31,72,matsu,walk,matsu
1.57E+15,40,-5,-59,-18,-3,1,6,26,matsu,walk,matsu
1.57E+15,-11,-7,28,-4,0,-3,-14,-29,matsu,walk,matsu
1.57E+15,-20,-4,-35,9,1,-2,-9,16,matsu,walk,matsu
1.57E+15,2,6,67,-13,-2,3,14,-13,matsu,walk,matsu
1.57E+15,13,-7,-19,14,1,2,-1,9,matsu,walk,matsu
1.57E+15,-8,-10,-33,-9,-2,-4,-8,3,matsu,walk,matsu
1.57E+15,-26,-6,1,-1,-1,-4,-6,-11,matsu,walk,matsu
1.57E+15,11,9,8,9,3,6,16,37,matsu,walk,matsu
1.57E+15,21,8,17,6,2,1,0,-19,matsu,walk,matsu
1.57E+15,-11,-7,2,3,-1,0,-5,0,matsu,walk,matsu
1.57E+15,-7,-6,5,-7,-1,-3,-1,8,matsu,walk,matsu
1.57E+15,5,-1,-29,-3,-2,0,4,10,matsu,walk,matsu
1.57E+15,10,1,34,8,1,1,-1,-12,matsu,walk,matsu
1.57E+15,-5,2,-9,-3,-1,1,-4,-7,matsu,walk,matsu
1.57E+15,-11,-8,-1,-8,-3,-3,-5,12,matsu,walk,matsu
1.57E+15,5,1,-3,3,-2,0,4,3,matsu,walk,matsu
1.57E+15,1,4,10,3,3,0,2,-18,matsu,walk,matsu
1.57E+15,1,-3,2,-3,0,0,-2,10,matsu,walk,matsu
1.57E+15,-10,-7,-4,-8,-1,-3,-4,1,matsu,walk,matsu
1.57E+15,0,-2,-10,3,-1,-1,2,-2,matsu,walk,matsu
1.57E+15,9,2,16,4,1,2,3,-4,matsu,walk,matsu
1.57E+15,-5,-3,-12,-2,-1,-2,-2,4,matsu,walk,matsu
1.57E+15,-6,1,11,-2,1,-3,-2,2,matsu,walk,matsu
1.57E+15,3,5,17,3,-1,1,4,-1,matsu,walk,matsu
1.57E+15,7,6,-5,0,2,-1,-1,0,matsu,walk,matsu
1.57E+15,-9,-8,25,-6,-4,-5,-3,-2,matsu,walk,matsu
1.57E+15,-4,-1,10,0,-3,-1,-1,-3,matsu,walk,matsu
1.57E+15,-2,-1,8,-8,-1,0,2,5,matsu,walk,matsu
1.57E+15,4,1,16,-1,-2,1,0,-6,matsu,walk,matsu
1.57E+15,-1,1,-8,6,0,-1,-2,0,matsu,walk,matsu
1.57E+15,-2,-1,1,5,-1,-2,-2,0,matsu,walk,matsu
1.57E+15,1,6,-4,5,1,2,1,2,matsu,walk,matsu
1.57E+15,5,-2,-6,0,-1,1,0,-3,matsu,walk,matsu
1.57E+15,0,0,-16,-4,2,0,0,-3,matsu,walk,matsu
1.57E+15,-16,-8,1,-2,-1,-2,-5,-2,matsu,walk,matsu
1.57E+15,0,-1,-16,1,-1,-1,0,-1,matsu,walk,matsu
1.57E+15,1,0,3,-2,-1,-2,-1,-5,matsu,walk,matsu
1.57E+15,1,-1,4,-1,-1,0,-2,1,matsu,walk,matsu
1.57E+15,3,-2,-10,-4,-2,-4,-2,0,matsu,walk,matsu
1.57E+15,0,2,-8,0,0,-1,0,0,matsu,walk,matsu
1.57E+15,-5,5,8,-1,0,-1,2,-3,matsu,walk,matsu
1.57E+15,1,-3,-2,0,-1,-3,-4,0,matsu,walk,matsu
1.57E+15,-4,0,2,-1,-2,-4,-1,-2,matsu,walk,matsu
1.57E+15,-1,-2,-13,-3,-1,1,-1,1,matsu,walk,matsu
1.57E+15,3,8,9,1,0,0,-2,-4,matsu,walk,matsu
1.57E+15,-3,1,-5,1,1,0,-1,0,matsu,walk,matsu
1.57E+15,-1,-11,-12,-3,-2,-1,-2,-2,matsu,walk,matsu
1.57E+15,1,0,1,0,-2,-2,-1,1,matsu,walk,matsu
1.57E+15,-1,-4,-4,1,0,-1,-1,2,matsu,walk,matsu
1.57E+15,-3,3,-2,-2,0,1,-1,-1,matsu,walk,matsu
1.57E+15,2,-1,-2,-1,-1,0,-1,-1,matsu,walk,matsu
1.57E+15,-2,-6,6,0,-2,-1,-2,-1,matsu,walk,matsu
1.57E+15,2,0,20,9,0,0,-1,1,matsu,walk,matsu
1.57E+15,-4,-4,-48,-20,-4,-2,-1,-1,matsu,walk,matsu
1.57E+15,-1,-7,10,0,0,0,0,-2,matsu,walk,matsu
1.57E+15,-1,-1,-2,7,1,-2,1,1,matsu,walk,matsu
1.57E+15,13,-2,-5,-7,-1,-3,0,2,matsu,walk,matsu
1.57E+15,14,2,37,7,0,0,1,0,matsu,walk,matsu
1.57E+15,-48,-6,-20,1,-1,-3,-5,-9,matsu,walk,matsu
1.57E+15,-6,0,2,-1,0,3,0,-1,matsu,walk,matsu
1.57E+15,-6,-4,9,-4,-5,-2,-3,-2,matsu,walk,matsu
1.57E+15,9,-4,10,2,-1,-1,4,2,matsu,walk,matsu
1.57E+15,25,8,-2,-3,1,-2,0,4,matsu,walk,matsu
1.57E+15,2,0,2,3,1,-3,-1,-2,matsu,walk,matsu
1.57E+15,-17,-2,-13,-1,-1,-1,-1,-6,matsu,walk,matsu
1.57E+15,-3,-1,7,-2,-1,-2,-4,-2,matsu,walk,matsu
1.57E+15,6,2,36,-1,-2,0,0,1,matsu,walk,matsu
1.57E+15,2,-8,-40,-4,-1,-1,0,2,matsu,walk,matsu
1.57E+15,8,0,1,-3,-1,2,4,14,matsu,walk,matsu
1.57E+15,-8,2,5,2,0,0,-2,-42,matsu,walk,matsu
1.57E+15,4,-4,-2,1,-1,-1,-2,69,matsu,walk,matsu
1.57E+15,7,5,11,-6,-3,-2,-5,-48,matsu,walk,matsu
1.57E+15,3,-3,-9,-3,0,-1,-3,10,matsu,walk,matsu
1.57E+15,-3,-3,3,2,0,0,-2,-18,matsu,walk,matsu
1.57E+15,13,9,-9,0,-2,1,3,6,matsu,walk,matsu
1.57E+15,21,1,-2,-4,0,2,7,35,matsu,walk,matsu
1.57E+15,-50,-11,-3,1,-1,2,1,22,matsu,walk,matsu
1.57E+15,-30,-4,-8,3,-2,0,0,-5,matsu,walk,matsu
1.57E+15,-7,-15,-12,-23,-3,-7,-26,-78,matsu,walk,matsu
1.57E+15,-13,4,-9,4,0,-8,-10,16,matsu,walk,matsu
1.57E+15,43,12,89,6,2,-2,1,-9,matsu,walk,matsu
1.57E+15,-24,0,-50,-5,-4,-1,10,36,matsu,walk,matsu
1.57E+15,23,7,-16,16,-2,5,17,31,matsu,walk,matsu
1.57E+15,8,-7,-5,-34,1,-2,-9,10,matsu,walk,matsu
1.57E+15,-29,-10,15,12,0,-6,-11,-41,matsu,walk,matsu
1.57E+15,13,7,29,22,3,-1,-2,-2,matsu,walk,matsu
1.57E+15,1,-9,-41,-59,-10,-5,-1,-14,matsu,walk,matsu
1.57E+15,26,13,11,22,2,6,16,33,matsu,walk,matsu
1.57E+15,45,20,-21,-10,-1,3,14,31,matsu,walk,matsu
1.57E+15,33,-5,16,5,2,-5,-19,-35,matsu,walk,matsu
1.57E+15,-26,6,4,14,1,0,-4,-49,matsu,walk,matsu
1.57E+15,7,-5,-7,2,3,15,15,-32,matsu,walk,matsu
1.57E+15,12,-6,-11,-9,-2,4,12,91,matsu,walk,matsu
1.57E+15,1,-25,-8,22,-13,-16,-23,-9,matsu,walk,matsu
1.57E+15,-37,24,30,-4,16,20,29,-59,matsu,walk,matsu
1.57E+15,-83,-98,-48,-48,-35,-81,-115,-122,matsu,walk,matsu
1.57E+15,98,53,2,8,6,12,71,97,matsu,walk,matsu
1.57E+15,64,42,23,25,10,24,58,122,matsu,walk,matsu
1.57E+15,-8,-46,-31,-1,-8,-24,-50,-43,matsu,walk,matsu
1.57E+15,-55,35,20,17,8,18,39,56,matsu,walk,matsu
1.57E+15,28,-55,-35,-7,6,13,24,6,matsu,walk,matsu
1.57E+15,40,29,-3,-12,-1,6,-8,0,matsu,walk,matsu
1.57E+15,-32,3,15,27,5,11,41,69,matsu,walk,matsu
1.57E+15,-8,15,13,27,5,11,-17,23,matsu,walk,matsu
1.57E+15,-8,-10,-23,-34,-15,-30,-50,-12,matsu,walk,matsu
1.57E+15,-2,13,-5,-26,5,12,20,2,matsu,walk,matsu
1.57E+15,-39,-8,8,12,-6,-5,-8,-22,matsu,walk,matsu
1.57E+15,-5,-8,-13,-24,5,4,10,-36,matsu,walk,matsu
1.57E+15,-42,7,-2,23,3,1,-13,-75,matsu,walk,matsu
1.57E+15,12,-18,-5,5,-2,-5,-13,-22,matsu,walk,matsu
1.57E+15,4,6,6,-20,-4,-4,-2,97,matsu,walk,matsu
1.57E+15,-35,-15,2,3,-5,0,9,-62,matsu,walk,matsu
1.57E+15,-11,-4,-11,-8,-1,2,-10,-44,matsu,walk,matsu
1.57E+15,-40,-24,-8,-11,-6,-11,-10,-6,matsu,walk,matsu
1.57E+15,26,6,8,20,-1,1,2,4,matsu,walk,matsu
1.57E+15,33,10,3,-3,2,11,33,62,matsu,walk,matsu
1.57E+15,-57,-7,-1,0,-3,-14,-47,-107,matsu,walk,matsu
1.57E+15,9,3,-3,-3,0,-4,7,57,matsu,walk,matsu
1.57E+15,13,0,-1,4,-4,-3,-3,-24,matsu,walk,matsu
1.57E+15,34,12,5,-2,-2,4,13,33,matsu,walk,matsu
1.57E+15,-9,-2,-9,-1,-1,-5,-8,-8,matsu,walk,matsu
1.57E+15,23,6,1,-6,0,2,7,0,matsu,walk,matsu
1.57E+15,-27,-5,0,-3,-1,-2,-12,-50,matsu,walk,matsu
1.57E+15,-9,2,-1,5,1,1,-4,0,matsu,walk,matsu
1.57E+15,5,3,2,4,-1,-2,-2,9,matsu,walk,matsu
1.57E+15,-37,-6,-3,-5,0,1,5,8,matsu,walk,matsu
1.57E+15,40,6,-3,-2,1,2,6,30,matsu,walk,matsu
1.57E+15,12,3,2,4,-2,-1,-7,6,matsu,walk,matsu
1.57E+15,-15,-1,-1,1,-2,3,5,1,matsu,walk,matsu
1.57E+15,-5,-11,-6,-11,-3,-4,-6,-17,matsu,walk,matsu
1.57E+15,11,-1,-4,-3,0,-6,-6,-3,matsu,walk,matsu
1.57E+15,13,4,5,4,0,1,3,4,matsu,walk,matsu
1.57E+15,-4,-2,0,-1,0,2,6,27,matsu,walk,matsu
1.57E+15,-20,-5,-5,-6,-3,-7,-10,-22,matsu,walk,matsu
1.57E+15,15,2,3,1,-3,-3,-2,10,matsu,walk,matsu
1.57E+15,4,4,7,5,2,3,10,21,matsu,walk,matsu
1.57E+15,-1,-2,-6,0,-1,-1,-1,4,matsu,walk,matsu
1.57E+15,-19,-9,-7,-4,-3,-7,-9,-15,matsu,walk,matsu
1.57E+15,5,2,0,2,-1,3,2,7,matsu,walk,matsu
1.57E+15,18,4,4,0,-1,0,1,5,matsu,walk,matsu
1.57E+15,-5,-3,-5,-1,-3,-3,-4,-6,matsu,walk,matsu
1.57E+15,-9,-3,2,-2,-2,-1,-5,-10,matsu,walk,matsu
1.57E+15,6,-1,-7,-1,-1,1,5,17,matsu,walk,matsu
1.57E+15,3,0,-4,-1,0,0,-2,1,matsu,walk,matsu
1.57E+15,-1,1,0,0,-1,0,-1,11,matsu,walk,matsu
1.57E+15,-10,1,4,-2,-2,-1,-3,-2,matsu,walk,matsu
1.57E+15,7,-3,0,-2,0,-1,1,5,matsu,walk,matsu
1.57E+15,0,-1,-1,0,-1,-1,-2,-1,matsu,walk,matsu
1.57E+15,-4,-1,-4,1,-1,-1,2,-5,matsu,walk,matsu
1.57E+15,-1,-2,-4,-4,0,-2,-2,1,matsu,walk,matsu
1.57E+15,3,3,5,-2,-2,-1,-2,0,matsu,walk,matsu
1.57E+15,2,0,4,1,1,-2,0,3,matsu,walk,matsu
1.57E+15,-1,0,1,0,-1,-1,2,9,matsu,walk,matsu
1.57E+15,-7,-6,-5,-1,-2,-2,-1,-7,matsu,walk,matsu
1.57E+15,3,-1,-5,-1,-1,-2,0,-1,matsu,walk,matsu
1.57E+15,-2,1,-3,0,0,1,2,4,matsu,walk,matsu
1.57E+15,2,2,3,0,-1,0,-2,-3,matsu,walk,matsu
1.57E+15,-4,-2,18,-2,-1,-1,-4,-7,matsu,walk,matsu
1.57E+15,0,-6,-46,-4,-2,-1,-2,0,matsu,walk,matsu
1.57E+15,3,2,-2,0,-2,0,1,1,matsu,walk,matsu
1.57E+15,0,1,0,-1,0,-1,0,-3,matsu,walk,matsu
1.57E+15,0,-2,6,0,-2,0,0,-3,matsu,walk,matsu
1.57E+15,-5,0,12,0,0,2,1,6,matsu,walk,matsu
1.57E+15,3,1,-1,-1,-1,0,-2,-3,matsu,walk,matsu
1.57E+15,-6,-8,-5,-1,-1,0,-1,-3,matsu,walk,matsu
1.57E+15,9,-4,-6,-2,0,-1,0,0,matsu,walk,matsu
1.57E+15,4,1,10,1,1,2,1,4,matsu,walk,matsu
1.57E+15,-26,-4,-7,-5,-2,-3,-2,-4,matsu,walk,matsu
1.57E+15,0,-2,6,0,0,0,-1,-3,matsu,walk,matsu
1.57E+15,2,2,4,-1,0,-1,0,2,matsu,walk,matsu
1.57E+15,-7,-4,-21,-3,-3,-3,-3,-3,matsu,walk,matsu
1.57E+15,9,3,7,1,0,-1,0,4,matsu,walk,matsu
1.57E+15,-2,4,7,-1,-2,-1,0,0,matsu,walk,matsu
1.57E+15,-4,-2,-24,-1,-1,0,-1,-2,matsu,walk,matsu
1.57E+15,7,4,14,1,1,-2,0,0,matsu,walk,matsu
1.57E+15,-2,-6,-4,-2,-2,-1,0,-4,matsu,walk,matsu
1.57E+15,-1,1,-6,-2,1,-1,-2,-2,matsu,walk,matsu
1.57E+15,1,6,2,3,-2,-1,-1,-3,matsu,walk,matsu
1.57E+15,0,-3,10,-2,0,0,-2,1,matsu,walk,matsu
1.57E+15,3,-2,-7,-1,-1,-2,0,0,matsu,walk,matsu
1.57E+15,1,-1,1,1,0,-1,-2,-1,matsu,walk,matsu
1.57E+15,-4,0,2,-2,-1,-1,-1,-2,matsu,walk,matsu
1.57E+15,-2,1,0,-2,-1,-1,0,1,matsu,walk,matsu
1.57E+15,6,3,6,0,-1,-3,1,-1,matsu,walk,matsu
1.57E+15,-4,-5,-7,-1,-3,-1,-1,-2,matsu,walk,matsu
1.57E+15,-5,-5,-6,-5,0,-1,-1,0,matsu,walk,matsu
1.57E+15,-1,-1,4,0,-2,0,0,-3,matsu,walk,matsu
1.57E+15,0,-2,-2,0,0,1,-3,0,matsu,walk,matsu
1.57E+15,-2,1,0,-3,0,-2,0,-1,matsu,walk,matsu
1.57E+15,-4,-2,-4,1,0,0,-2,-2,matsu,walk,matsu
1.57E+15,6,2,8,0,1,-2,1,2,matsu,walk,matsu
1.57E+15,2,-2,-4,0,-3,-2,-3,0,matsu,walk,matsu
1.57E+15,-2,-1,1,1,-2,-2,-1,-2,matsu,walk,matsu
1.57E+15,-2,-1,-2,-4,-2,-2,0,0,matsu,walk,matsu
1.57E+15,-1,-3,1,-1,-1,-1,-1,-3,matsu,walk,matsu
1.57E+15,0,1,1,1,0,0,0,1,matsu,walk,matsu
1.57E+15,-3,0,-6,0,0,-2,-1,-1,matsu,walk,matsu
1.57E+15,-1,-1,-3,1,1,-1,-2,-4,matsu,walk,matsu
1.57E+15,1,3,21,1,0,-3,-1,-1,matsu,walk,matsu
1.57E+15,-1,-5,-69,-7,-2,-2,-1,-1,matsu,walk,matsu
1.57E+15,5,0,5,0,0,0,0,1,matsu,walk,matsu
1.57E+15,0,-5,-1,1,-2,-1,-2,-1,matsu,walk,matsu
1.57E+15,-6,-2,1,2,0,2,-2,-3,matsu,walk,matsu
1.57E+15,2,-2,10,-5,0,0,-1,-3,matsu,walk,matsu
1.57E+15,-4,-1,2,-1,-1,0,-2,-1,matsu,walk,matsu
1.57E+15,-10,1,-5,0,-1,-1,-1,0,matsu,walk,matsu
1.57E+15,9,5,15,13,1,1,1,3,matsu,walk,matsu
1.57E+15,3,-3,-3,-5,-2,-1,-1,0,matsu,walk,matsu
1.57E+15,0,-8,-19,-14,-5,-3,-1,-3,matsu,walk,matsu
1.57E+15,3,1,7,2,-2,1,1,-1,matsu,walk,matsu
1.57E+15,-1,-2,-3,-1,-1,-3,-1,-3,matsu,walk,matsu
1.57E+15,-7,2,16,8,1,0,0,0,matsu,walk,matsu
1.57E+15,-2,-4,8,-4,-1,0,-1,-1,matsu,walk,matsu
1.57E+15,-3,-3,4,-3,-1,0,-2,-2,matsu,walk,matsu
1.57E+15,3,5,23,6,1,-2,-2,1,matsu,walk,matsu
1.57E+15,2,4,-19,9,2,1,0,1,matsu,walk,matsu
1.57E+15,-6,-8,19,-2,0,-2,-1,-3,matsu,walk,matsu
1.57E+15,-1,-7,3,-31,-7,-3,-4,-1,matsu,walk,matsu
1.57E+15,3,7,28,22,2,4,0,1,matsu,walk,matsu
1.57E+15,-1,0,37,-20,-4,-1,-1,0,matsu,walk,matsu
1.57E+15,-11,-24,-83,-27,-9,-7,-7,-6,matsu,walk,matsu
1.57E+15,4,6,-17,17,4,2,2,0,matsu,walk,matsu
1.57E+15,-3,-6,-18,5,-2,-1,-2,0,matsu,walk,matsu
1.57E+15,10,2,-34,-25,0,0,2,-5,matsu,walk,matsu
1.57E+15,8,12,23,12,5,2,4,12,matsu,walk,matsu
1.57E+15,-33,-3,-1,2,0,-3,-6,-12,matsu,walk,matsu
1.57E+15,-11,-10,5,1,-3,-3,-2,1,matsu,walk,matsu
1.57E+15,10,2,26,15,1,5,16,27,matsu,walk,matsu
1.57E+15,44,10,-7,2,5,8,8,28,matsu,walk,matsu
1.57E+15,-7,-5,17,0,-3,-11,-33,-43,matsu,walk,matsu
1.57E+15,-57,-15,-8,-3,-3,-6,-14,-46,matsu,walk,matsu
1.57E+15,-29,-18,-4,-1,-6,-8,-8,-25,matsu,walk,matsu
1.57E+15,8,13,9,7,1,2,15,40,matsu,walk,matsu
1.57E+15,66,20,18,6,4,12,26,57,matsu,walk,matsu
1.57E+15,-15,-11,-30,-6,-5,-5,-1,25,matsu,walk,matsu
1.57E+15,-75,-34,-30,-29,-8,-16,-45,-60,matsu,walk,matsu
1.57E+15,49,13,40,21,1,3,15,6,matsu,walk,matsu
1.57E+15,-8,12,2,-10,9,9,10,99,matsu,walk,matsu
1.57E+15,114,16,-15,-26,-4,0,-2,-84,matsu,walk,matsu
1.57E+15,-15,6,-2,13,-2,-2,7,7,matsu,walk,matsu
1.57E+15,35,11,16,19,6,10,28,50,matsu,walk,matsu
1.57E+15,76,6,-12,-11,3,8,-4,-95,matsu,walk,matsu
1.57E+15,-69,-34,-18,2,-6,-11,1,122,matsu,walk,matsu
1.57E+15,57,14,43,-8,17,7,4,74,matsu,walk,matsu
1.57E+15,-128,-50,-35,-33,-7,-19,-42,-121,matsu,walk,matsu
1.57E+15,58,-33,-32,15,-11,-9,2,46,matsu,walk,matsu
1.57E+15,19,35,8,-3,10,21,45,101,matsu,walk,matsu
1.57E+15,16,29,25,14,-2,1,0,-82,matsu,walk,matsu
1.57E+15,53,27,8,14,2,9,22,111,matsu,walk,matsu
1.57E+15,-55,-17,-8,-5,0,1,2,-43,matsu,walk,matsu
1.57E+15,-2,4,-1,6,-5,-14,-37,-61,matsu,walk,matsu
1.57E+15,46,15,10,11,-4,1,10,34,matsu,walk,matsu
1.57E+15,4,4,2,-3,2,10,20,21,matsu,walk,matsu
1.57E+15,3,-2,4,12,-5,-8,-4,-24,matsu,walk,matsu
1.57E+15,-98,-21,-25,-30,1,-8,-19,18,matsu,walk,matsu
1.57E+15,101,5,5,20,-1,8,29,90,matsu,walk,matsu
1.57E+15,-16,-18,-11,-18,-5,-7,-33,-75,matsu,walk,matsu
1.57E+15,-107,-58,-5,-34,-13,-26,-53,-10,matsu,walk,matsu
1.57E+15,38,10,-14,-1,-1,0,2,23,matsu,walk,matsu
1.57E+15,11,6,4,10,6,9,19,54,matsu,walk,matsu
1.57E+15,30,8,8,19,-1,4,16,63,matsu,walk,matsu
1.57E+15,5,13,6,5,-4,-1,-2,-53,matsu,walk,matsu
1.57E+15,21,6,12,-5,-4,0,-9,-55,matsu,walk,matsu
1.57E+15,-31,-7,-17,-2,-2,-6,-12,-36,matsu,walk,matsu
1.57E+15,28,-8,-5,6,-6,-6,-1,-8,matsu,walk,matsu
1.57E+15,11,11,4,-1,1,3,8,1,matsu,walk,matsu
1.57E+15,-70,-14,2,-4,2,1,6,-13,matsu,walk,matsu
1.57E+15,22,13,4,7,1,6,15,37,matsu,walk,matsu
1.57E+15,-43,-6,-2,-10,-4,-10,-23,-67,matsu,walk,matsu
1.57E+15,9,12,0,3,3,2,0,17,matsu,walk,matsu
1.57E+15,44,1,0,4,-2,1,4,7,matsu,walk,matsu
1.57E+15,-33,-11,-5,-5,-2,-4,-13,-31,matsu,walk,matsu
1.57E+15,-4,2,1,-6,0,-2,-10,-10,matsu,walk,matsu
1.57E+15,-1,9,-2,3,-1,-2,5,12,matsu,walk,matsu
1.57E+15,21,3,2,4,0,4,12,14,matsu,walk,matsu
1.57E+15,-30,-15,-7,-8,-4,-5,-13,-24,matsu,walk,matsu
1.57E+15,0,-1,0,-2,1,-3,-7,-7,matsu,walk,matsu
1.57E+15,3,9,-4,10,3,7,16,33,matsu,walk,matsu
1.57E+15,10,-2,-2,-3,0,2,-2,-4,matsu,walk,matsu
1.57E+15,-15,-8,3,-1,-1,-5,-13,-16,matsu,walk,matsu
1.57E+15,2,2,8,0,0,-1,-3,-2,matsu,walk,matsu
1.57E+15,-9,-2,-25,-6,0,-1,4,20,matsu,walk,matsu
1.57E+15,9,-2,-4,-2,-1,-2,-3,-11,matsu,walk,matsu
1.57E+15,-7,-3,-1,-3,-2,-5,-8,-7,matsu,walk,matsu
1.57E+15,-5,5,16,5,0,-1,1,8,matsu,walk,matsu
1.57E+15,-7,4,0,1,0,-1,3,2,matsu,walk,matsu
1.57E+15,12,-2,-2,-2,-2,0,0,-1,matsu,walk,matsu
1.57E+15,-5,-2,0,1,1,0,0,11,matsu,walk,matsu
1.57E+15,-8,-2,3,-1,0,-2,-6,-20,matsu,walk,matsu
1.57E+15,-4,-5,-5,-8,-2,-2,-1,3,matsu,walk,matsu
1.57E+15,10,1,3,0,-1,-2,-1,-2,matsu,walk,matsu
1.57E+15,-9,-4,-3,0,-2,-4,-1,3,matsu,walk,matsu
1.57E+15,-2,1,-13,4,0,-4,-5,18,matsu,walk,matsu
1.57E+15,3,3,37,-7,-2,2,1,2,matsu,walk,matsu
1.57E+15,5,1,-30,-4,-3,3,0,0,matsu,walk,matsu
1.57E+15,-6,-4,-14,-2,-2,-2,-3,-8,matsu,walk,matsu
1.57E+15,-5,-6,47,-5,-3,-3,-4,-2,matsu,walk,matsu
1.57E+15,0,2,4,9,0,0,4,7,matsu,walk,matsu
1.57E+15,3,5,40,11,2,2,2,0,matsu,walk,matsu
1.57E+15,-8,-6,-76,-16,-3,-2,-5,-18,matsu,walk,matsu
1.57E+15,5,2,20,3,0,2,-1,6,matsu,walk,matsu
1.57E+15,-1,1,-30,5,0,0,-2,4,matsu,walk,matsu
1.57E+15,-5,-14,23,-13,-7,-4,-5,-4,matsu,walk,matsu
1.57E+15,0,4,25,12,-1,0,1,-3,matsu,walk,matsu
1.57E+15,-2,-1,-13,-1,0,0,0,-7,matsu,walk,matsu
1.57E+15,-3,2,-1,1,2,-1,2,-1,matsu,walk,matsu
1.57E+15,11,9,10,11,2,2,3,12,matsu,walk,matsu
1.57E+15,-2,-4,17,-5,-1,-1,-2,-21,matsu,walk,matsu
1.57E+15,-8,-4,-23,-6,-3,-3,-3,-5,matsu,walk,matsu
1.57E+15,3,8,18,5,2,3,2,4,matsu,walk,matsu
1.57E+15,-12,-26,-73,-27,-9,-7,-5,-8,matsu,walk,matsu
1.57E+15,-1,3,35,2,0,2,0,9,matsu,walk,matsu
1.57E+15,3,7,18,3,1,1,1,-2,matsu,walk,matsu
1.57E+15,-1,-8,-80,4,-1,-1,-1,-2,matsu,walk,matsu
1.57E+15,1,13,72,13,1,-1,-2,-22,matsu,walk,matsu
1.57E+15,0,0,-40,-15,-2,-2,0,4,matsu,walk,matsu
1.57E+15,-10,-17,-86,-12,-1,0,3,0,matsu,walk,matsu
1.57E+15,9,7,64,6,-1,-3,-7,23,matsu,walk,matsu
1.57E+15,5,-8,-24,-3,-2,-3,-3,1,matsu,walk,matsu
1.57E+15,-1,-3,2,-14,-2,-2,-3,1,matsu,walk,matsu
