timestamp,emg1,emg2,emg3,emg4,emg5,emg6,emg7,emg8,performer,situation,gesture
1.57E+15,-1,-4,-4,-6,1,0,-3,-2,kuro,mimic,matsu
1.57E+15,2,1,4,0,-7,-5,1,20,kuro,mimic,matsu
1.57E+15,-5,-1,2,4,-6,-2,-1,-41,kuro,mimic,matsu
1.57E+15,-2,-3,-4,-5,-2,-6,-4,4,kuro,mimic,matsu
1.57E+15,0,-3,3,0,3,4,0,-5,kuro,mimic,matsu
1.57E+15,0,3,-5,-5,2,0,0,3,kuro,mimic,matsu
1.57E+15,1,-4,-5,2,3,1,-1,12,kuro,mimic,matsu
1.57E+15,0,-3,-2,2,-3,-1,-2,-2,kuro,mimic,matsu
1.57E+15,-5,1,-4,-5,-3,-2,-1,-1,kuro,mimic,matsu
1.57E+15,-1,2,0,2,-3,1,0,-7,kuro,mimic,matsu
1.57E+15,-2,-2,-3,-3,0,-1,-7,1,kuro,mimic,matsu
1.57E+15,0,-2,-3,-7,-4,-4,-1,-7,kuro,mimic,matsu
1.57E+15,2,1,-1,-1,-1,-2,-3,0,kuro,mimic,matsu
1.57E+15,0,-2,-2,-2,-3,-1,2,-7,kuro,mimic,matsu
1.57E+15,-1,-1,-1,-3,-2,-4,-1,18,kuro,mimic,matsu
1.57E+15,-3,-1,-3,0,3,0,-2,11,kuro,mimic,matsu
1.57E+15,-1,-3,2,3,3,3,0,-13,kuro,mimic,matsu
1.57E+15,0,-2,-3,-2,-3,0,-2,-5,kuro,mimic,matsu
1.57E+15,-2,1,-2,-6,-2,-4,-1,-2,kuro,mimic,matsu
1.57E+15,4,3,3,2,2,3,2,9,kuro,mimic,matsu
1.57E+15,-4,-7,-6,-5,-3,-1,0,2,kuro,mimic,matsu
1.57E+15,-4,1,1,-1,-2,-2,-2,0,kuro,mimic,matsu
1.57E+15,1,-2,0,0,-1,-2,-3,-1,kuro,mimic,matsu
1.57E+15,0,-3,-2,1,-1,2,0,-4,kuro,mimic,matsu
1.57E+15,1,4,0,1,0,-3,0,-4,kuro,mimic,matsu
1.57E+15,1,1,1,1,-2,1,1,-3,kuro,mimic,matsu
1.57E+15,-2,-6,-6,0,-3,-1,2,12,kuro,mimic,matsu
1.57E+15,-5,-5,-2,12,-3,-4,-3,-22,kuro,mimic,matsu
1.57E+15,-2,1,0,-30,-8,0,-1,-5,kuro,mimic,matsu
1.57E+15,1,-5,-2,5,13,2,0,7,kuro,mimic,matsu
1.57E+15,2,2,4,1,2,2,-1,-5,kuro,mimic,matsu
1.57E+15,0,2,4,1,-2,0,0,1,kuro,mimic,matsu
1.57E+15,1,2,-4,8,-1,0,3,21,kuro,mimic,matsu
1.57E+15,-2,-1,-2,-2,-5,-1,-3,-23,kuro,mimic,matsu
1.57E+15,-3,2,-6,-4,0,-3,-6,-9,kuro,mimic,matsu
1.57E+15,-2,2,-5,-2,-5,-1,1,2,kuro,mimic,matsu
1.57E+15,1,-1,1,3,-1,-2,-2,-4,kuro,mimic,matsu
1.57E+15,4,2,2,-3,3,-1,-1,8,kuro,mimic,matsu
1.57E+15,-3,0,9,54,14,2,3,-2,kuro,mimic,matsu
1.57E+15,-5,-11,-15,-75,-12,-2,2,33,kuro,mimic,matsu
1.57E+15,-4,-7,-2,3,-1,-3,-8,-61,kuro,mimic,matsu
1.57E+15,-1,-3,-6,-38,-11,-6,1,-5,kuro,mimic,matsu
1.57E+15,8,12,5,2,0,0,1,7,kuro,mimic,matsu
1.57E+15,11,12,5,26,7,0,-7,0,kuro,mimic,matsu
1.57E+15,-19,-22,1,18,7,1,5,17,kuro,mimic,matsu
1.57E+15,-7,-2,8,27,6,0,-4,-2,kuro,mimic,matsu
1.57E+15,-2,-5,-4,19,1,0,-1,-9,kuro,mimic,matsu
1.57E+15,3,1,-12,-31,-19,-6,-2,-3,kuro,mimic,matsu
1.57E+15,35,39,12,10,-2,0,1,12,kuro,mimic,matsu
1.57E+15,-42,-42,-8,19,2,-4,-7,-5,kuro,mimic,matsu
1.57E+15,-2,-4,2,34,11,5,4,-3,kuro,mimic,matsu
1.57E+15,8,17,-1,-42,4,2,1,0,kuro,mimic,matsu
1.57E+15,46,63,17,4,-1,3,4,8,kuro,mimic,matsu
1.57E+15,52,47,13,71,3,4,5,24,kuro,mimic,matsu
1.57E+15,-67,-35,-39,-90,3,-10,-17,-12,kuro,mimic,matsu
1.57E+15,43,67,28,35,-16,13,14,-28,kuro,mimic,matsu
1.57E+15,23,60,-11,-9,25,5,10,87,kuro,mimic,matsu
1.57E+15,-45,34,18,-15,-47,-1,4,-81,kuro,mimic,matsu
1.57E+15,124,115,76,51,57,18,37,110,kuro,mimic,matsu
1.57E+15,-124,-128,-108,-19,5,-13,-37,44,kuro,mimic,matsu
1.57E+15,-28,-60,-9,-50,-69,-27,-36,-35,kuro,mimic,matsu
1.57E+15,-14,-4,-52,-57,-43,-29,-25,-44,kuro,mimic,matsu
1.57E+15,67,52,28,14,10,8,21,73,kuro,mimic,matsu
1.57E+15,-65,-40,5,18,25,0,-34,-97,kuro,mimic,matsu
1.57E+15,-17,112,14,5,-33,-27,-35,-97,kuro,mimic,matsu
1.57E+15,-24,-4,-36,-15,90,18,-9,76,kuro,mimic,matsu
1.57E+15,63,107,53,15,-13,17,30,53,kuro,mimic,matsu
1.57E+15,127,108,127,62,39,15,80,127,kuro,mimic,matsu
1.57E+15,-115,-128,29,14,45,-7,-51,-79,kuro,mimic,matsu
1.57E+15,-22,18,127,-19,-49,-18,8,-71,kuro,mimic,matsu
1.57E+15,-7,96,-98,-61,-9,-15,-18,-69,kuro,mimic,matsu
1.57E+15,-24,-43,-121,14,-36,-9,-29,69,kuro,mimic,matsu
1.57E+15,6,30,-99,1,-8,4,-4,-37,kuro,mimic,matsu
1.57E+15,36,-44,-116,8,14,23,-6,35,kuro,mimic,matsu
1.57E+15,-54,-128,-68,15,-6,26,-51,-30,kuro,mimic,matsu
1.57E+15,7,-40,97,-32,-23,6,-15,-24,kuro,mimic,matsu
1.57E+15,29,-41,15,12,15,15,19,51,kuro,mimic,matsu
1.57E+15,35,-26,-55,21,22,-12,5,30,kuro,mimic,matsu
1.57E+15,-53,-80,-40,-24,-23,-39,-2,-91,kuro,mimic,matsu
1.57E+15,0,54,-47,4,-1,-19,10,-27,kuro,mimic,matsu
1.57E+15,53,79,-18,10,19,-2,25,22,kuro,mimic,matsu
1.57E+15,-36,-32,-21,-15,-13,-10,8,77,kuro,mimic,matsu
1.57E+15,32,72,22,-16,-20,-10,-5,-53,kuro,mimic,matsu
1.57E+15,-33,-26,-18,-2,12,3,-13,-81,kuro,mimic,matsu
1.57E+15,7,-1,-3,-15,2,16,26,50,kuro,mimic,matsu
1.57E+15,13,18,24,-8,-8,4,-2,5,kuro,mimic,matsu
1.57E+15,-23,-17,0,3,-7,10,5,-22,kuro,mimic,matsu
1.57E+15,12,-1,-8,8,9,6,11,-17,kuro,mimic,matsu
1.57E+15,-5,-29,10,-8,-10,0,12,7,kuro,mimic,matsu
1.57E+15,23,42,26,1,-7,-1,5,13,kuro,mimic,matsu
1.57E+15,-23,-50,25,8,9,2,1,15,kuro,mimic,matsu
1.57E+15,11,34,19,2,-3,-2,0,-3,kuro,mimic,matsu
1.57E+15,-2,-2,29,9,10,4,13,22,kuro,mimic,matsu
1.57E+15,5,0,6,5,11,6,2,-11,kuro,mimic,matsu
1.57E+15,-15,-17,15,-26,-13,-10,-3,5,kuro,mimic,matsu
1.57E+15,1,4,14,-3,-14,-10,6,2,kuro,mimic,matsu
1.57E+15,1,-2,8,5,-1,2,13,34,kuro,mimic,matsu
1.57E+15,4,-3,22,5,9,7,-3,-44,kuro,mimic,matsu
1.57E+15,-9,-17,2,-2,1,-1,1,6,kuro,mimic,matsu
1.57E+15,12,21,9,2,-5,-4,-4,11,kuro,mimic,matsu
1.57E+15,-4,-17,12,4,5,3,4,10,kuro,mimic,matsu
1.57E+15,1,2,23,3,-3,-5,-5,-41,kuro,mimic,matsu
1.57E+15,-8,-4,-5,-3,-10,-7,-9,18,kuro,mimic,matsu
1.57E+15,-1,1,3,-11,5,1,3,-10,kuro,mimic,matsu
1.57E+15,-5,-9,-13,6,-3,-4,-8,0,kuro,mimic,matsu
1.57E+15,-9,-13,-21,6,4,3,6,13,kuro,mimic,matsu
1.57E+15,-8,-8,-3,-1,-3,-5,-11,1,kuro,mimic,matsu
1.57E+15,7,8,9,3,2,2,-3,-4,kuro,mimic,matsu
1.57E+15,0,-7,-14,0,-4,-2,-1,0,kuro,mimic,matsu
1.57E+15,9,15,-10,-4,3,2,1,13,kuro,mimic,matsu
1.57E+15,-6,-12,3,11,-5,-4,0,-2,kuro,mimic,matsu
1.57E+15,1,8,-14,-12,-2,-3,0,-5,kuro,mimic,matsu
1.57E+15,1,0,-16,-7,0,-1,-6,-11,kuro,mimic,matsu
1.57E+15,7,9,9,15,5,1,-4,7,kuro,mimic,matsu
1.57E+15,-5,-9,-1,4,2,2,-1,-1,kuro,mimic,matsu
1.57E+15,0,-1,-15,-13,-10,-3,-2,3,kuro,mimic,matsu
1.57E+15,-3,-6,1,-6,-4,-3,-5,-1,kuro,mimic,matsu
1.57E+15,5,10,12,4,-1,-4,-1,-4,kuro,mimic,matsu
1.57E+15,-7,2,-15,-7,-5,-1,3,6,kuro,mimic,matsu
1.57E+15,0,-7,4,12,10,3,-3,-3,kuro,mimic,matsu
1.57E+15,-7,-5,0,6,10,2,0,6,kuro,mimic,matsu
1.57E+15,5,12,8,-5,-3,2,6,11,kuro,mimic,matsu
1.57E+15,-5,-14,-17,6,-3,-4,-13,-20,kuro,mimic,matsu
1.57E+15,0,-2,18,-2,0,-2,0,1,kuro,mimic,matsu
1.57E+15,2,-1,4,-9,-7,-3,-3,-10,kuro,mimic,matsu
1.57E+15,-3,-2,-13,-4,-6,-5,-2,17,kuro,mimic,matsu
1.57E+15,5,2,8,1,0,2,1,4,kuro,mimic,matsu
1.57E+15,-5,-1,3,12,5,-2,-5,-11,kuro,mimic,matsu
1.57E+15,2,-1,-2,3,-4,-1,-1,3,kuro,mimic,matsu
1.57E+15,0,-1,-10,-13,-1,2,-3,-17,kuro,mimic,matsu
1.57E+15,2,0,17,10,2,2,2,9,kuro,mimic,matsu
1.57E+15,-2,4,-5,11,1,-2,1,7,kuro,mimic,matsu
1.57E+15,8,13,-2,-13,-8,-1,-4,-10,kuro,mimic,matsu
1.57E+15,-7,-19,-1,-5,-7,-1,-3,4,kuro,mimic,matsu
1.57E+15,-5,-3,1,2,12,3,2,1,kuro,mimic,matsu
1.57E+15,-2,2,-6,-1,3,1,3,-3,kuro,mimic,matsu
1.57E+15,-4,-5,2,-2,2,0,0,-2,kuro,mimic,matsu
1.57E+15,8,12,7,6,-4,-2,-4,-2,kuro,mimic,matsu
1.57E+15,5,5,-15,-22,-17,-8,0,9,kuro,mimic,matsu
1.57E+15,-6,0,-4,1,6,-2,-2,-12,kuro,mimic,matsu
1.57E+15,-6,-16,9,25,2,0,3,3,kuro,mimic,matsu
1.57E+15,1,8,-1,-8,-2,-3,-2,-7,kuro,mimic,matsu
1.57E+15,-4,-10,-12,-60,-16,-6,-6,-8,kuro,mimic,matsu
1.57E+15,3,3,-6,5,0,1,1,-5,kuro,mimic,matsu
1.57E+15,3,3,6,2,5,1,0,12,kuro,mimic,matsu
1.57E+15,0,-1,-5,15,7,1,-1,-9,kuro,mimic,matsu
1.57E+15,-9,-9,0,-7,-3,-2,2,1,kuro,mimic,matsu
1.57E+15,3,5,2,-1,-2,-2,-3,2,kuro,mimic,matsu
1.57E+15,-1,4,-2,-3,1,-1,1,5,kuro,mimic,matsu
1.57E+15,0,-3,-2,-9,-2,-1,-3,-1,kuro,mimic,matsu
1.57E+15,3,5,7,8,4,2,1,-1,kuro,mimic,matsu
1.57E+15,1,0,-3,19,-2,-3,-3,4,kuro,mimic,matsu
1.57E+15,-6,-5,-8,-30,-7,-5,-4,-11,kuro,mimic,matsu
1.57E+15,1,2,1,-5,2,0,0,1,kuro,mimic,matsu
1.57E+15,1,5,5,15,-6,-2,0,-3,kuro,mimic,matsu
1.57E+15,-6,-10,-5,-2,-1,0,0,-1,kuro,mimic,matsu
1.57E+15,-2,-1,-3,3,9,4,-1,-1,kuro,mimic,matsu
1.57E+15,-1,-8,0,-1,0,-4,0,-2,kuro,mimic,matsu
1.57E+15,1,0,1,6,0,-2,-2,0,kuro,mimic,matsu
1.57E+15,0,-3,-4,-10,-6,-1,1,5,kuro,mimic,matsu
1.57E+15,6,17,5,2,0,1,0,-9,kuro,mimic,matsu
1.57E+15,0,-5,-4,-7,-4,-2,2,15,kuro,mimic,matsu
1.57E+15,-17,-11,-4,23,11,3,0,-7,kuro,mimic,matsu
1.57E+15,2,2,5,-4,-2,-3,-4,-17,kuro,mimic,matsu
1.57E+15,-4,-7,-9,-56,-21,-8,-6,-5,kuro,mimic,matsu
1.57E+15,2,3,-2,6,1,0,-3,-3,kuro,mimic,matsu
1.57E+15,7,1,4,7,4,-2,-2,5,kuro,mimic,matsu
1.57E+15,3,0,2,4,3,2,1,8,kuro,mimic,matsu
1.57E+15,0,-3,3,25,5,3,2,-9,kuro,mimic,matsu
1.57E+15,0,0,-6,-10,-3,-1,-2,-3,kuro,mimic,matsu
1.57E+15,-2,-1,2,-8,-4,-5,-5,-20,kuro,mimic,matsu
1.57E+15,-3,1,-2,2,2,-2,-2,6,kuro,mimic,matsu
1.57E+15,6,-1,-3,8,2,0,1,0,kuro,mimic,matsu
1.57E+15,4,11,-5,-2,-3,-1,-3,-4,kuro,mimic,matsu
1.57E+15,-7,-21,2,4,2,-2,2,9,kuro,mimic,matsu
1.57E+15,0,4,0,-11,-6,-2,-1,-3,kuro,mimic,matsu
1.57E+15,-7,-7,-1,6,0,-2,-3,-3,kuro,mimic,matsu
1.57E+15,-3,-2,-2,-4,0,-2,1,2,kuro,mimic,matsu
1.57E+15,11,20,2,1,1,0,2,5,kuro,mimic,matsu
1.57E+15,14,8,-1,-3,-3,0,-2,-10,kuro,mimic,matsu
1.57E+15,-10,-26,0,2,3,0,-3,-1,kuro,mimic,matsu
1.57E+15,-14,1,-2,-2,1,0,-4,-4,kuro,mimic,matsu
1.57E+15,-1,-2,-4,-7,-4,-2,-2,2,kuro,mimic,matsu
1.57E+15,-4,-8,-1,0,1,0,-1,2,kuro,mimic,matsu
1.57E+15,16,31,13,12,6,3,5,5,kuro,mimic,matsu
1.57E+15,22,22,14,18,16,8,5,12,kuro,mimic,matsu
1.57E+15,-17,-51,-26,-24,-13,-8,-8,-9,kuro,mimic,matsu
1.57E+15,-5,24,15,1,-8,5,0,-3,kuro,mimic,matsu
1.57E+15,-26,-34,-9,3,12,-4,0,7,kuro,mimic,matsu
1.57E+15,32,42,-11,0,-23,0,13,50,kuro,mimic,matsu
1.57E+15,-27,-39,-3,-28,-32,-18,-14,-50,kuro,mimic,matsu
1.57E+15,-22,7,6,12,20,0,-8,-34,kuro,mimic,matsu
1.57E+15,-33,-23,-7,-3,-22,-11,-2,-70,kuro,mimic,matsu
1.57E+15,61,75,17,20,16,-11,-9,72,kuro,mimic,matsu
1.57E+15,-19,34,0,3,36,23,40,125,kuro,mimic,matsu
1.57E+15,47,-22,27,-31,-103,-20,53,27,kuro,mimic,matsu
1.57E+15,-4,-19,-8,5,81,-10,-64,-7,kuro,mimic,matsu
1.57E+15,-85,-2,16,-37,-71,-14,-9,-122,kuro,mimic,matsu
1.57E+15,81,70,-18,39,44,33,88,107,kuro,mimic,matsu
1.57E+15,-55,-92,-40,1,5,-26,-68,7,kuro,mimic,matsu
1.57E+15,-36,-22,32,-35,-27,20,47,-56,kuro,mimic,matsu
1.57E+15,20,27,-10,5,-6,-11,-37,4,kuro,mimic,matsu
1.57E+15,-21,39,20,8,9,-17,-72,-70,kuro,mimic,matsu
1.57E+15,94,111,47,6,-30,22,81,-1,kuro,mimic,matsu
1.57E+15,115,111,46,21,-4,2,33,119,kuro,mimic,matsu
1.57E+15,-23,-75,55,35,55,6,-24,21,kuro,mimic,matsu
1.57E+15,4,10,127,2,-15,8,59,40,kuro,mimic,matsu
1.57E+15,-18,20,-95,9,56,17,-51,-77,kuro,mimic,matsu
1.57E+15,-40,10,49,-30,-27,7,9,-60,kuro,mimic,matsu
1.57E+15,0,-40,-44,-45,-8,-5,5,-53,kuro,mimic,matsu
1.57E+15,5,1,-66,30,-19,-17,-27,-30,kuro,mimic,matsu
1.57E+15,19,2,35,38,47,26,-5,39,kuro,mimic,matsu
1.57E+15,-13,-6,-92,-35,-8,13,-20,-14,kuro,mimic,matsu
1.57E+15,-16,-21,-39,11,-9,-19,10,-26,kuro,mimic,matsu
1.57E+15,21,-46,-5,10,1,-46,-43,-78,kuro,mimic,matsu
1.57E+15,-53,-11,-13,-10,4,-49,-3,44,kuro,mimic,matsu
1.57E+15,1,2,-61,17,-11,-21,-9,-35,kuro,mimic,matsu
1.57E+15,14,10,-19,-1,12,2,-8,37,kuro,mimic,matsu
1.57E+15,-29,-24,-40,-31,-14,11,-10,-54,kuro,mimic,matsu
1.57E+15,-22,8,-5,-10,-2,11,9,-4,kuro,mimic,matsu
1.57E+15,14,7,6,4,-4,1,-20,52,kuro,mimic,matsu
1.57E+15,-1,-10,35,-4,3,22,37,-38,kuro,mimic,matsu
1.57E+15,-6,18,2,-5,3,5,-18,-34,kuro,mimic,matsu
1.57E+15,-3,-11,0,-17,-4,12,3,23,kuro,mimic,matsu
1.57E+15,-12,-20,22,16,4,3,0,-7,kuro,mimic,matsu
1.57E+15,-13,9,3,-5,0,10,15,11,kuro,mimic,matsu
1.57E+15,2,8,-10,-11,-6,13,-4,-44,kuro,mimic,matsu
1.57E+15,-2,-17,11,-2,3,-3,-12,8,kuro,mimic,matsu
1.57E+15,14,10,11,-6,-6,-2,26,63,kuro,mimic,matsu
1.57E+15,-6,-5,-8,2,1,1,-9,-105,kuro,mimic,matsu
1.57E+15,1,7,12,-13,-9,-4,-6,31,kuro,mimic,matsu
1.57E+15,-3,-16,4,0,4,2,-2,-4,kuro,mimic,matsu
1.57E+15,0,9,-2,20,4,-4,-4,13,kuro,mimic,matsu
1.57E+15,4,-7,-1,-8,-3,2,8,46,kuro,mimic,matsu
1.57E+15,-8,-2,11,-6,-2,-1,-4,-3,kuro,mimic,matsu
1.57E+15,0,12,-13,3,-1,-10,-5,-28,kuro,mimic,matsu
1.57E+15,7,2,1,0,-10,3,9,12,kuro,mimic,matsu
1.57E+15,-19,-47,-8,-1,6,-8,-10,8,kuro,mimic,matsu
1.57E+15,5,17,1,11,2,3,5,3,kuro,mimic,matsu
1.57E+15,1,2,12,-15,2,1,3,8,kuro,mimic,matsu
1.57E+15,4,-5,6,1,-14,-8,-9,-1,kuro,mimic,matsu
1.57E+15,-14,-3,3,17,2,-4,1,18,kuro,mimic,matsu
1.57E+15,-4,-4,-14,-47,-8,1,1,14,kuro,mimic,matsu
1.57E+15,-1,-4,13,9,4,-1,-8,-30,kuro,mimic,matsu
1.57E+15,4,3,5,5,3,-3,10,71,kuro,mimic,matsu
1.57E+15,-5,6,-15,-6,-3,-8,-14,-78,kuro,mimic,matsu
1.57E+15,-2,-6,13,12,1,-2,4,41,kuro,mimic,matsu
1.57E+15,8,6,9,20,4,2,8,10,kuro,mimic,matsu
1.57E+15,-4,0,-17,-21,-4,-6,-11,-33,kuro,mimic,matsu
1.57E+15,1,1,2,-1,-5,0,3,38,kuro,mimic,matsu
1.57E+15,2,3,13,5,3,2,3,-9,kuro,mimic,matsu
1.57E+15,2,10,-1,-5,-5,-3,0,8,kuro,mimic,matsu
1.57E+15,-4,-14,-9,-2,3,-2,1,-18,kuro,mimic,matsu
1.57E+15,0,2,10,-3,8,2,2,23,kuro,mimic,matsu
1.57E+15,7,10,-4,5,-3,0,-3,-11,kuro,mimic,matsu
1.57E+15,-2,2,-12,1,-2,-6,-5,2,kuro,mimic,matsu
1.57E+15,-13,-35,-3,-4,2,0,-3,-16,kuro,mimic,matsu
1.57E+15,7,12,8,-14,-8,-1,0,7,kuro,mimic,matsu
1.57E+15,0,-3,-21,10,4,1,2,9,kuro,mimic,matsu
1.57E+15,-4,-12,-15,-7,-4,-3,-1,-3,kuro,mimic,matsu
1.57E+15,1,10,8,26,7,0,-1,0,kuro,mimic,matsu
1.57E+15,-3,2,-8,-20,-5,-2,-1,-10,kuro,mimic,matsu
1.57E+15,-2,-2,-13,0,-5,-2,-1,14,kuro,mimic,matsu
1.57E+15,0,-2,9,-9,0,0,1,-3,kuro,mimic,matsu
1.57E+15,-7,0,-4,-12,-3,-7,-15,-32,kuro,mimic,matsu
1.57E+15,1,7,-5,19,3,3,1,15,kuro,mimic,matsu
1.57E+15,1,0,4,0,0,2,0,8,kuro,mimic,matsu
1.57E+15,-7,-7,4,-3,0,-2,-2,-5,kuro,mimic,matsu
1.57E+15,3,8,-5,3,3,1,2,-4,kuro,mimic,matsu
1.57E+15,2,0,-2,1,-5,-3,-5,10,kuro,mimic,matsu
1.57E+15,2,1,10,5,-3,-5,-2,-6,kuro,mimic,matsu
1.57E+15,12,22,-4,-3,-2,-1,3,11,kuro,mimic,matsu
1.57E+15,-21,-47,-17,-2,11,8,3,-7,kuro,mimic,matsu
1.57E+15,0,7,3,19,18,5,2,7,kuro,mimic,matsu
1.57E+15,-9,-16,-4,-23,-9,1,-2,-6,kuro,mimic,matsu
1.57E+15,-1,-1,-12,-20,-15,-4,-6,-6,kuro,mimic,matsu
1.57E+15,13,31,12,3,-12,-7,-3,0,kuro,mimic,matsu
1.57E+15,-1,-14,1,-4,4,-2,3,7,kuro,mimic,matsu
1.57E+15,1,2,-8,29,5,-1,3,27,kuro,mimic,matsu
1.57E+15,-5,-8,0,-25,-8,-2,-6,-57,kuro,mimic,matsu
1.57E+15,-2,-3,-7,-13,-10,-8,-8,-1,kuro,mimic,matsu
1.57E+15,1,2,-8,-2,-2,0,-1,4,kuro,mimic,matsu
1.57E+15,-11,-5,-3,-1,0,-2,-6,-11,kuro,mimic,matsu
1.57E+15,0,-8,10,19,7,2,4,28,kuro,mimic,matsu
1.57E+15,0,2,2,11,6,0,3,-4,kuro,mimic,matsu
1.57E+15,-3,11,-15,-10,-10,-4,-3,-4,kuro,mimic,matsu
1.57E+15,3,3,6,6,0,0,-3,-10,kuro,mimic,matsu
1.57E+15,0,8,-3,-1,-1,-1,-1,5,kuro,mimic,matsu
1.57E+15,-11,-41,-7,-2,-1,-3,1,1,kuro,mimic,matsu
1.57E+15,4,3,6,3,-5,1,1,10,kuro,mimic,matsu
1.57E+15,-4,-2,-6,-9,0,-1,1,1,kuro,mimic,matsu
1.57E+15,0,1,-2,1,2,0,-1,2,kuro,mimic,matsu
1.57E+15,10,27,6,5,-2,1,1,3,kuro,mimic,matsu
1.57E+15,-4,-19,1,-2,4,-1,-3,-7,kuro,mimic,matsu
1.57E+15,-10,-8,-2,-4,-3,-3,0,1,kuro,mimic,matsu
1.57E+15,-11,-5,-2,5,7,3,-3,-2,kuro,mimic,matsu
1.57E+15,6,11,8,11,5,2,-2,-7,kuro,mimic,matsu
1.57E+15,-1,4,2,-19,-9,-2,-1,5,kuro,mimic,matsu
1.57E+15,9,7,1,4,-3,-3,-2,-11,kuro,mimic,matsu
1.57E+15,4,-10,-3,-1,3,-3,4,20,kuro,mimic,matsu
1.57E+15,1,5,4,4,0,-1,1,0,kuro,mimic,matsu
1.57E+15,2,-2,-1,2,2,0,-2,5,kuro,mimic,matsu
1.57E+15,-4,-4,-9,-10,-5,-4,-10,-42,kuro,mimic,matsu
1.57E+15,-3,-4,7,-6,0,1,-2,2,kuro,mimic,matsu
1.57E+15,5,11,-2,-6,-5,0,1,4,kuro,mimic,matsu
1.57E+15,5,4,-2,3,-2,-1,1,6,kuro,mimic,matsu
1.57E+15,-5,-8,0,2,2,0,0,17,kuro,mimic,matsu
1.57E+15,-3,-4,-5,5,-2,-2,-1,-6,kuro,mimic,matsu
1.57E+15,-1,4,-1,-3,0,0,0,-2,kuro,mimic,matsu
1.57E+15,1,3,6,-2,-3,-2,-1,-2,kuro,mimic,matsu
1.57E+15,-3,1,0,3,2,0,-2,-3,kuro,mimic,matsu
1.57E+15,-1,-3,-2,-1,-4,-2,-1,-3,kuro,mimic,matsu
1.57E+15,-1,-3,-2,-3,0,-2,-3,3,kuro,mimic,matsu
1.57E+15,-1,2,1,-3,-3,-5,-2,-3,kuro,mimic,matsu
1.57E+15,5,4,3,-1,2,-1,2,9,kuro,mimic,matsu
1.57E+15,-1,-3,-2,-5,0,-1,-5,-11,kuro,mimic,matsu
1.57E+15,-1,1,1,-3,-1,-1,-1,-1,kuro,mimic,matsu
1.57E+15,1,-4,-3,3,1,1,1,-8,kuro,mimic,matsu
1.57E+15,-4,-1,-1,1,0,-1,-4,0,kuro,mimic,matsu
1.57E+15,-1,-2,0,1,-1,-1,0,11,kuro,mimic,matsu
1.57E+15,-1,2,-2,-1,0,-2,-3,-16,kuro,mimic,matsu
1.57E+15,3,6,0,-3,0,-1,2,-1,kuro,mimic,matsu
1.57E+15,-12,-26,-5,-1,-2,-1,0,1,kuro,mimic,matsu
1.57E+15,6,9,5,3,0,0,-3,-3,kuro,mimic,matsu
1.57E+15,9,24,4,7,0,0,6,9,kuro,mimic,matsu
1.57E+15,6,-26,-6,-1,3,6,5,14,kuro,mimic,matsu
1.57E+15,-9,6,-5,-1,11,-1,-9,-17,kuro,mimic,matsu
1.57E+15,-18,-27,-10,-14,5,0,5,18,kuro,mimic,matsu
1.57E+15,13,21,0,3,2,10,35,59,kuro,mimic,matsu
1.57E+15,-2,-10,31,34,-19,-11,-44,-42,kuro,mimic,matsu
1.57E+15,-10,-18,-42,-49,-18,-12,-26,-46,kuro,mimic,matsu
1.57E+15,88,91,40,37,20,31,99,95,kuro,mimic,matsu
1.57E+15,-68,-89,-77,-56,-29,-38,-107,-83,kuro,mimic,matsu
1.57E+15,-72,16,-40,-80,-92,-59,-59,-86,kuro,mimic,matsu
1.57E+15,21,0,17,35,92,51,43,24,kuro,mimic,matsu
1.57E+15,-74,-77,-79,-7,75,0,-63,-76,kuro,mimic,matsu
1.57E+15,-25,22,17,15,13,8,53,-3,kuro,mimic,matsu
1.57E+15,7,51,54,18,-6,17,44,103,kuro,mimic,matsu
1.57E+15,48,54,70,8,-55,-19,16,-4,kuro,mimic,matsu
1.57E+15,61,0,-36,29,-60,-12,-9,55,kuro,mimic,matsu
1.57E+15,-57,-99,-108,0,20,-6,-47,-55,kuro,mimic,matsu
1.57E+15,21,40,57,2,24,11,56,67,kuro,mimic,matsu
1.57E+15,23,67,25,-7,-29,-19,-37,-59,kuro,mimic,matsu
1.57E+15,11,72,38,21,7,4,43,80,kuro,mimic,matsu
1.57E+15,22,-53,35,48,62,37,31,-20,kuro,mimic,matsu
1.57E+15,-42,45,-18,-72,-89,-43,35,85,kuro,mimic,matsu
1.57E+15,8,106,-60,-5,62,30,-6,38,kuro,mimic,matsu
1.57E+15,-45,-74,-54,-76,-21,-18,-10,-10,kuro,mimic,matsu
1.57E+15,-39,103,-7,-9,-17,-32,-21,-7,kuro,mimic,matsu
1.57E+15,43,4,-40,68,41,5,20,77,kuro,mimic,matsu
1.57E+15,1,-31,-34,13,1,-21,-51,-89,kuro,mimic,matsu
1.57E+15,-32,15,51,-4,-20,-38,-29,-12,kuro,mimic,matsu
1.57E+15,31,13,9,5,-18,-39,16,18,kuro,mimic,matsu
1.57E+15,30,-16,13,21,43,-12,-17,29,kuro,mimic,matsu
1.57E+15,-46,-50,7,-14,-43,-46,18,-9,kuro,mimic,matsu
1.57E+15,-40,-36,1,2,-4,4,-19,-95,kuro,mimic,matsu
1.57E+15,51,-2,1,-12,-12,33,4,53,kuro,mimic,matsu
1.57E+15,-6,-39,-20,1,20,48,3,16,kuro,mimic,matsu
1.57E+15,-21,-63,1,-12,-13,28,-7,16,kuro,mimic,matsu
1.57E+15,17,41,5,-6,-13,40,8,-17,kuro,mimic,matsu
1.57E+15,5,29,6,-14,-22,23,-8,6,kuro,mimic,matsu
1.57E+15,3,-14,22,2,36,33,7,-78,kuro,mimic,matsu
1.57E+15,-9,3,1,18,28,29,27,25,kuro,mimic,matsu
1.57E+15,-9,-14,-7,6,1,3,-18,0,kuro,mimic,matsu
1.57E+15,24,35,39,-8,-21,-8,21,18,kuro,mimic,matsu
1.57E+15,-13,-13,-31,-4,-2,-8,-20,-61,kuro,mimic,matsu
1.57E+15,-4,-19,-9,2,-14,-8,-2,16,kuro,mimic,matsu
1.57E+15,11,23,-2,-13,-12,-10,-4,-14,kuro,mimic,matsu
1.57E+15,3,3,24,-1,-3,5,11,7,kuro,mimic,matsu
1.57E+15,-8,-13,-34,20,21,4,-17,-36,kuro,mimic,matsu
1.57E+15,-8,1,9,-35,-15,-1,9,-3,kuro,mimic,matsu
1.57E+15,7,0,5,-6,-7,-5,1,14,kuro,mimic,matsu
1.57E+15,-13,-7,-13,1,2,4,5,-25,kuro,mimic,matsu
1.57E+15,-9,-15,-15,-6,8,4,-16,-38,kuro,mimic,matsu
1.57E+15,9,13,12,22,-4,-5,14,45,kuro,mimic,matsu
1.57E+15,-1,-1,-12,3,-1,-6,-4,-10,kuro,mimic,matsu
1.57E+15,5,0,14,2,6,-1,3,3,kuro,mimic,matsu
1.57E+15,13,30,0,7,0,-6,-4,-18,kuro,mimic,matsu
1.57E+15,-8,-19,-28,-7,-8,-8,2,10,kuro,mimic,matsu
1.57E+15,-3,-5,13,-11,1,-2,3,-12,kuro,mimic,matsu
1.57E+15,-1,6,11,7,7,-3,-2,5,kuro,mimic,matsu
1.57E+15,1,-5,-12,12,0,-5,-1,-1,kuro,mimic,matsu
1.57E+15,-3,12,14,23,-2,-5,-1,-5,kuro,mimic,matsu
1.57E+15,-5,-3,12,-29,-8,-8,-4,-15,kuro,mimic,matsu
1.57E+15,7,13,-4,-13,-9,-2,4,19,kuro,mimic,matsu
1.57E+15,-11,-30,-9,-15,-2,-3,-5,-18,kuro,mimic,matsu
1.57E+15,1,-6,27,18,3,-2,4,7,kuro,mimic,matsu
1.57E+15,2,8,12,16,0,0,-1,-5,kuro,mimic,matsu
1.57E+15,2,-1,0,0,7,-4,-6,7,kuro,mimic,matsu
1.57E+15,-6,-7,17,-22,-21,-4,-2,-23,kuro,mimic,matsu
1.57E+15,-4,2,-3,-14,-8,-7,-3,5,kuro,mimic,matsu
1.57E+15,0,0,-16,13,13,4,0,0,kuro,mimic,matsu
1.57E+15,5,4,1,-3,0,3,-1,2,kuro,mimic,matsu
1.57E+15,1,3,3,4,9,3,0,-2,kuro,mimic,matsu
1.57E+15,-2,-4,-23,-3,-8,-3,2,4,kuro,mimic,matsu
1.57E+15,3,10,-10,0,-2,-1,-2,-3,kuro,mimic,matsu
1.57E+15,2,1,10,9,5,-4,-2,-3,kuro,mimic,matsu
1.57E+15,-3,2,-20,14,-1,0,1,-2,kuro,mimic,matsu
1.57E+15,2,0,-20,-34,-5,0,1,2,kuro,mimic,matsu
1.57E+15,-2,-5,2,12,-1,-2,-4,-3,kuro,mimic,matsu
1.57E+15,-2,-4,1,-1,0,0,-1,-10,kuro,mimic,matsu
1.57E+15,-1,3,-17,-12,-4,-5,-1,0,kuro,mimic,matsu
1.57E+15,2,5,10,18,6,1,0,8,kuro,mimic,matsu
1.57E+15,-1,-1,4,-6,1,-1,1,-5,kuro,mimic,matsu
1.57E+15,0,3,-10,-6,-9,-3,-2,-6,kuro,mimic,matsu
1.57E+15,9,11,3,0,0,1,3,11,kuro,mimic,matsu
1.57E+15,-7,-25,-3,-3,0,2,-3,-9,kuro,mimic,matsu
1.57E+15,-12,-4,-3,1,-2,-3,-3,2,kuro,mimic,matsu
1.57E+15,-1,-1,-6,-2,-5,0,-2,8,kuro,mimic,matsu
,,,,,,,,,,,
1.57E+15,1,-12,-3,-6,-2,-3,-2,-4,kuro,mimic,matsu
1.57E+15,4,3,3,-1,1,-1,2,0,kuro,mimic,matsu
1.57E+15,-2,1,1,11,2,1,1,5,kuro,mimic,matsu
1.57E+15,-7,-22,0,10,1,0,-2,-1,kuro,mimic,matsu
1.57E+15,0,6,-3,1,1,0,1,0,kuro,mimic,matsu
1.57E+15,-10,-16,-9,-14,-7,-3,-3,-4,kuro,mimic,matsu
1.57E+15,4,7,-1,-9,3,1,3,-2,kuro,mimic,matsu
1.57E+15,4,4,-6,-46,-19,-4,-2,7,kuro,mimic,matsu
1.57E+15,-1,8,2,11,1,-1,-2,-11,kuro,mimic,matsu
1.57E+15,3,-4,-2,2,3,-2,-3,-3,kuro,mimic,matsu
1.57E+15,-7,2,7,22,7,1,1,5,kuro,mimic,matsu
1.57E+15,-2,2,3,1,3,2,3,-1,kuro,mimic,matsu
1.57E+15,-5,-20,-7,-10,-3,-1,-3,-2,kuro,mimic,matsu
1.57E+15,11,20,8,16,-1,1,0,0,kuro,mimic,matsu
1.57E+15,25,24,-7,-26,-3,-1,-1,5,kuro,mimic,matsu
1.57E+15,9,25,13,31,14,9,3,2,kuro,mimic,matsu
1.57E+15,4,10,-15,-1,6,-7,-7,10,kuro,mimic,matsu
1.57E+15,-4,-32,-14,-13,33,7,8,-1,kuro,mimic,matsu
1.57E+15,14,5,11,-6,-59,-14,-9,-56,kuro,mimic,matsu
1.57E+15,62,88,54,66,94,31,15,31,kuro,mimic,matsu
1.57E+15,34,62,-45,-48,-73,-22,22,53,kuro,mimic,matsu
1.57E+15,-107,-119,-32,-55,-75,-44,-51,-97,kuro,mimic,matsu
1.57E+15,113,111,-23,35,61,36,-3,34,kuro,mimic,matsu
1.57E+15,-96,-119,-84,-15,7,-16,-34,-62,kuro,mimic,matsu
1.57E+15,38,-27,35,-39,-53,8,57,105,kuro,mimic,matsu
1.57E+15,98,103,72,31,8,-7,2,41,kuro,mimic,matsu
1.57E+15,-128,-90,-73,-27,46,-6,42,-102,kuro,mimic,matsu
1.57E+15,75,127,97,46,0,24,59,44,kuro,mimic,matsu
1.57E+15,36,73,-72,-20,2,-2,-1,45,kuro,mimic,matsu
1.57E+15,-48,-47,-86,-13,-65,-11,21,-83,kuro,mimic,matsu
1.57E+15,20,6,23,14,-12,-2,-2,94,kuro,mimic,matsu
1.57E+15,-7,35,10,23,3,-1,42,10,kuro,mimic,matsu
1.57E+15,-20,-61,2,-25,-10,-11,-45,-64,kuro,mimic,matsu
1.57E+15,30,42,67,7,-1,10,22,37,kuro,mimic,matsu
1.57E+15,-13,-30,74,14,11,2,7,39,kuro,mimic,matsu
1.57E+15,-25,-80,-28,-9,38,8,-40,-35,kuro,mimic,matsu
1.57E+15,-1,-10,5,7,-13,16,12,-16,kuro,mimic,matsu
1.57E+15,-24,-14,-19,-10,32,-4,-7,35,kuro,mimic,matsu
1.57E+15,7,53,-25,-13,-11,-2,-24,-64,kuro,mimic,matsu
1.57E+15,16,13,-47,-16,-30,-7,4,28,kuro,mimic,matsu
1.57E+15,-50,-43,8,42,-6,-24,-59,-48,kuro,mimic,matsu
1.57E+15,-11,32,23,-1,10,3,13,81,kuro,mimic,matsu
1.57E+15,15,8,-20,-17,-34,-10,-4,-31,kuro,mimic,matsu
1.57E+15,-35,-40,-5,-4,-10,-9,4,30,kuro,mimic,matsu
1.57E+15,3,35,35,17,45,11,3,-35,kuro,mimic,matsu
1.57E+15,2,-16,-60,0,4,2,-19,-27,kuro,mimic,matsu
1.57E+15,2,-3,11,0,-11,2,19,92,kuro,mimic,matsu
1.57E+15,8,-7,10,-19,-17,-6,-10,-97,kuro,mimic,matsu
1.57E+15,-13,-3,10,17,18,-8,-23,-49,kuro,mimic,matsu
1.57E+15,9,8,2,4,-8,3,21,34,kuro,mimic,matsu
1.57E+15,12,-13,25,14,16,1,-11,-20,kuro,mimic,matsu
1.57E+15,-12,-8,18,-25,-32,-15,-20,10,kuro,mimic,matsu
1.57E+15,-12,-6,4,11,18,12,27,21,kuro,mimic,matsu
1.57E+15,27,20,33,9,24,15,4,2,kuro,mimic,matsu
1.57E+15,-18,-17,4,-9,-7,-5,-1,42,kuro,mimic,matsu
1.57E+15,-5,-14,-19,-18,-30,-15,-10,-49,kuro,mimic,matsu
1.57E+15,0,18,16,9,4,0,1,-30,kuro,mimic,matsu
1.57E+15,4,-3,-2,10,18,2,-21,-13,kuro,mimic,matsu
1.57E+15,-5,-13,-6,0,-5,-5,-5,0,kuro,mimic,matsu
1.57E+15,1,4,6,-26,-21,-3,5,33,kuro,mimic,matsu
1.57E+15,9,15,0,7,16,8,3,0,kuro,mimic,matsu
1.57E+15,-4,-20,-19,3,0,0,-6,0,kuro,mimic,matsu
1.57E+15,-7,-12,-20,-22,-14,-10,0,11,kuro,mimic,matsu
1.57E+15,2,3,-2,-1,-3,-3,-5,30,kuro,mimic,matsu
1.57E+15,-5,6,-8,-3,7,0,-5,-8,kuro,mimic,matsu
1.57E+15,4,10,11,5,0,4,7,32,kuro,mimic,matsu
1.57E+15,-11,-7,6,3,3,-1,-5,-47,kuro,mimic,matsu
1.57E+15,5,3,-8,-2,-13,-5,-12,3,kuro,mimic,matsu
1.57E+15,-6,-3,9,3,8,-2,-7,-15,kuro,mimic,matsu
1.57E+15,4,5,15,2,-6,1,1,1,kuro,mimic,matsu
1.57E+15,2,-9,-7,-9,-1,2,-5,0,kuro,mimic,matsu
1.57E+15,-2,3,-8,-2,1,-2,-3,-11,kuro,mimic,matsu
1.57E+15,-6,-8,6,1,8,3,5,15,kuro,mimic,matsu
1.57E+15,2,10,5,3,1,2,1,-18,kuro,mimic,matsu
1.57E+15,4,8,7,12,3,-2,-2,22,kuro,mimic,matsu
1.57E+15,-11,-21,1,0,-13,-8,-10,2,kuro,mimic,matsu
1.57E+15,-5,-5,-5,-34,-1,0,3,15,kuro,mimic,matsu
1.57E+15,4,5,-13,4,2,5,6,-4,kuro,mimic,matsu
1.57E+15,-3,-2,4,-15,-7,-2,-12,-20,kuro,mimic,matsu
1.57E+15,2,9,12,1,0,-5,-11,0,kuro,mimic,matsu
1.57E+15,2,3,7,11,3,1,7,-9,kuro,mimic,matsu
1.57E+15,-7,-5,-7,9,-2,-7,-1,0,kuro,mimic,matsu
1.57E+15,-5,-7,3,-6,-5,0,-4,-18,kuro,mimic,matsu
1.57E+15,4,4,5,-1,1,3,10,14,kuro,mimic,matsu
1.57E+15,-4,3,-9,10,-2,-6,-10,17,kuro,mimic,matsu
1.57E+15,2,10,14,-7,4,-1,-4,-31,kuro,mimic,matsu
1.57E+15,-1,-4,14,8,-1,-2,7,16,kuro,mimic,matsu
1.57E+15,-2,-3,-24,-24,-11,-3,-2,-2,kuro,mimic,matsu
1.57E+15,2,-1,0,-1,-2,-4,1,5,kuro,mimic,matsu
1.57E+15,1,-2,15,4,3,3,3,5,kuro,mimic,matsu
1.57E+15,-2,-3,-2,7,0,-3,-3,-5,kuro,mimic,matsu
1.57E+15,2,-2,-16,4,2,0,-2,-2,kuro,mimic,matsu
1.57E+15,-5,-6,2,0,-2,-1,1,-3,kuro,mimic,matsu
1.57E+15,2,-1,-15,-11,-8,-4,-1,4,kuro,mimic,matsu
1.57E+15,-5,-1,-13,9,4,-1,-3,-3,kuro,mimic,matsu
1.57E+15,-4,-1,4,-1,-2,-2,-1,-14,kuro,mimic,matsu
1.57E+15,-1,-1,5,3,-4,-3,1,-5,kuro,mimic,matsu
1.57E+15,-4,2,-14,-7,2,-4,-9,-8,kuro,mimic,matsu
1.57E+15,0,-4,-11,-8,-3,0,1,-3,kuro,mimic,matsu
1.57E+15,2,1,17,19,1,2,5,19,kuro,mimic,matsu
1.57E+15,2,-1,1,15,5,5,1,-36,kuro,mimic,matsu
1.57E+15,-6,-8,-18,-48,-16,-6,-12,-16,kuro,mimic,matsu
1.57E+15,1,0,1,0,0,3,6,8,kuro,mimic,matsu
1.57E+15,1,-5,-14,0,5,-1,-1,2,kuro,mimic,matsu
1.57E+15,-1,-2,-4,9,-8,-1,0,11,kuro,mimic,matsu
1.57E+15,-2,2,3,16,2,-1,2,-16,kuro,mimic,matsu
1.57E+15,-6,-9,-10,-14,-11,-9,-7,-5,kuro,mimic,matsu
1.57E+15,0,2,-4,0,3,1,1,3,kuro,mimic,matsu
1.57E+15,1,0,-4,-4,7,3,-1,3,kuro,mimic,matsu
1.57E+15,6,4,13,7,1,2,0,7,kuro,mimic,matsu
1.57E+15,-2,-2,1,-3,-5,-4,-1,4,kuro,mimic,matsu
1.57E+15,3,7,-7,0,0,1,2,0,kuro,mimic,matsu
1.57E+15,-4,-13,-6,-7,-6,-5,-7,-3,kuro,mimic,matsu
1.57E+15,-3,3,2,5,2,-1,-3,-4,kuro,mimic,matsu
1.57E+15,-3,-6,3,14,7,1,-2,-6,kuro,mimic,matsu
1.57E+15,3,8,-1,-10,-1,-1,2,3,kuro,mimic,matsu
1.57E+15,-3,-13,4,-8,-5,0,4,5,kuro,mimic,matsu
1.57E+15,-4,6,-6,6,-1,-5,0,15,kuro,mimic,matsu
1.57E+15,3,6,16,17,8,3,2,-3,kuro,mimic,matsu
1.57E+15,-9,-10,-13,-11,-3,-7,-14,-35,kuro,mimic,matsu
1.57E+15,4,12,2,-4,-1,-1,2,2,kuro,mimic,matsu
1.57E+15,2,-5,3,11,-1,1,0,-4,kuro,mimic,matsu
1.57E+15,-2,0,-5,-11,-9,0,0,31,kuro,mimic,matsu
1.57E+15,0,-7,8,9,7,4,4,7,kuro,mimic,matsu
1.57E+15,-4,0,-7,10,5,2,-2,-15,kuro,mimic,matsu
1.57E+15,-3,-9,-7,-16,0,-2,-6,-4,kuro,mimic,matsu
1.57E+15,1,7,3,-15,-6,-2,2,-6,kuro,mimic,matsu
1.57E+15,1,3,0,6,0,-1,2,0,kuro,mimic,matsu
1.57E+15,-4,-5,1,-1,4,1,-2,4,kuro,mimic,matsu
1.57E+15,-1,-2,7,18,5,4,6,8,kuro,mimic,matsu
1.57E+15,-4,-1,-6,-7,-1,-3,-9,11,kuro,mimic,matsu
1.57E+15,-3,-4,-4,-12,-9,-5,-5,-22,kuro,mimic,matsu
1.57E+15,-1,-1,5,-2,-2,-3,-4,-6,kuro,mimic,matsu
1.57E+15,1,4,4,-2,1,-1,2,13,kuro,mimic,matsu
1.57E+15,1,-1,-10,9,3,1,4,-7,kuro,mimic,matsu
1.57E+15,-3,-5,8,-2,-5,-1,-1,30,kuro,mimic,matsu
1.57E+15,1,3,3,-4,1,-2,-1,-5,kuro,mimic,matsu
1.57E+15,-2,-1,-3,6,-2,-2,-1,-15,kuro,mimic,matsu
1.57E+15,0,-6,-10,-4,0,0,0,-1,kuro,mimic,matsu
1.57E+15,3,0,5,-6,-1,0,0,22,kuro,mimic,matsu
1.57E+15,-11,3,-3,-6,0,0,-4,-65,kuro,mimic,matsu
1.57E+15,1,3,-6,-5,1,0,0,3,kuro,mimic,matsu
1.57E+15,0,-11,2,0,-3,-2,-4,-12,kuro,mimic,matsu
1.57E+15,-7,-7,-6,-7,-3,-4,1,-1,kuro,mimic,matsu
1.57E+15,-6,-10,-6,-2,-3,-4,0,22,kuro,mimic,matsu
1.57E+15,1,3,2,0,-1,-1,-2,-4,kuro,mimic,matsu
1.57E+15,1,7,3,2,2,1,-1,-5,kuro,mimic,matsu
1.57E+15,13,22,-1,14,1,0,0,6,kuro,mimic,matsu
1.57E+15,17,12,8,-1,5,2,-1,9,kuro,mimic,matsu
1.57E+15,-20,-26,-12,-8,-1,-3,-2,-9,kuro,mimic,matsu
1.57E+15,-8,-13,-4,-4,-4,-3,-3,3,kuro,mimic,matsu
1.57E+15,-9,-12,1,-3,-3,-3,-1,-10,kuro,mimic,matsu
1.57E+15,15,19,5,1,2,2,3,10,kuro,mimic,matsu
1.57E+15,48,59,27,19,6,8,14,38,kuro,mimic,matsu
1.57E+15,-25,-41,-31,-18,-6,-10,-8,2,kuro,mimic,matsu
1.57E+15,36,50,34,-3,-22,5,-2,-43,kuro,mimic,matsu
1.57E+15,-32,-55,-36,12,52,0,-2,48,kuro,mimic,matsu
1.57E+15,-33,18,-1,-28,-60,2,-1,-27,kuro,mimic,matsu
1.57E+15,9,2,-3,13,79,14,13,48,kuro,mimic,matsu
1.57E+15,15,-8,-20,-41,-76,-5,58,58,kuro,mimic,matsu
1.57E+15,51,58,29,7,31,1,-79,-61,kuro,mimic,matsu
1.57E+15,-83,-121,-55,-20,-34,-17,-22,-12,kuro,mimic,matsu
1.57E+15,-101,-66,-64,-32,1,-32,1,-51,kuro,mimic,matsu
1.57E+15,36,78,31,-19,47,9,-4,67,kuro,mimic,matsu
1.57E+15,98,57,76,28,46,10,-31,-37,kuro,mimic,matsu
1.57E+15,-59,-57,47,54,28,-12,-48,-89,kuro,mimic,matsu
1.57E+15,-6,45,-23,-16,42,18,9,-104,kuro,mimic,matsu
1.57E+15,-65,-32,-1,23,38,11,-41,-96,kuro,mimic,matsu
1.57E+15,37,56,-94,-51,-106,-24,-41,-12,kuro,mimic,matsu
1.57E+15,55,18,-34,-25,15,12,43,61,kuro,mimic,matsu
1.57E+15,57,33,32,46,-50,-19,-16,7,kuro,mimic,matsu
1.57E+15,-46,-55,-48,-11,-23,-25,-25,-28,kuro,mimic,matsu
1.57E+15,-27,-13,14,7,8,12,66,91,kuro,mimic,matsu
1.57E+15,18,19,33,17,37,13,-13,-32,kuro,mimic,matsu
1.57E+15,33,16,34,25,-19,2,26,99,kuro,mimic,matsu
1.57E+15,1,-30,-33,-4,-6,3,-11,-7,kuro,mimic,matsu
1.57E+15,-70,-108,-32,-26,-43,-9,21,-22,kuro,mimic,matsu
1.57E+15,-14,16,2,-45,8,-6,-17,-10,kuro,mimic,matsu
1.57E+15,46,53,44,12,-5,11,48,125,kuro,mimic,matsu
1.57E+15,1,-8,38,39,29,-3,-24,9,kuro,mimic,matsu
1.57E+15,-9,32,-16,15,4,1,24,40,kuro,mimic,matsu
1.57E+15,-88,-20,-7,-11,-10,-8,-34,-100,kuro,mimic,matsu
1.57E+15,32,6,3,-8,-4,12,27,88,kuro,mimic,matsu
1.57E+15,-18,11,15,12,4,-1,6,-34,kuro,mimic,matsu
1.57E+15,-43,-51,-11,-20,-20,-11,0,-24,kuro,mimic,matsu
1.57E+15,80,56,-7,-3,-12,-7,19,81,kuro,mimic,matsu
1.57E+15,1,-2,6,12,26,12,-23,-56,kuro,mimic,matsu
1.57E+15,-24,-14,-4,-19,-21,10,25,29,kuro,mimic,matsu
1.57E+15,4,3,22,17,32,3,9,5,kuro,mimic,matsu
1.57E+15,8,-12,-30,-17,-31,-8,14,4,kuro,mimic,matsu
1.57E+15,-17,-6,27,2,13,6,-27,-41,kuro,mimic,matsu
1.57E+15,12,-3,-4,-14,-7,-7,-2,27,kuro,mimic,matsu
1.57E+15,-10,8,6,1,-6,-5,2,-44,kuro,mimic,matsu
1.57E+15,-4,-9,2,1,-8,-9,-4,-5,kuro,mimic,matsu
1.57E+15,-1,2,-5,-11,-22,-9,-11,-29,kuro,mimic,matsu
1.57E+15,18,16,-2,9,16,1,10,29,kuro,mimic,matsu
1.57E+15,-17,-20,-1,-3,-12,1,17,11,kuro,mimic,matsu
1.57E+15,23,26,30,21,14,2,-10,-6,kuro,mimic,matsu
1.57E+15,-4,-4,-17,-16,-18,-4,-16,-24,kuro,mimic,matsu
1.57E+15,14,-4,1,4,10,4,7,22,kuro,mimic,matsu
1.57E+15,-4,13,-11,2,-7,-3,0,-14,kuro,mimic,matsu
1.57E+15,6,-18,-11,7,10,6,12,34,kuro,mimic,matsu
1.57E+15,-15,-2,-5,-9,-11,-6,-13,-28,kuro,mimic,matsu
1.57E+15,-2,-3,13,32,13,1,1,-17,kuro,mimic,matsu
1.57E+15,-3,3,-7,-38,-9,-3,-9,1,kuro,mimic,matsu
1.57E+15,15,21,1,-8,-3,-2,2,-14,kuro,mimic,matsu
1.57E+15,-6,-7,4,-2,-4,-1,-5,2,kuro,mimic,matsu
1.57E+15,3,-2,-17,-23,-1,-2,5,-8,kuro,mimic,matsu
1.57E+15,0,3,13,24,-1,-2,-4,8,kuro,mimic,matsu
1.57E+15,12,6,13,-2,11,7,15,75,kuro,mimic,matsu
1.57E+15,-3,-11,1,3,-11,-10,-17,-46,kuro,mimic,matsu
1.57E+15,-4,1,0,-4,-2,-2,-1,3,kuro,mimic,matsu
1.57E+15,4,-1,18,-1,7,6,14,48,kuro,mimic,matsu
1.57E+15,-10,-1,-7,6,-4,-4,-11,-77,kuro,mimic,matsu
1.57E+15,-6,-3,-21,-8,-4,-1,1,23,kuro,mimic,matsu
1.57E+15,7,6,13,2,-2,1,-3,-7,kuro,mimic,matsu
1.57E+15,-7,-9,1,-7,-3,-1,0,12,kuro,mimic,matsu
1.57E+15,5,3,-2,4,6,3,13,34,kuro,mimic,matsu
1.57E+15,4,5,29,-5,-7,2,1,-13,kuro,mimic,matsu
1.57E+15,-4,-5,11,-6,0,-8,-11,-15,kuro,mimic,matsu
1.57E+15,-3,-1,4,-17,-13,-2,-2,-10,kuro,mimic,matsu
1.57E+15,5,-1,-5,2,7,-1,0,13,kuro,mimic,matsu
1.57E+15,0,4,10,13,8,7,2,-1,kuro,mimic,matsu
1.57E+15,0,-8,-10,-57,-16,-3,2,-9,kuro,mimic,matsu
1.57E+15,-4,-1,-12,20,4,-6,-13,-23,kuro,mimic,matsu
1.57E+15,4,8,9,1,1,1,2,19,kuro,mimic,matsu
1.57E+15,-7,-3,-4,-12,-12,-9,-8,-15,kuro,mimic,matsu
1.57E+15,2,0,-14,21,7,2,7,22,kuro,mimic,matsu
1.57E+15,0,-3,6,7,3,4,1,-18,kuro,mimic,matsu
1.57E+15,0,2,4,1,2,0,-6,-10,kuro,mimic,matsu
1.57E+15,-3,-7,-19,13,-2,-5,-7,-12,kuro,mimic,matsu
1.57E+15,7,8,-4,7,-5,-3,-3,-7,kuro,mimic,matsu
1.57E+15,-15,-23,8,-5,2,0,-1,-19,kuro,mimic,matsu
1.57E+15,2,4,9,6,1,3,5,22,kuro,mimic,matsu
1.57E+15,4,9,1,3,0,2,2,-1,kuro,mimic,matsu
1.57E+15,0,1,-17,-2,0,-3,-2,-9,kuro,mimic,matsu
1.57E+15,-3,-2,15,10,6,-1,2,-6,kuro,mimic,matsu
1.57E+15,-1,-6,-38,1,-10,-5,1,1,kuro,mimic,matsu
1.57E+15,-4,-14,-4,-24,-4,-1,0,10,kuro,mimic,matsu
1.57E+15,4,9,15,7,0,-1,-4,-16,kuro,mimic,matsu
1.57E+15,4,6,-1,14,3,0,-1,8,kuro,mimic,matsu
1.57E+15,-2,-7,-6,-27,-3,0,-1,-8,kuro,mimic,matsu
1.57E+15,2,2,11,-1,6,3,5,7,kuro,mimic,matsu
1.57E+15,-3,-5,-2,9,3,2,2,9,kuro,mimic,matsu
1.57E+15,6,3,-12,4,5,4,5,8,kuro,mimic,matsu
1.57E+15,-6,-3,10,-7,-5,-7,-9,12,kuro,mimic,matsu
1.57E+15,-4,2,-11,-6,-4,-3,1,-27,kuro,mimic,matsu
1.57E+15,-2,-3,6,12,5,-2,-5,3,kuro,mimic,matsu
1.57E+15,-5,-5,-17,-15,-10,-5,-4,4,kuro,mimic,matsu
1.57E+15,3,10,3,8,3,4,3,6,kuro,mimic,matsu
1.57E+15,2,2,10,-2,-3,1,4,19,kuro,mimic,matsu
1.57E+15,-5,0,-11,-5,-3,-1,-7,-11,kuro,mimic,matsu
1.57E+15,0,-8,10,5,0,-2,-5,-23,kuro,mimic,matsu
1.57E+15,4,-1,1,14,5,1,4,-4,kuro,mimic,matsu
1.57E+15,-12,-7,-10,-6,-2,-3,-8,0,kuro,mimic,matsu
1.57E+15,2,3,2,-5,-3,-1,2,0,kuro,mimic,matsu
1.57E+15,4,8,4,-5,-3,-3,3,18,kuro,mimic,matsu
1.57E+15,-1,-2,1,2,-1,1,0,-14,kuro,mimic,matsu
1.57E+15,-1,-2,1,9,3,0,-3,10,kuro,mimic,matsu
1.57E+15,-1,-3,2,3,1,-1,-3,3,kuro,mimic,matsu
1.57E+15,-5,0,-10,-10,-1,-2,0,-8,kuro,mimic,matsu
1.57E+15,0,-4,-2,-5,-1,2,1,4,kuro,mimic,matsu
1.57E+15,2,1,5,5,-1,2,3,2,kuro,mimic,matsu
1.57E+15,-3,-7,-6,4,-3,-2,1,8,kuro,mimic,matsu
1.57E+15,-2,3,0,-8,-1,4,-3,-22,kuro,mimic,matsu
1.57E+15,1,0,8,9,0,-3,0,2,kuro,mimic,matsu
1.57E+15,6,9,5,-5,-5,0,-3,-10,kuro,mimic,matsu
1.57E+15,-2,3,1,-3,-2,-5,-1,8,kuro,mimic,matsu
1.57E+15,0,-28,4,25,8,3,8,31,kuro,mimic,matsu
1.57E+15,-4,-1,1,25,-1,-3,-4,-56,kuro,mimic,matsu
1.57E+15,-8,-7,-13,-51,-16,-10,-16,-14,kuro,mimic,matsu
1.57E+15,2,5,-3,15,-1,-2,4,1,kuro,mimic,matsu
1.57E+15,10,20,8,-4,3,1,-3,4,kuro,mimic,matsu
1.57E+15,-4,-4,-5,15,7,3,5,20,kuro,mimic,matsu
1.57E+15,-2,-10,-1,16,3,-1,2,8,kuro,mimic,matsu
1.57E+15,-2,0,-3,-10,-2,-2,-5,-26,kuro,mimic,matsu
1.57E+15,-3,6,-1,-6,-5,-3,-1,6,kuro,mimic,matsu
1.57E+15,4,-1,-3,-13,-3,-3,-5,0,kuro,mimic,matsu
1.57E+15,0,9,1,11,-1,-2,2,-3,kuro,mimic,matsu
1.57E+15,-6,-34,-1,-10,2,0,-1,9,kuro,mimic,matsu
1.57E+15,-2,5,-4,-7,-5,-3,-4,-9,kuro,mimic,matsu
1.57E+15,2,1,1,-5,0,2,0,10,kuro,mimic,matsu
1.57E+15,2,0,-2,3,4,3,0,-2,kuro,mimic,matsu
1.57E+15,3,8,1,6,-2,1,0,-9,kuro,mimic,matsu
1.57E+15,-4,-4,-5,-6,-1,-2,-4,7,kuro,mimic,matsu
1.57E+15,-8,-11,-2,-5,-1,-3,-2,-8,kuro,mimic,matsu
1.57E+15,-2,-1,7,-9,-2,0,0,-3,kuro,mimic,matsu
1.57E+15,2,7,-8,-4,-2,-1,0,-3,kuro,mimic,matsu
1.57E+15,2,-6,1,-2,-2,-1,1,6,kuro,mimic,matsu
1.57E+15,1,10,0,-8,-2,-1,1,0,kuro,mimic,matsu
1.57E+15,-1,-11,-2,12,2,2,2,14,kuro,mimic,matsu
1.57E+15,-3,-1,-3,-4,-1,0,-3,-17,kuro,mimic,matsu
1.57E+15,0,2,8,-3,0,-1,-2,3,kuro,mimic,matsu
1.57E+15,0,-1,-5,-6,-4,-3,0,3,kuro,mimic,matsu
1.57E+15,1,2,-3,6,2,2,3,1,kuro,mimic,matsu
1.57E+15,2,11,6,2,3,2,0,4,kuro,mimic,matsu
1.57E+15,-3,-7,-10,-24,-6,-2,-3,-8,kuro,mimic,matsu
1.57E+15,-6,-16,-1,3,-5,-1,0,14,kuro,mimic,matsu
1.57E+15,-7,-4,-1,21,4,1,-1,-15,kuro,mimic,matsu
1.57E+15,-5,-7,-3,-10,-4,-5,-5,-11,kuro,mimic,matsu
1.57E+15,1,7,-2,-12,-6,-4,0,-7,kuro,mimic,matsu
1.57E+15,7,10,-1,-1,2,1,-2,5,kuro,mimic,matsu
1.57E+15,5,9,-1,1,-1,-2,2,8,kuro,mimic,matsu
1.57E+15,6,7,6,27,5,3,1,4,kuro,mimic,matsu
1.57E+15,-8,-4,-5,1,0,-1,-3,-10,kuro,mimic,matsu
1.57E+15,-4,-15,0,-11,-5,-3,-2,16,kuro,mimic,matsu
1.57E+15,15,29,6,5,1,-1,-3,-36,kuro,mimic,matsu
1.57E+15,1,-20,-1,-8,-1,0,0,3,kuro,mimic,matsu
1.57E+15,27,44,8,2,2,2,5,12,kuro,mimic,matsu
1.57E+15,-25,-43,-8,1,-1,-2,-9,-12,kuro,mimic,matsu
1.57E+15,-9,-22,-9,2,10,2,3,11,kuro,mimic,matsu
1.57E+15,59,26,14,-2,16,6,9,50,kuro,mimic,matsu
1.57E+15,-58,-72,-40,-10,-38,-8,-13,-75,kuro,mimic,matsu
1.57E+15,61,70,43,28,44,-3,-3,25,kuro,mimic,matsu
1.57E+15,-58,22,9,13,47,21,28,38,kuro,mimic,matsu
1.57E+15,-55,-52,-72,-22,-32,-32,-64,-73,kuro,mimic,matsu
1.57E+15,80,123,55,-42,-41,-35,30,-9,kuro,mimic,matsu
1.57E+15,-27,-14,18,4,97,-6,-42,-5,kuro,mimic,matsu
1.57E+15,-45,-56,-82,-39,-35,0,-31,-70,kuro,mimic,matsu
1.57E+15,-28,12,71,33,92,49,85,121,kuro,mimic,matsu
1.57E+15,-71,-86,-71,-44,37,9,-68,-74,kuro,mimic,matsu
1.57E+15,-49,-54,-2,6,-101,-3,58,43,kuro,mimic,matsu
1.57E+15,103,94,64,7,-23,-12,36,95,kuro,mimic,matsu
1.57E+15,-6,4,-74,-5,-57,-24,-27,-83,kuro,mimic,matsu
1.57E+15,93,114,-33,7,-37,-15,-43,-33,kuro,mimic,matsu
1.57E+15,-28,16,-90,-26,-1,-1,15,31,kuro,mimic,matsu
1.57E+15,11,7,27,48,61,7,-9,86,kuro,mimic,matsu
1.57E+15,58,81,15,-47,-92,-21,62,98,kuro,mimic,matsu
1.57E+15,0,-75,15,37,45,-6,-72,-53,kuro,mimic,matsu
1.57E+15,-15,18,-20,-68,-107,-34,12,33,kuro,mimic,matsu
1.57E+15,-44,12,50,11,73,30,-9,6,kuro,mimic,matsu
1.57E+15,31,72,53,46,56,29,-9,-18,kuro,mimic,matsu
1.57E+15,-56,-23,-13,12,45,24,31,36,kuro,mimic,matsu
1.57E+15,-55,-67,26,-12,-37,0,18,32,kuro,mimic,matsu
1.57E+15,83,34,-7,-16,-31,-27,1,58,kuro,mimic,matsu
1.57E+15,-95,-59,-22,27,-20,-31,-69,-57,kuro,mimic,matsu
1.57E+15,56,104,53,-16,5,14,15,109,kuro,mimic,matsu
1.57E+15,-16,-45,32,23,13,8,0,4,kuro,mimic,matsu
1.57E+15,66,102,-21,-18,-36,-9,30,41,kuro,mimic,matsu
1.57E+15,-17,-93,-20,14,53,19,-12,-40,kuro,mimic,matsu
1.57E+15,12,32,27,19,-15,-1,39,37,kuro,mimic,matsu
1.57E+15,9,69,-23,-11,10,9,-17,-82,kuro,mimic,matsu
1.57E+15,-16,-41,-14,4,7,10,-12,-3,kuro,mimic,matsu
1.57E+15,20,9,12,-15,-9,-3,4,3,kuro,mimic,matsu
1.57E+15,-5,-37,9,-6,-17,6,32,33,kuro,mimic,matsu
1.57E+15,16,-7,-13,-5,23,1,-23,-44,kuro,mimic,matsu
1.57E+15,-39,-58,8,0,-12,-9,-8,-72,kuro,mimic,matsu
1.57E+15,-1,32,16,-25,-23,-11,-1,2,kuro,mimic,matsu
1.57E+15,-9,-25,-13,5,-15,-12,10,33,kuro,mimic,matsu
1.57E+15,28,16,24,37,59,29,13,11,kuro,mimic,matsu
1.57E+15,-16,-1,0,-5,-8,0,-5,-82,kuro,mimic,matsu
1.57E+15,13,-1,3,-15,-19,-10,2,33,kuro,mimic,matsu
1.57E+15,-11,-15,-1,19,13,3,8,21,kuro,mimic,matsu
1.57E+15,16,18,6,0,-14,-9,-10,-34,kuro,mimic,matsu
1.57E+15,-20,-15,-14,-19,-12,-7,-5,9,kuro,mimic,matsu
1.57E+15,-8,-24,2,-11,9,4,-5,-6,kuro,mimic,matsu
1.57E+15,-22,-5,17,12,4,0,9,-4,kuro,mimic,matsu
1.57E+15,13,25,-12,-4,-3,-6,-20,-2,kuro,mimic,matsu
1.57E+15,4,-13,-14,-6,-10,-5,-4,11,kuro,mimic,matsu
1.57E+15,-4,0,-12,6,7,4,9,-5,kuro,mimic,matsu
1.57E+15,-16,-9,-20,-9,-5,0,7,11,kuro,mimic,matsu
1.57E+15,19,13,-7,8,6,4,-5,-9,kuro,mimic,matsu
1.57E+15,-5,-13,6,-11,-9,-4,-9,-10,kuro,mimic,matsu
1.57E+15,11,18,3,22,8,4,9,8,kuro,mimic,matsu
1.57E+15,-20,-7,-11,-25,-10,-2,-8,-26,kuro,mimic,matsu
1.57E+15,15,8,29,14,0,-2,3,21,kuro,mimic,matsu
1.57E+15,-7,-8,-16,-2,-10,-6,0,-14,kuro,mimic,matsu
1.57E+15,-1,13,-4,-2,8,2,2,-13,kuro,mimic,matsu
1.57E+15,5,3,15,13,2,0,10,21,kuro,mimic,matsu
1.57E+15,12,17,14,8,7,1,0,-8,kuro,mimic,matsu
1.57E+15,-15,-8,-14,-12,-11,-6,-6,-11,kuro,mimic,matsu
1.57E+15,0,-14,-4,-6,-7,-4,-5,2,kuro,mimic,matsu
1.57E+15,1,0,6,5,5,1,3,1,kuro,mimic,matsu
1.57E+15,1,-4,-11,-12,0,2,-1,-7,kuro,mimic,matsu
1.57E+15,-6,-3,8,1,-5,-1,-8,-11,kuro,mimic,matsu
1.57E+15,1,4,19,-11,-2,-2,3,3,kuro,mimic,matsu
1.57E+15,6,2,5,4,4,3,2,14,kuro,mimic,matsu
1.57E+15,-6,4,-10,-1,-1,-2,2,3,kuro,mimic,matsu
1.57E+15,3,-6,16,7,3,5,7,33,kuro,mimic,matsu
,,,,,,,,,,,
1.57E+15,-1,-5,-2,-11,2,3,6,11,kuro,mimic,matsu
1.57E+15,5,3,4,6,2,4,8,7,kuro,mimic,matsu
1.57E+15,-7,-3,-1,-6,-6,-4,-11,-14,kuro,mimic,matsu
1.57E+15,-5,-5,-11,-33,-9,-7,-15,-20,kuro,mimic,matsu
1.57E+15,-1,-3,-2,4,7,2,-1,5,kuro,mimic,matsu
1.57E+15,-2,-1,-1,-16,-6,-3,1,3,kuro,mimic,matsu
1.57E+15,7,6,3,-12,4,4,10,19,kuro,mimic,matsu
1.57E+15,2,4,7,11,5,2,2,0,kuro,mimic,matsu
1.57E+15,-6,-6,-2,-6,-6,-6,-6,-7,kuro,mimic,matsu
1.57E+15,1,-2,11,49,14,3,-2,4,kuro,mimic,matsu
1.57E+15,-1,2,-11,-62,-7,-3,-1,-6,kuro,mimic,matsu
1.57E+15,-4,-6,-6,-3,-14,-8,-11,-9,kuro,mimic,matsu
1.57E+15,5,14,11,21,4,4,3,3,kuro,mimic,matsu
1.57E+15,12,21,-4,5,1,-1,2,-7,kuro,mimic,matsu
1.57E+15,-25,-49,-14,0,2,-1,-3,-2,kuro,mimic,matsu
1.57E+15,-10,-15,-9,-17,-5,-1,0,-3,kuro,mimic,matsu
1.57E+15,0,1,5,21,7,3,3,6,kuro,mimic,matsu
1.57E+15,4,3,-4,7,-4,-1,-3,-7,kuro,mimic,matsu
1.57E+15,13,23,3,-25,-5,-2,-2,8,kuro,mimic,matsu
1.57E+15,-1,3,-3,-1,2,-2,2,-2,kuro,mimic,matsu
1.57E+15,-3,-12,-7,15,1,1,-2,-1,kuro,mimic,matsu
1.57E+15,-14,-15,-6,-4,-2,-2,-2,-5,kuro,mimic,matsu
1.57E+15,4,7,9,-1,-4,2,7,28,kuro,mimic,matsu
1.57E+15,-3,0,-4,-6,-5,-2,2,-26,kuro,mimic,matsu
1.57E+15,3,7,3,-5,3,-5,-8,-11,kuro,mimic,matsu
1.57E+15,20,17,5,-8,-4,0,1,12,kuro,mimic,matsu
1.57E+15,-24,-21,-7,2,10,1,-2,-2,kuro,mimic,matsu
1.57E+15,-6,-15,-7,1,-13,-6,2,1,kuro,mimic,matsu
1.57E+15,-4,-3,-7,0,3,0,0,-3,kuro,mimic,matsu
1.57E+15,-1,-3,8,17,3,2,8,32,kuro,mimic,matsu
1.57E+15,11,14,-10,-38,-23,-7,-15,-52,kuro,mimic,matsu
1.57E+15,60,72,25,31,26,9,11,16,kuro,mimic,matsu
1.57E+15,-60,-84,-28,-15,-16,-7,-9,5,kuro,mimic,matsu
1.57E+15,-11,-13,-3,-23,-10,-8,-7,-5,kuro,mimic,matsu
1.57E+15,-1,11,2,30,17,5,4,9,kuro,mimic,matsu
1.57E+15,10,8,1,-10,-24,-10,9,36,kuro,mimic,matsu
1.57E+15,127,123,60,33,34,27,28,53,kuro,mimic,matsu
1.57E+15,-95,-114,-68,-27,4,-24,-30,-64,kuro,mimic,matsu
1.57E+15,-62,-46,2,-15,-68,-23,-27,-79,kuro,mimic,matsu
1.57E+15,22,36,30,4,16,5,9,19,kuro,mimic,matsu
1.57E+15,-49,4,-13,-23,21,-9,-4,15,kuro,mimic,matsu
1.57E+15,79,80,27,-8,-2,9,23,72,kuro,mimic,matsu
1.57E+15,21,62,-3,-3,-55,-6,21,21,kuro,mimic,matsu
1.57E+15,20,38,10,37,67,21,-34,-26,kuro,mimic,matsu
1.57E+15,-65,-35,-49,-22,-22,-17,-25,-61,kuro,mimic,matsu
1.57E+15,4,127,28,7,5,-2,-29,6,kuro,mimic,matsu
1.57E+15,85,74,-6,-12,7,1,45,120,kuro,mimic,matsu
1.57E+15,-14,-64,33,23,-4,19,22,46,kuro,mimic,matsu
1.57E+15,-28,-52,-62,-5,-6,-12,3,-50,kuro,mimic,matsu
1.57E+15,26,11,-7,10,35,14,47,33,kuro,mimic,matsu
1.57E+15,33,92,43,22,9,-5,-32,4,kuro,mimic,matsu
1.57E+15,19,21,-36,-46,-55,-8,70,-46,kuro,mimic,matsu
1.57E+15,54,71,51,18,19,14,-35,-21,kuro,mimic,matsu
1.57E+15,-128,-128,-51,-59,-60,-29,-31,-128,kuro,mimic,matsu
1.57E+15,59,90,26,18,38,14,38,96,kuro,mimic,matsu
1.57E+15,-18,-23,-30,-21,0,-11,-12,24,kuro,mimic,matsu
1.57E+15,50,104,62,-23,21,1,-17,48,kuro,mimic,matsu
1.57E+15,-32,-54,-41,49,-11,12,21,-28,kuro,mimic,matsu
1.57E+15,20,7,-37,4,52,35,-22,-86,kuro,mimic,matsu
1.57E+15,-40,-1,-23,11,-36,-27,-39,-64,kuro,mimic,matsu
1.57E+15,59,51,1,-18,-41,-13,56,62,kuro,mimic,matsu
1.57E+15,-25,-12,11,-9,-4,-2,-16,-50,kuro,mimic,matsu
1.57E+15,-74,-55,14,15,30,-8,-29,-117,kuro,mimic,matsu
1.57E+15,21,44,-40,-53,-15,-8,9,108,kuro,mimic,matsu
1.57E+15,-14,-41,-3,5,-34,0,25,-64,kuro,mimic,matsu
1.57E+15,47,16,17,5,9,5,-50,104,kuro,mimic,matsu
1.57E+15,-39,-4,1,-19,-23,-13,47,70,kuro,mimic,matsu
1.57E+15,7,38,44,38,44,4,-49,-59,kuro,mimic,matsu
1.57E+15,-28,6,-12,10,14,7,0,-3,kuro,mimic,matsu
1.57E+15,30,19,13,-10,-7,4,28,63,kuro,mimic,matsu
1.57E+15,24,7,5,11,2,2,-8,-83,kuro,mimic,matsu
1.57E+15,8,16,-7,4,9,-1,-3,-2,kuro,mimic,matsu
1.57E+15,-29,-57,-15,-12,-15,-9,-26,-73,kuro,mimic,matsu
1.57E+15,19,22,37,-3,-9,3,47,64,kuro,mimic,matsu
1.57E+15,6,-11,-18,20,17,3,-12,44,kuro,mimic,matsu
1.57E+15,-15,-28,-14,-19,-4,1,-11,-13,kuro,mimic,matsu
1.57E+15,-33,-30,2,-12,-17,-8,-7,-52,kuro,mimic,matsu
1.57E+15,42,57,17,20,16,-2,-7,-24,kuro,mimic,matsu
1.57E+15,-2,-32,-13,2,-8,-6,-8,20,kuro,mimic,matsu
1.57E+15,-34,-38,-2,4,0,3,3,-38,kuro,mimic,matsu
1.57E+15,19,26,14,9,9,14,23,93,kuro,mimic,matsu
1.57E+15,16,10,-36,-30,0,1,1,-20,kuro,mimic,matsu
1.57E+15,-16,-40,8,-55,-19,-15,-24,-6,kuro,mimic,matsu
1.57E+15,-9,-3,10,22,6,4,25,14,kuro,mimic,matsu
1.57E+15,8,11,-1,17,11,-1,-16,-2,kuro,mimic,matsu
1.57E+15,9,5,5,-35,-8,-3,-7,-47,kuro,mimic,matsu
1.57E+15,-29,-23,-4,10,-9,-4,0,-60,kuro,mimic,matsu
1.57E+15,7,12,0,-8,0,-3,3,46,kuro,mimic,matsu
1.57E+15,1,-5,-4,23,7,1,1,-17,kuro,mimic,matsu
1.57E+15,-1,-2,-11,8,-1,-6,-1,19,kuro,mimic,matsu
1.57E+15,13,2,-11,-4,1,2,2,23,kuro,mimic,matsu
1.57E+15,0,-6,9,-12,-7,-5,-5,-16,kuro,mimic,matsu
1.57E+15,-13,-11,-12,9,0,0,-1,5,kuro,mimic,matsu
1.57E+15,-5,5,3,-8,0,3,8,18,kuro,mimic,matsu
1.57E+15,0,-5,-8,-27,-4,1,5,3,kuro,mimic,matsu
1.57E+15,-7,-5,-8,-38,-14,-12,-13,-20,kuro,mimic,matsu
1.57E+15,-1,-6,-10,-4,-6,-1,4,11,kuro,mimic,matsu
1.57E+15,10,14,19,35,22,14,6,-1,kuro,mimic,matsu
1.57E+15,-2,-6,16,41,11,6,1,17,kuro,mimic,matsu
1.57E+15,-8,-7,-1,2,0,-1,2,-27,kuro,mimic,matsu
1.57E+15,0,2,3,-32,-22,-9,-2,24,kuro,mimic,matsu
1.57E+15,0,4,5,-23,-13,-8,-4,-18,kuro,mimic,matsu
1.57E+15,-1,-4,-1,7,-4,-2,-1,-2,kuro,mimic,matsu
1.57E+15,3,-1,-3,14,-4,0,3,19,kuro,mimic,matsu
1.57E+15,-8,6,3,1,9,5,4,-14,kuro,mimic,matsu
1.57E+15,-4,-20,4,12,7,-4,-15,-25,kuro,mimic,matsu
1.57E+15,-4,-5,2,12,-3,-3,4,18,kuro,mimic,matsu
1.57E+15,3,-6,-27,-2,2,6,4,27,kuro,mimic,matsu
1.57E+15,-2,-1,6,-19,-6,-8,-14,4,kuro,mimic,matsu
1.57E+15,1,9,-19,-6,-3,-1,2,-13,kuro,mimic,matsu
1.57E+15,-1,1,-5,-3,-2,-3,-1,-7,kuro,mimic,matsu
1.57E+15,3,1,18,17,4,0,3,27,kuro,mimic,matsu
1.57E+15,-1,-3,4,44,17,15,10,-24,kuro,mimic,matsu
1.57E+15,7,3,-10,-22,-7,-9,-8,3,kuro,mimic,matsu
1.57E+15,-2,-4,2,-17,-10,-5,-1,18,kuro,mimic,matsu
1.57E+15,-3,3,-4,-9,-7,-3,-5,-37,kuro,mimic,matsu
1.57E+15,-5,-8,-28,-11,-7,-7,-3,17,kuro,mimic,matsu
1.57E+15,-1,5,11,22,12,5,2,4,kuro,mimic,matsu
1.57E+15,3,0,-3,8,8,6,6,8,kuro,mimic,matsu
1.57E+15,-3,3,10,-15,-10,-5,-7,-24,kuro,mimic,matsu
1.57E+15,18,25,17,10,0,-1,3,9,kuro,mimic,matsu
1.57E+15,-29,-59,-15,-5,-4,-4,-6,-6,kuro,mimic,matsu
1.57E+15,-6,-7,2,2,-3,-5,-2,1,kuro,mimic,matsu
1.57E+15,-1,6,-5,4,-1,2,2,1,kuro,mimic,matsu
1.57E+15,7,2,1,-13,0,-3,3,8,kuro,mimic,matsu
1.57E+15,-6,-3,-2,4,-5,-2,-2,5,kuro,mimic,matsu
1.57E+15,0,3,2,1,0,1,0,10,kuro,mimic,matsu
1.57E+15,-9,-10,-3,12,6,0,-6,-36,kuro,mimic,matsu
1.57E+15,4,0,-1,-17,-2,-1,-1,7,kuro,mimic,matsu
1.57E+15,7,19,3,-15,-5,1,4,-9,kuro,mimic,matsu
1.57E+15,-5,-18,-7,14,2,0,-3,-6,kuro,mimic,matsu
1.57E+15,0,4,3,7,-6,-2,-1,30,kuro,mimic,matsu
1.57E+15,-7,-11,-13,-9,1,-4,-11,-11,kuro,mimic,matsu
1.57E+15,-1,5,-6,-19,-6,-2,1,-9,kuro,mimic,matsu
1.57E+15,3,9,7,12,6,1,-1,-1,kuro,mimic,matsu
1.57E+15,4,16,2,-15,2,5,8,6,kuro,mimic,matsu
1.57E+15,1,-25,-5,12,8,0,1,-1,kuro,mimic,matsu
1.57E+15,-8,-6,9,18,2,-1,-2,5,kuro,mimic,matsu
1.57E+15,6,11,5,46,3,0,4,19,kuro,mimic,matsu
1.57E+15,-6,-11,-19,-72,-17,-7,-8,-33,kuro,mimic,matsu
1.57E+15,-16,-27,-9,-2,-12,-5,-7,-19,kuro,mimic,matsu
1.57E+15,12,19,6,9,7,2,-2,2,kuro,mimic,matsu
1.57E+15,6,8,-1,11,1,1,0,1,kuro,mimic,matsu
1.57E+15,-5,-14,-1,41,11,3,2,15,kuro,mimic,matsu
1.57E+15,3,9,10,-11,0,3,5,6,kuro,mimic,matsu
1.57E+15,-3,2,-6,-7,-5,-5,-8,-17,kuro,mimic,matsu
1.57E+15,-7,-3,-14,-21,-2,-3,-13,-15,kuro,mimic,matsu
1.57E+15,4,2,8,10,3,0,-1,4,kuro,mimic,matsu
1.57E+15,0,2,11,-4,-1,1,6,4,kuro,mimic,matsu
1.57E+15,4,9,1,7,-2,3,7,28,kuro,mimic,matsu
1.57E+15,-4,-6,-3,-14,3,1,0,-31,kuro,mimic,matsu
1.57E+15,0,0,-3,-3,0,-3,-4,-12,kuro,mimic,matsu
1.57E+15,-2,-6,-3,12,0,-1,-1,13,kuro,mimic,matsu
1.57E+15,-6,-1,3,1,-3,-1,-1,-4,kuro,mimic,matsu
1.57E+15,0,-9,-7,-15,-4,-4,-2,2,kuro,mimic,matsu
1.57E+15,3,1,10,-1,2,2,1,1,kuro,mimic,matsu
1.57E+15,3,11,-1,10,6,4,2,7,kuro,mimic,matsu
1.57E+15,-1,3,3,13,0,0,-1,-9,kuro,mimic,matsu
1.57E+15,-3,1,-1,-7,-3,-4,-1,1,kuro,mimic,matsu
1.57E+15,-2,-2,-11,-13,-7,-2,2,8,kuro,mimic,matsu
1.57E+15,-3,3,-5,-12,-1,-3,-10,-17,kuro,mimic,matsu
1.57E+15,7,4,0,3,1,-2,3,2,kuro,mimic,matsu
1.57E+15,5,16,7,8,0,0,2,-3,kuro,mimic,matsu
1.57E+15,-8,-21,-3,16,6,3,0,7,kuro,mimic,matsu
1.57E+15,-4,5,-4,-8,-6,-3,1,27,kuro,mimic,matsu
1.57E+15,0,0,3,7,2,1,-3,-19,kuro,mimic,matsu
1.57E+15,-1,-2,-4,-10,-4,-2,-3,-10,kuro,mimic,matsu
1.57E+15,20,36,9,1,3,3,3,6,kuro,mimic,matsu
1.57E+15,8,-16,4,-3,-4,-2,2,6,kuro,mimic,matsu
1.57E+15,-25,-14,-10,0,4,-1,-2,8,kuro,mimic,matsu
1.57E+15,-2,-15,-12,3,-20,-6,0,-2,kuro,mimic,matsu
1.57E+15,-9,-10,-3,-15,0,-1,-2,-1,kuro,mimic,matsu
1.57E+15,6,8,2,20,0,-1,-1,-12,kuro,mimic,matsu
1.57E+15,12,16,0,-15,0,-1,2,6,kuro,mimic,matsu
1.57E+15,2,-1,5,-5,3,-1,-3,-3,kuro,mimic,matsu
1.57E+15,-2,12,6,29,13,2,0,1,kuro,mimic,matsu
1.57E+15,0,-12,-1,4,0,0,-1,-3,kuro,mimic,matsu
1.57E+15,-11,-20,-7,-6,-3,-2,-4,-5,kuro,mimic,matsu
1.57E+15,-12,-14,1,-4,-4,-2,-1,-6,kuro,mimic,matsu
1.57E+15,9,12,0,-9,2,2,0,5,kuro,mimic,matsu
1.57E+15,39,74,18,6,17,8,5,4,kuro,mimic,matsu
1.57E+15,10,12,12,15,0,1,4,2,kuro,mimic,matsu
1.57E+15,-28,-14,-23,-24,-15,-8,-2,12,kuro,mimic,matsu
1.57E+15,-15,-42,14,13,0,9,-5,-1,kuro,mimic,matsu
1.57E+15,4,-18,-11,-15,-21,-16,22,17,kuro,mimic,matsu
1.57E+15,39,97,21,19,-26,7,-9,21,kuro,mimic,matsu
1.57E+15,6,40,41,22,63,17,-31,-7,kuro,mimic,matsu
1.57E+15,-109,-81,-104,-80,-55,-48,-59,-111,kuro,mimic,matsu
1.57E+15,90,113,54,-3,5,10,43,96,kuro,mimic,matsu
1.57E+15,-65,-128,-68,-30,24,-5,8,103,kuro,mimic,matsu
1.57E+15,-74,-81,14,-40,-77,-1,-1,-48,kuro,mimic,matsu
1.57E+15,96,127,120,84,76,30,-9,80,kuro,mimic,matsu
1.57E+15,-69,-43,-72,-49,-39,-21,-22,-65,kuro,mimic,matsu
1.57E+15,-18,-11,-3,26,37,-9,38,-92,kuro,mimic,matsu
1.57E+15,15,-52,-73,-30,-3,-7,-11,96,kuro,mimic,matsu
1.57E+15,59,81,15,4,-15,3,13,-69,kuro,mimic,matsu
1.57E+15,25,-51,66,22,-18,0,-20,29,kuro,mimic,matsu
1.57E+15,-66,-45,-43,17,18,-3,-22,33,kuro,mimic,matsu
1.57E+15,9,93,60,35,16,2,73,5,kuro,mimic,matsu
1.57E+15,-24,-51,-12,-3,-22,7,-5,70,kuro,mimic,matsu
1.57E+15,36,47,-12,-27,12,8,14,70,kuro,mimic,matsu
1.57E+15,103,127,52,92,36,28,40,86,kuro,mimic,matsu
1.57E+15,-67,-123,-70,-35,11,-2,-46,-87,kuro,mimic,matsu
1.57E+15,0,93,37,-22,-22,-3,-8,-78,kuro,mimic,matsu
1.57E+15,0,3,-7,39,12,2,5,55,kuro,mimic,matsu
1.57E+15,-11,-54,24,-27,-33,-6,-5,-92,kuro,mimic,matsu
1.57E+15,37,23,43,22,14,-10,-11,2,kuro,mimic,matsu
1.57E+15,-12,-64,-39,11,-10,-8,11,52,kuro,mimic,matsu
1.57E+15,-52,-78,-36,-8,13,-2,-20,-84,kuro,mimic,matsu
1.57E+15,25,14,34,-33,-23,-10,-17,-35,kuro,mimic,matsu
1.57E+15,9,39,-1,8,-4,1,-7,-44,kuro,mimic,matsu
1.57E+15,-16,-43,-29,-12,14,5,31,81,kuro,mimic,matsu
1.57E+15,-19,-10,-2,-3,-3,-5,-19,-32,kuro,mimic,matsu
1.57E+15,16,19,10,-19,-2,-2,7,4,kuro,mimic,matsu
1.57E+15,52,63,-14,-14,-5,-4,-15,-59,kuro,mimic,matsu
1.57E+15,-54,-101,-21,3,0,-10,13,77,kuro,mimic,matsu
1.57E+15,-27,63,21,15,13,7,-6,-81,kuro,mimic,matsu
1.57E+15,-1,-13,-14,-15,-12,-3,-16,13,kuro,mimic,matsu
1.57E+15,16,0,1,10,8,7,18,36,kuro,mimic,matsu
1.57E+15,19,28,23,0,-1,1,16,51,kuro,mimic,matsu
1.57E+15,1,-16,10,3,-1,-1,-6,-46,kuro,mimic,matsu
1.57E+15,-15,-16,-39,-12,-8,-14,-31,-32,kuro,mimic,matsu
1.57E+15,-4,7,18,4,-4,0,11,46,kuro,mimic,matsu
1.57E+15,12,11,3,-3,2,0,-5,-44,kuro,mimic,matsu
1.57E+15,-19,-25,-19,-9,19,8,5,39,kuro,mimic,matsu
1.57E+15,-6,-5,-1,-23,-10,6,3,-10,kuro,mimic,matsu
1.57E+15,0,6,5,6,3,-8,-6,35,kuro,mimic,matsu
1.57E+15,13,-3,-3,4,-3,-2,5,13,kuro,mimic,matsu
1.57E+15,-13,-13,-7,28,0,-3,-10,-37,kuro,mimic,matsu
1.57E+15,-2,6,3,-27,-5,-3,-3,7,kuro,mimic,matsu
1.57E+15,7,-2,-21,-12,-11,-6,0,15,kuro,mimic,matsu
1.57E+15,13,18,11,12,8,7,6,1,kuro,mimic,matsu
1.57E+15,-23,-10,-17,-7,-5,-7,-10,-44,kuro,mimic,matsu
1.57E+15,3,-5,0,8,1,-4,-8,20,kuro,mimic,matsu
1.57E+15,-7,-4,5,-4,-4,2,-1,-20,kuro,mimic,matsu
1.57E+15,-3,-2,-5,-2,-2,-9,-4,10,kuro,mimic,matsu
1.57E+15,15,23,-7,6,3,2,8,18,kuro,mimic,matsu
1.57E+15,-1,-7,-5,-7,-9,-1,-7,-2,kuro,mimic,matsu
1.57E+15,4,1,17,7,13,6,11,31,kuro,mimic,matsu
1.57E+15,3,2,-28,-13,-10,-4,1,-13,kuro,mimic,matsu
1.57E+15,-5,-10,-4,-12,-7,-6,-12,9,kuro,mimic,matsu
1.57E+15,-5,-1,26,0,-9,-3,0,-2,kuro,mimic,matsu
1.57E+15,1,16,14,6,4,3,5,1,kuro,mimic,matsu
1.57E+15,-3,-7,-16,-32,8,7,-3,-24,kuro,mimic,matsu
1.57E+15,-6,-14,12,7,0,3,-1,15,kuro,mimic,matsu
1.57E+15,-3,0,7,-19,-5,-4,-1,-20,kuro,mimic,matsu
1.57E+15,5,10,15,19,3,2,3,18,kuro,mimic,matsu
1.57E+15,-1,-5,-3,3,-2,-3,-1,-20,kuro,mimic,matsu
1.57E+15,1,-1,0,-7,-5,2,9,10,kuro,mimic,matsu
1.57E+15,-3,2,-12,8,3,-5,-10,-2,kuro,mimic,matsu
1.57E+15,0,0,-7,-5,-3,-4,-8,-26,kuro,mimic,matsu
1.57E+15,-9,-14,15,-1,0,-2,-4,-22,kuro,mimic,matsu
1.57E+15,-2,-2,-1,-3,1,3,6,7,kuro,mimic,matsu
1.57E+15,5,6,-9,7,0,3,8,21,kuro,mimic,matsu
1.57E+15,-1,0,-27,-9,-1,0,0,-1,kuro,mimic,matsu
1.57E+15,-3,3,5,11,2,-3,-6,-27,kuro,mimic,matsu
1.57E+15,-4,-3,-14,-34,-13,-1,1,24,kuro,mimic,matsu
1.57E+15,6,6,23,24,8,0,3,-6,kuro,mimic,matsu
1.57E+15,-5,-6,-20,-3,2,1,3,3,kuro,mimic,matsu
1.57E+15,-6,-2,-13,-31,-10,-8,-4,-4,kuro,mimic,matsu
1.57E+15,3,0,0,18,5,-2,-1,0,kuro,mimic,matsu
1.57E+15,0,0,3,-10,-6,0,-1,-11,kuro,mimic,matsu
1.57E+15,1,0,4,5,3,-1,4,21,kuro,mimic,matsu
1.57E+15,7,6,8,22,2,0,6,-2,kuro,mimic,matsu
1.57E+15,-7,-10,-6,-12,8,5,-5,-49,kuro,mimic,matsu
1.57E+15,-1,3,-3,3,0,4,3,1,kuro,mimic,matsu
1.57E+15,10,4,-5,-3,2,-1,-1,5,kuro,mimic,matsu
1.57E+15,-11,-15,-13,-3,-11,-1,-4,-9,kuro,mimic,matsu
1.57E+15,-1,1,9,0,1,-5,-1,13,kuro,mimic,matsu
1.57E+15,5,12,-14,0,-2,1,6,18,kuro,mimic,matsu
1.57E+15,-12,-35,-14,0,-6,-5,-12,-47,kuro,mimic,matsu
1.57E+15,-9,-5,7,-3,2,-3,-10,3,kuro,mimic,matsu
1.57E+15,2,4,-8,-8,-8,-3,2,13,kuro,mimic,matsu
1.57E+15,1,2,-1,3,3,1,0,-2,kuro,mimic,matsu
1.57E+15,7,-4,3,-13,-4,-3,0,13,kuro,mimic,matsu
1.57E+15,0,7,4,18,5,1,2,2,kuro,mimic,matsu
1.57E+15,-7,-18,-11,8,0,-2,-6,-2,kuro,mimic,matsu
1.57E+15,-3,4,4,-18,-6,-3,-4,-14,kuro,mimic,matsu
1.57E+15,0,17,8,-22,-7,-1,-1,0,kuro,mimic,matsu
1.57E+15,4,-4,-7,6,4,1,1,2,kuro,mimic,matsu
1.57E+15,1,3,3,5,2,1,1,6,kuro,mimic,matsu
1.57E+15,1,-1,-1,0,-1,1,1,-1,kuro,mimic,matsu
1.57E+15,0,-13,4,23,2,0,4,27,kuro,mimic,matsu
1.57E+15,-4,-6,-9,-8,-3,-4,-8,-34,kuro,mimic,matsu
1.57E+15,-4,0,-1,-3,-6,-4,-6,3,kuro,mimic,matsu
1.57E+15,2,10,-4,2,-2,-2,1,0,kuro,mimic,matsu
1.57E+15,-1,-26,-10,-12,-2,0,2,6,kuro,mimic,matsu
1.57E+15,5,12,5,12,8,4,5,11,kuro,mimic,matsu
1.57E+15,-7,-21,-3,3,0,-2,1,2,kuro,mimic,matsu
1.57E+15,-5,-5,-6,-6,-2,-2,-3,-10,kuro,mimic,matsu
1.57E+15,-1,12,3,12,-2,-2,2,2,kuro,mimic,matsu
1.57E+15,6,2,1,-18,-2,-2,-1,-10,kuro,mimic,matsu
1.57E+15,5,13,3,0,0,-2,0,3,kuro,mimic,matsu
1.57E+15,3,-6,-3,3,3,-2,0,4,kuro,mimic,matsu
1.57E+15,-5,2,-1,-3,-4,-3,-4,-9,kuro,mimic,matsu
1.57E+15,-9,-18,-1,23,7,1,0,6,kuro,mimic,matsu
1.57E+15,1,15,-2,-10,-6,-1,-1,4,kuro,mimic,matsu
1.57E+15,-11,-19,-8,-26,-6,-3,-7,-7,kuro,mimic,matsu
1.57E+15,28,43,9,3,6,1,3,3,kuro,mimic,matsu
1.57E+15,-28,-53,-10,-2,-9,-4,-4,-1,kuro,mimic,matsu
1.57E+15,1,2,15,29,1,-4,-3,0,kuro,mimic,matsu
1.57E+15,-1,1,-7,-4,1,-3,-4,2,kuro,mimic,matsu
1.57E+15,-25,-16,-14,-1,8,4,-1,-10,kuro,mimic,matsu
1.57E+15,49,69,20,9,15,9,6,5,kuro,mimic,matsu
1.57E+15,-52,-62,-14,5,-3,-7,-4,-6,kuro,mimic,matsu
1.57E+15,0,42,1,-11,-29,-16,-4,2,kuro,mimic,matsu
1.57E+15,41,59,30,3,17,8,7,13,kuro,mimic,matsu
1.57E+15,-30,7,1,-26,5,3,3,27,kuro,mimic,matsu
1.57E+15,52,44,-22,-43,-64,-8,22,27,kuro,mimic,matsu
1.57E+15,-34,-93,1,31,60,9,-20,24,kuro,mimic,matsu
1.57E+15,-50,0,-47,-8,-91,-27,-9,-81,kuro,mimic,matsu
1.57E+15,55,1,37,40,22,-2,-5,28,kuro,mimic,matsu
1.57E+15,56,68,25,-19,-41,-8,20,83,kuro,mimic,matsu
1.57E+15,-34,55,-24,-22,52,18,14,-25,kuro,mimic,matsu
1.57E+15,127,123,107,51,34,26,51,119,kuro,mimic,matsu
1.57E+15,-101,-100,-88,-16,17,1,-17,-13,kuro,mimic,matsu
1.57E+15,-35,61,37,-46,-62,-19,-10,-128,kuro,mimic,matsu
1.57E+15,73,72,15,28,19,-3,-13,73,kuro,mimic,matsu
1.57E+15,-30,58,42,22,39,18,57,85,kuro,mimic,matsu
1.57E+15,47,76,11,-17,-21,-1,-14,4,kuro,mimic,matsu
1.57E+15,82,14,-1,-12,32,7,20,98,kuro,mimic,matsu
1.57E+15,-45,-79,-35,0,-44,-8,34,49,kuro,mimic,matsu
1.57E+15,42,78,5,23,66,9,-74,-88,kuro,mimic,matsu
1.57E+15,-72,-88,-56,-73,-107,-41,-3,-1,kuro,mimic,matsu
1.57E+15,-34,-50,32,30,78,22,34,55,kuro,mimic,matsu
1.57E+15,13,18,-66,-67,-25,-4,-83,-90,kuro,mimic,matsu
1.57E+15,-80,-98,11,-13,-36,-23,-35,-71,kuro,mimic,matsu
1.57E+15,53,80,-30,18,47,20,30,43,kuro,mimic,matsu
1.57E+15,-31,41,-21,5,-3,-6,-39,-46,kuro,mimic,matsu
1.57E+15,-4,-6,63,47,18,6,29,-9,kuro,mimic,matsu
1.57E+15,-23,4,-79,-29,-28,-13,-2,-23,kuro,mimic,matsu
1.57E+15,14,39,-6,-24,-28,-8,-22,-37,kuro,mimic,matsu
1.57E+15,46,82,39,32,22,12,37,40,kuro,mimic,matsu
1.57E+15,-34,-20,30,11,-8,-2,-4,-19,kuro,mimic,matsu
1.57E+15,20,-15,-49,-25,-9,-5,10,57,kuro,mimic,matsu
1.57E+15,1,10,80,33,17,1,-2,-40,kuro,mimic,matsu
1.57E+15,-31,-50,-33,0,8,4,-27,1,kuro,mimic,matsu
1.57E+15,31,16,2,3,-18,-4,9,-67,kuro,mimic,matsu
1.57E+15,-32,-76,-17,-19,-1,-5,-11,13,kuro,mimic,matsu
1.57E+15,-11,-32,2,5,10,0,-2,-33,kuro,mimic,matsu
1.57E+15,-6,-25,-13,-3,8,8,9,43,kuro,mimic,matsu
1.57E+15,7,19,-10,1,-11,-9,-33,-56,kuro,mimic,matsu
1.57E+15,16,16,25,-2,-5,4,23,55,kuro,mimic,matsu
1.57E+15,7,5,28,20,9,3,-2,27,kuro,mimic,matsu
1.57E+15,-5,-42,-32,0,-3,-7,-13,13,kuro,mimic,matsu
1.57E+15,4,10,18,11,-6,2,11,-16,kuro,mimic,matsu
1.57E+15,-10,-42,6,-10,10,7,2,4,kuro,mimic,matsu
1.57E+15,0,11,-15,9,3,1,2,4,kuro,mimic,matsu
1.57E+15,-23,-31,-11,-3,3,-7,-20,-53,kuro,mimic,matsu
1.57E+15,13,21,15,-6,-6,4,24,64,kuro,mimic,matsu
1.57E+15,-9,-19,-9,-4,-9,-8,-12,-26,kuro,mimic,matsu
1.57E+15,1,18,9,-6,-3,-2,-2,-16,kuro,mimic,matsu
1.57E+15,2,7,4,10,2,0,3,-3,kuro,mimic,matsu
1.57E+15,-4,-15,-22,-10,2,0,11,25,kuro,mimic,matsu
1.57E+15,3,-5,-13,1,-8,-5,-6,-41,kuro,mimic,matsu
1.57E+15,-4,2,-6,-4,-6,-7,-18,-16,kuro,mimic,matsu
1.57E+15,-17,-1,-16,26,11,2,-4,-9,kuro,mimic,matsu
1.57E+15,-2,-4,4,-13,-8,0,-4,-6,kuro,mimic,matsu
1.57E+15,-6,-3,8,-2,0,-2,-6,33,kuro,mimic,matsu
1.57E+15,4,2,-12,1,2,1,8,-38,kuro,mimic,matsu
1.57E+15,0,1,8,3,-3,-2,-10,-19,kuro,mimic,matsu
1.57E+15,11,7,13,15,4,7,16,82,kuro,mimic,matsu
1.57E+15,-13,-9,-20,-23,-13,-12,-15,-57,kuro,mimic,matsu
1.57E+15,4,-3,2,10,0,0,15,30,kuro,mimic,matsu
1.57E+15,-1,-6,8,9,3,-1,-11,-56,kuro,mimic,matsu
1.57E+15,0,3,1,-38,-10,-6,-2,17,kuro,mimic,matsu
1.57E+15,-3,-16,-18,9,0,5,9,25,kuro,mimic,matsu
1.57E+15,-3,-1,29,-3,4,-1,-1,8,kuro,mimic,matsu
1.57E+15,3,4,8,4,4,3,6,7,kuro,mimic,matsu
1.57E+15,9,12,-19,13,-2,2,6,3,kuro,mimic,matsu
1.57E+15,-19,-32,-2,-12,3,-5,-10,-28,kuro,mimic,matsu
1.57E+15,2,3,12,0,-9,-3,1,20,kuro,mimic,matsu
1.57E+15,14,22,4,4,5,4,2,0,kuro,mimic,matsu
1.57E+15,-18,-17,3,1,-7,-5,-6,-24,kuro,mimic,matsu
1.57E+15,-2,6,4,1,6,0,-5,10,kuro,mimic,matsu
1.57E+15,2,3,-17,3,12,13,6,6,kuro,mimic,matsu
1.57E+15,-4,-5,-10,-2,-3,-1,-5,0,kuro,mimic,matsu
1.57E+15,8,7,6,-1,4,-2,3,-3,kuro,mimic,matsu
1.57E+15,3,-2,-2,-2,-8,-2,0,20,kuro,mimic,matsu
1.57E+15,-12,-17,-25,11,-2,-3,1,-31,kuro,mimic,matsu
1.57E+15,-4,-11,-10,-17,-6,-6,-11,-21,kuro,mimic,matsu
1.57E+15,-2,-3,3,7,-1,-2,0,13,kuro,mimic,matsu
1.57E+15,0,-2,-5,5,2,2,-1,10,kuro,mimic,matsu
1.57E+15,8,5,-6,-12,-3,1,2,24,kuro,mimic,matsu
1.57E+15,-6,-8,-1,-18,-3,-5,-12,-24,kuro,mimic,matsu
1.57E+15,-6,-6,-12,3,-3,-2,-1,-8,kuro,mimic,matsu
1.57E+15,3,-3,-5,3,3,1,3,4,kuro,mimic,matsu
1.57E+15,4,9,8,1,2,0,-2,3,kuro,mimic,matsu
1.57E+15,8,13,4,3,-2,-1,3,7,kuro,mimic,matsu
1.57E+15,-5,-20,-10,2,0,-2,-2,6,kuro,mimic,matsu
1.57E+15,3,10,5,-5,4,3,-4,-18,kuro,mimic,matsu
1.57E+15,-8,0,13,3,-5,-2,1,6,kuro,mimic,matsu
1.57E+15,-15,-18,-20,-4,-9,-5,-4,3,kuro,mimic,matsu
1.57E+15,11,25,7,-6,-6,-2,0,-11,kuro,mimic,matsu
1.57E+15,1,3,-9,7,2,-2,0,23,kuro,mimic,matsu
1.57E+15,4,4,14,7,7,3,3,-19,kuro,mimic,matsu
1.57E+15,2,9,-7,2,-1,-1,-5,-9,kuro,mimic,matsu
1.57E+15,-1,-4,-4,-18,3,2,0,-4,kuro,mimic,matsu
1.57E+15,0,-7,11,-10,-5,2,8,20,kuro,mimic,matsu
1.57E+15,-4,-1,-13,-13,-4,-9,-11,-18,kuro,mimic,matsu
1.57E+15,-2,-12,-3,-10,-8,-6,0,56,kuro,mimic,matsu
1.57E+15,-8,-6,-5,5,-1,-2,-8,-78,kuro,mimic,matsu
1.57E+15,1,-1,5,1,-3,-1,2,1,kuro,mimic,matsu
1.57E+15,2,0,-5,4,2,3,4,25,kuro,mimic,matsu
1.57E+15,-4,-4,1,-5,-1,-4,-6,-19,kuro,mimic,matsu
1.57E+15,9,12,9,3,1,-1,5,22,kuro,mimic,matsu
1.57E+15,-1,1,-2,6,0,3,0,-9,kuro,mimic,matsu
1.57E+15,-3,-6,2,-6,-2,-3,-3,-1,kuro,mimic,matsu
1.57E+15,-3,1,2,3,2,4,5,-4,kuro,mimic,matsu
1.57E+15,10,17,2,7,1,0,-1,19,kuro,mimic,matsu
1.57E+15,-18,-27,-21,-11,-12,-10,-9,-26,kuro,mimic,matsu
1.57E+15,3,0,-7,5,8,10,6,13,kuro,mimic,matsu
1.57E+15,-1,-1,-1,1,1,1,0,1,kuro,mimic,matsu
1.57E+15,-2,-12,-5,1,5,0,-3,0,kuro,mimic,matsu
1.57E+15,7,12,6,-7,-4,-2,0,0,kuro,mimic,matsu
1.57E+15,2,0,9,5,2,1,5,12,kuro,mimic,matsu
1.57E+15,-6,-11,-15,-11,-6,-3,-9,-28,kuro,mimic,matsu
1.57E+15,1,0,-1,16,5,4,3,30,kuro,mimic,matsu
1.57E+15,-3,-3,-1,-22,-2,0,-3,-30,kuro,mimic,matsu
1.57E+15,-3,-6,-6,4,-4,-4,0,-11,kuro,mimic,matsu
1.57E+15,-1,-1,4,2,3,-3,-8,1,kuro,mimic,matsu
1.57E+15,-4,-4,4,-6,-7,-5,1,8,kuro,mimic,matsu
1.57E+15,1,5,0,7,3,1,4,11,kuro,mimic,matsu
1.57E+15,12,15,5,-1,-4,2,4,34,kuro,mimic,matsu
1.57E+15,-5,-16,7,3,0,-3,-7,-26,kuro,mimic,matsu
1.57E+15,-17,-18,-34,-13,-7,-5,-8,-16,kuro,mimic,matsu
1.57E+15,-2,-5,2,11,6,2,6,16,kuro,mimic,matsu
1.57E+15,5,14,-9,-16,-2,-6,-12,-25,kuro,mimic,matsu
1.57E+15,2,8,6,8,2,4,11,18,kuro,mimic,matsu
,,,,,,,,,,,
1.57E+15,-3,2,1,-3,-1,1,-2,-11,kuro,mimic,matsu
1.57E+15,1,6,-1,-7,-2,-1,-2,-4,kuro,mimic,matsu
1.57E+15,15,19,4,3,0,-1,3,2,kuro,mimic,matsu
1.57E+15,-8,-22,5,33,8,-1,-3,3,kuro,mimic,matsu
1.57E+15,-7,-7,-8,-7,3,2,-1,0,kuro,mimic,matsu
1.57E+15,-4,-2,-2,-15,-10,-7,-3,-12,kuro,mimic,matsu
1.57E+15,5,4,4,11,3,0,0,11,kuro,mimic,matsu
1.57E+15,12,26,8,0,1,1,0,-8,kuro,mimic,matsu
1.57E+15,4,-18,1,0,-3,-1,1,-1,kuro,mimic,matsu
1.57E+15,-13,-7,-6,1,-2,-2,0,4,kuro,mimic,matsu
1.57E+15,-8,-6,5,-8,2,3,1,-3,kuro,mimic,matsu
1.57E+15,-12,-6,-6,-2,1,-1,-7,-7,kuro,mimic,matsu
1.57E+15,-3,4,-13,-15,-20,-7,-2,-5,kuro,mimic,matsu
1.57E+15,37,50,22,7,-7,4,8,15,kuro,mimic,matsu
1.57E+15,36,24,3,12,50,19,18,48,kuro,mimic,matsu
1.57E+15,-62,-90,-1,-20,-45,-26,-24,16,kuro,mimic,matsu
1.57E+15,-23,-24,-50,-2,-12,-3,-2,-103,kuro,mimic,matsu
1.57E+15,32,23,27,-21,13,7,51,84,kuro,mimic,matsu
1.57E+15,15,42,-25,-10,-25,-14,-76,-117,kuro,mimic,matsu
1.57E+15,16,28,46,39,-37,-18,37,88,kuro,mimic,matsu
1.57E+15,-79,-59,-47,-56,53,-8,-68,-73,kuro,mimic,matsu
1.57E+15,-95,-104,-104,-22,38,10,3,-38,kuro,mimic,matsu
1.57E+15,37,15,26,-1,-44,15,-12,100,kuro,mimic,matsu
1.57E+15,15,52,39,24,55,3,16,57,kuro,mimic,matsu
1.57E+15,-39,65,54,-14,-63,-31,-12,-24,kuro,mimic,matsu
1.57E+15,66,71,33,25,-30,-5,53,90,kuro,mimic,matsu
1.57E+15,3,-94,-54,-9,65,6,43,28,kuro,mimic,matsu
1.57E+15,-41,-9,-52,16,26,15,-58,-88,kuro,mimic,matsu
1.57E+15,48,55,19,22,20,28,111,127,kuro,mimic,matsu
1.57E+15,32,63,16,29,-6,-2,-18,-68,kuro,mimic,matsu
1.57E+15,-26,-31,25,7,-23,-10,-6,47,kuro,mimic,matsu
1.57E+15,-30,43,1,-2,-35,-11,16,-58,kuro,mimic,matsu
1.57E+15,28,17,-83,-56,-24,6,-22,2,kuro,mimic,matsu
1.57E+15,-19,-40,-3,46,46,26,43,56,kuro,mimic,matsu
1.57E+15,16,-13,63,-22,-91,-25,27,-21,kuro,mimic,matsu
1.57E+15,-14,-27,-5,11,103,16,56,23,kuro,mimic,matsu
1.57E+15,1,-41,21,-5,-35,0,-48,10,kuro,mimic,matsu
1.57E+15,-13,4,-34,-8,-5,13,46,-18,kuro,mimic,matsu
1.57E+15,-42,-8,-4,-1,11,-22,-51,-101,kuro,mimic,matsu
1.57E+15,20,23,37,-10,-14,6,-10,16,kuro,mimic,matsu
1.57E+15,30,18,37,48,15,2,24,84,kuro,mimic,matsu
1.57E+15,38,-4,4,-32,-14,-14,-35,67,kuro,mimic,matsu
1.57E+15,-61,-4,2,-3,-1,-5,11,-96,kuro,mimic,matsu
1.57E+15,30,7,-28,-10,-18,-1,-25,4,kuro,mimic,matsu
1.57E+15,66,11,12,26,20,1,3,35,kuro,mimic,matsu
1.57E+15,-112,-63,6,-20,-17,-14,-58,-64,kuro,mimic,matsu
1.57E+15,5,32,-31,9,19,6,16,75,kuro,mimic,matsu
1.57E+15,33,8,-11,-7,-14,6,1,-72,kuro,mimic,matsu
1.57E+15,-2,-10,32,9,9,-2,-1,-6,kuro,mimic,matsu
1.57E+15,8,16,10,-20,-7,-6,9,37,kuro,mimic,matsu
1.57E+15,-2,3,-8,4,-2,2,4,9,kuro,mimic,matsu
1.57E+15,-7,-16,-17,-8,-1,0,-16,-58,kuro,mimic,matsu
1.57E+15,-14,-4,14,10,5,-1,9,24,kuro,mimic,matsu
1.57E+15,11,10,2,15,-6,-5,-16,-72,kuro,mimic,matsu
1.57E+15,-4,5,-7,-19,-6,0,3,6,kuro,mimic,matsu
1.57E+15,17,-11,3,0,-5,0,11,46,kuro,mimic,matsu
1.57E+15,-15,-1,-6,20,-8,-5,-15,-36,kuro,mimic,matsu
1.57E+15,5,1,5,1,4,-14,-20,-12,kuro,mimic,matsu
1.57E+15,7,7,6,-2,37,17,12,16,kuro,mimic,matsu
1.57E+15,1,-5,-3,8,-7,5,-1,-5,kuro,mimic,matsu
1.57E+15,0,4,2,-23,-2,-4,4,4,kuro,mimic,matsu
1.57E+15,-5,-7,7,-2,-17,-10,-22,-5,kuro,mimic,matsu
1.57E+15,6,8,3,-1,-14,-4,0,4,kuro,mimic,matsu
1.57E+15,-1,-8,-10,-7,5,-1,-1,41,kuro,mimic,matsu
1.57E+15,-10,5,8,25,9,7,13,-54,kuro,mimic,matsu
1.57E+15,-8,-4,-1,6,-4,-9,-27,-18,kuro,mimic,matsu
1.57E+15,2,1,-13,-16,1,2,13,3,kuro,mimic,matsu
1.57E+15,-3,0,0,-5,-8,-5,-20,-26,kuro,mimic,matsu
1.57E+15,1,3,4,1,5,0,5,-15,kuro,mimic,matsu
1.57E+15,3,0,1,-11,1,-1,-10,-5,kuro,mimic,matsu
1.57E+15,12,22,23,18,6,0,6,29,kuro,mimic,matsu
1.57E+15,-22,-36,-24,-17,-12,-1,1,9,kuro,mimic,matsu
1.57E+15,-4,-4,-6,1,1,0,2,5,kuro,mimic,matsu
1.57E+15,6,2,3,-17,2,3,1,-14,kuro,mimic,matsu
1.57E+15,-1,6,14,25,3,2,1,3,kuro,mimic,matsu
1.57E+15,14,11,-22,-15,-5,-2,6,42,kuro,mimic,matsu
1.57E+15,-5,-7,-5,-14,3,-7,-18,-25,kuro,mimic,matsu
1.57E+15,1,1,22,11,2,1,0,-2,kuro,mimic,matsu
1.57E+15,-1,3,-3,2,-11,-6,0,2,kuro,mimic,matsu
1.57E+15,1,4,9,12,9,4,3,7,kuro,mimic,matsu
1.57E+15,0,-6,8,-38,-9,-3,7,19,kuro,mimic,matsu
1.57E+15,3,3,5,5,-11,-6,-8,-7,kuro,mimic,matsu
1.57E+15,-8,-8,-15,7,10,2,-4,-14,kuro,mimic,matsu
1.57E+15,5,4,10,3,2,-1,-1,-5,kuro,mimic,matsu
1.57E+15,2,4,-5,10,5,0,5,19,kuro,mimic,matsu
1.57E+15,2,-5,-15,1,-8,-2,-1,-1,kuro,mimic,matsu
1.57E+15,-1,-4,2,2,-4,-3,-3,-9,kuro,mimic,matsu
1.57E+15,0,15,10,7,-2,-1,-2,0,kuro,mimic,matsu
1.57E+15,-2,1,-1,1,1,-1,-3,9,kuro,mimic,matsu
1.57E+15,-1,0,-9,0,0,-2,-9,-40,kuro,mimic,matsu
1.57E+15,-5,-6,2,12,1,-4,-2,16,kuro,mimic,matsu
1.57E+15,9,8,7,-4,2,4,6,-6,kuro,mimic,matsu
1.57E+15,-11,-12,-22,12,-1,-2,-2,-30,kuro,mimic,matsu
1.57E+15,3,1,-3,-19,-1,-1,-3,-1,kuro,mimic,matsu
1.57E+15,-4,6,10,3,-1,-4,-8,-4,kuro,mimic,matsu
1.57E+15,9,5,-4,-20,-10,-2,8,9,kuro,mimic,matsu
1.57E+15,-13,-18,-13,12,1,1,-2,-1,kuro,mimic,matsu
1.57E+15,1,1,8,10,9,8,6,10,kuro,mimic,matsu
1.57E+15,1,1,-3,24,6,2,4,4,kuro,mimic,matsu
1.57E+15,-4,-6,-4,-31,-9,-7,-6,-5,kuro,mimic,matsu
1.57E+15,5,12,13,0,-5,-4,-6,7,kuro,mimic,matsu
1.57E+15,2,3,1,0,-4,1,1,-7,kuro,mimic,matsu
1.57E+15,-9,-26,-12,-15,-2,-2,-3,16,kuro,mimic,matsu
1.57E+15,3,6,11,37,13,6,6,24,kuro,mimic,matsu
1.57E+15,4,3,4,-4,4,6,6,-1,kuro,mimic,matsu
1.57E+15,-5,1,-8,-25,-13,-11,-22,-50,kuro,mimic,matsu
1.57E+15,-2,5,-10,0,-8,-5,-6,-5,kuro,mimic,matsu
1.57E+15,-7,-15,-3,-1,-7,-7,-3,-5,kuro,mimic,matsu
1.57E+15,1,-1,-3,-5,0,2,4,7,kuro,mimic,matsu
1.57E+15,7,3,1,12,8,6,12,55,kuro,mimic,matsu
1.57E+15,-2,0,1,-16,-1,-1,-3,-37,kuro,mimic,matsu
1.57E+15,-15,-6,-13,-8,-4,-3,-8,-11,kuro,mimic,matsu
1.57E+15,2,11,2,8,0,-1,-2,9,kuro,mimic,matsu
1.57E+15,-9,-25,3,2,-4,-3,-5,19,kuro,mimic,matsu
1.57E+15,5,4,1,-11,-1,2,8,11,kuro,mimic,matsu
1.57E+15,2,8,5,1,-8,-2,0,1,kuro,mimic,matsu
1.57E+15,1,1,1,9,9,-1,-3,-6,kuro,mimic,matsu
1.57E+15,5,11,-8,5,8,3,7,34,kuro,mimic,matsu
1.57E+15,-1,0,-6,-2,-8,-1,-4,-45,kuro,mimic,matsu
1.57E+15,-1,-1,-1,7,0,-2,-7,-14,kuro,mimic,matsu
1.57E+15,5,3,11,-24,-5,-1,2,-1,kuro,mimic,matsu
1.57E+15,-1,-3,-5,-7,-6,0,0,1,kuro,mimic,matsu
1.57E+15,1,-2,-3,3,2,-2,1,23,kuro,mimic,matsu
1.57E+15,1,-3,4,21,4,0,-3,-12,kuro,mimic,matsu
1.57E+15,-6,-7,-2,4,-4,-2,-2,11,kuro,mimic,matsu
1.57E+15,-2,-2,-1,-2,4,1,-3,-40,kuro,mimic,matsu
1.57E+15,6,9,-2,-10,-5,-3,-2,5,kuro,mimic,matsu
1.57E+15,-7,-17,-1,-14,-5,-1,4,1,kuro,mimic,matsu
1.57E+15,-1,4,1,9,7,1,2,6,kuro,mimic,matsu
1.57E+15,-5,-24,-7,-4,-5,-5,1,11,kuro,mimic,matsu
1.57E+15,5,7,3,-15,-1,3,2,-9,kuro,mimic,matsu
1.57E+15,-10,-3,-3,1,-2,-5,-9,-11,kuro,mimic,matsu
1.57E+15,5,4,-2,-8,-1,-2,-1,-4,kuro,mimic,matsu
1.57E+15,-6,-4,-4,2,-1,-1,-6,-10,kuro,mimic,matsu
1.57E+15,-4,-2,-2,-5,-3,-1,0,14,kuro,mimic,matsu
1.57E+15,18,20,4,-3,5,5,9,14,kuro,mimic,matsu
1.57E+15,-11,-12,-2,6,-3,-4,-6,-15,kuro,mimic,matsu
1.57E+15,-4,11,-4,-4,-2,-2,0,19,kuro,mimic,matsu
1.57E+15,-2,-6,-5,3,4,2,1,0,kuro,mimic,matsu
1.57E+15,-4,-1,-2,-13,-3,-3,-9,-9,kuro,mimic,matsu
1.57E+15,11,13,6,5,-6,-1,0,-1,kuro,mimic,matsu
1.57E+15,-5,-16,4,-4,-4,-2,1,-8,kuro,mimic,matsu
1.57E+15,-5,-7,-8,1,2,-3,-3,6,kuro,mimic,matsu
1.57E+15,5,9,-1,8,-5,-3,-2,-2,kuro,mimic,matsu
1.57E+15,-2,-11,-2,-8,12,2,-2,-7,kuro,mimic,matsu
1.57E+15,-11,-13,-5,12,-20,-4,1,3,kuro,mimic,matsu
1.57E+15,0,2,-6,-7,10,-1,-2,-1,kuro,mimic,matsu
1.57E+15,-5,-8,-2,-6,3,4,3,7,kuro,mimic,matsu
1.57E+15,21,29,13,11,-4,0,3,2,kuro,mimic,matsu
1.57E+15,17,11,2,14,31,12,2,5,kuro,mimic,matsu
1.57E+15,-24,-20,3,-13,-41,-18,-12,-10,kuro,mimic,matsu
1.57E+15,25,33,-10,11,20,8,10,23,kuro,mimic,matsu
1.57E+15,3,-9,-2,0,-35,-6,19,63,kuro,mimic,matsu
1.57E+15,21,37,26,12,-3,10,-17,-73,kuro,mimic,matsu
1.57E+15,4,-45,10,30,95,23,12,61,kuro,mimic,matsu
1.57E+15,-85,-49,-15,-77,-88,-35,-52,-80,kuro,mimic,matsu
1.57E+15,21,53,-35,26,7,1,33,11,kuro,mimic,matsu
1.57E+15,47,49,17,22,36,-4,-31,-26,kuro,mimic,matsu
1.57E+15,-36,-49,-29,-23,9,9,25,80,kuro,mimic,matsu
1.57E+15,97,92,83,-8,6,34,21,68,kuro,mimic,matsu
1.57E+15,-93,-71,-70,-22,-46,-20,-34,-75,kuro,mimic,matsu
1.57E+15,-43,43,-6,-3,-1,-16,-7,-29,kuro,mimic,matsu
1.57E+15,63,99,18,38,-7,11,14,-16,kuro,mimic,matsu
1.57E+15,-27,-108,-70,-71,6,-14,29,87,kuro,mimic,matsu
1.57E+15,44,78,43,23,0,17,51,66,kuro,mimic,matsu
1.57E+15,3,29,9,-3,-5,-15,31,99,kuro,mimic,matsu
1.57E+15,-65,-32,-14,10,-18,-17,-54,-46,kuro,mimic,matsu
1.57E+15,40,54,4,19,-4,0,42,41,kuro,mimic,matsu
1.57E+15,-12,-1,28,7,33,-8,-28,-74,kuro,mimic,matsu
1.57E+15,-24,-63,-34,-3,-13,3,3,71,kuro,mimic,matsu
1.57E+15,37,42,28,-32,-41,-11,29,11,kuro,mimic,matsu
1.57E+15,-5,-21,-5,17,0,-3,-29,-45,kuro,mimic,matsu
1.57E+15,18,33,-20,-13,49,22,3,61,kuro,mimic,matsu
1.57E+15,-47,-82,2,0,30,26,-8,-69,kuro,mimic,matsu
1.57E+15,4,19,-47,-41,-12,-5,-13,78,kuro,mimic,matsu
1.57E+15,26,73,41,18,17,2,-10,-106,kuro,mimic,matsu
1.57E+15,-40,-92,5,11,-18,-15,-38,-39,kuro,mimic,matsu
1.57E+15,-5,40,10,-21,-31,-10,14,-42,kuro,mimic,matsu
1.57E+15,4,57,25,14,14,9,-1,-43,kuro,mimic,matsu
1.57E+15,1,42,-3,12,-9,-9,10,45,kuro,mimic,matsu
1.57E+15,-19,-51,-3,3,1,0,-15,13,kuro,mimic,matsu
1.57E+15,74,75,24,-17,-6,7,48,78,kuro,mimic,matsu
1.57E+15,-62,-102,-20,-12,-15,-14,-31,-120,kuro,mimic,matsu
1.57E+15,-8,25,-4,36,25,5,-10,-7,kuro,mimic,matsu
1.57E+15,22,7,4,-19,-7,7,25,25,kuro,mimic,matsu
1.57E+15,5,-39,9,-1,-8,-8,-22,11,kuro,mimic,matsu
1.57E+15,3,11,-6,12,-2,-5,4,5,kuro,mimic,matsu
1.57E+15,-4,-36,-13,2,-6,1,-7,22,kuro,mimic,matsu
1.57E+15,6,4,12,-8,3,4,16,-8,kuro,mimic,matsu
1.57E+15,-20,-32,-32,-8,9,-2,-9,-51,kuro,mimic,matsu
1.57E+15,18,17,4,13,-6,-8,-18,-10,kuro,mimic,matsu
1.57E+15,-1,-8,11,10,17,4,24,71,kuro,mimic,matsu
1.57E+15,16,18,-6,-17,-20,-5,-21,-56,kuro,mimic,matsu
1.57E+15,-29,-35,-24,5,-12,-10,-7,12,kuro,mimic,matsu
1.57E+15,0,-1,1,-2,17,9,15,-26,kuro,mimic,matsu
1.57E+15,-13,-26,-3,0,1,1,-11,-7,kuro,mimic,matsu
1.57E+15,-2,12,0,-7,-5,-12,-12,-34,kuro,mimic,matsu
1.57E+15,1,16,1,-14,-14,-6,-24,-36,kuro,mimic,matsu
1.57E+15,12,0,13,1,-6,1,17,80,kuro,mimic,matsu
1.57E+15,-17,-15,-12,2,2,-3,-2,-15,kuro,mimic,matsu
1.57E+15,3,-7,1,9,10,1,-11,16,kuro,mimic,matsu
1.57E+15,10,21,0,6,-6,7,24,46,kuro,mimic,matsu
1.57E+15,0,-5,4,-10,-1,0,-1,-46,kuro,mimic,matsu
1.57E+15,1,1,-4,3,1,-2,-10,-5,kuro,mimic,matsu
1.57E+15,0,4,-1,4,1,3,2,29,kuro,mimic,matsu
1.57E+15,-5,-5,-6,-23,4,1,13,15,kuro,mimic,matsu
1.57E+15,7,3,-12,6,-9,-6,-11,-44,kuro,mimic,matsu
1.57E+15,-13,-7,-2,-4,-7,-7,-14,0,kuro,mimic,matsu
1.57E+15,-3,-6,7,-2,-2,1,7,3,kuro,mimic,matsu
1.57E+15,-4,-11,-29,-4,4,2,-10,-22,kuro,mimic,matsu
1.57E+15,14,17,17,13,4,4,8,12,kuro,mimic,matsu
1.57E+15,-7,-4,1,-13,-8,-2,-4,-24,kuro,mimic,matsu
1.57E+15,-5,-3,0,-16,-9,-8,-5,-9,kuro,mimic,matsu
1.57E+15,18,24,12,1,-1,-2,4,15,kuro,mimic,matsu
1.57E+15,-21,-37,2,1,1,0,-5,-34,kuro,mimic,matsu
1.57E+15,-7,-5,-19,25,5,4,7,12,kuro,mimic,matsu
1.57E+15,2,0,4,-10,1,2,3,30,kuro,mimic,matsu
1.57E+15,1,9,6,1,-2,-1,-6,-41,kuro,mimic,matsu
1.57E+15,8,12,-6,8,0,2,3,42,kuro,mimic,matsu
1.57E+15,-3,-7,10,-17,0,2,4,-4,kuro,mimic,matsu
1.57E+15,-5,4,0,17,3,-5,-11,-6,kuro,mimic,matsu
1.57E+15,-4,-6,-19,-38,-7,-1,4,0,kuro,mimic,matsu
1.57E+15,6,8,-1,18,6,5,4,40,kuro,mimic,matsu
1.57E+15,-6,-21,-5,-6,0,-1,2,-41,kuro,mimic,matsu
1.57E+15,0,4,-4,-1,-11,-8,-11,-11,kuro,mimic,matsu
1.57E+15,1,0,5,21,2,-1,5,11,kuro,mimic,matsu
1.57E+15,3,2,6,-8,-4,1,5,40,kuro,mimic,matsu
1.57E+15,3,10,4,2,-1,-1,1,8,kuro,mimic,matsu
1.57E+15,-2,-2,-7,4,5,0,-4,-42,kuro,mimic,matsu
1.57E+15,-6,-18,-13,1,-1,-5,-4,8,kuro,mimic,matsu
1.57E+15,1,5,-2,-15,-6,-2,3,9,kuro,mimic,matsu
1.57E+15,2,9,-16,5,0,-1,-3,10,kuro,mimic,matsu
1.57E+15,4,12,7,0,5,2,1,9,kuro,mimic,matsu
1.57E+15,-8,-19,20,6,5,4,6,31,kuro,mimic,matsu
1.57E+15,-5,2,-10,-5,-3,-6,-18,-48,kuro,mimic,matsu
1.57E+15,-1,-6,-4,14,-2,-6,-1,-9,kuro,mimic,matsu
1.57E+15,4,9,4,3,-1,0,-1,6,kuro,mimic,matsu
1.57E+15,4,8,2,3,-5,-1,-2,3,kuro,mimic,matsu
1.57E+15,1,-4,-13,-32,-9,1,8,23,kuro,mimic,matsu
1.57E+15,-6,-6,3,10,8,0,-6,-28,kuro,mimic,matsu
1.57E+15,-2,-6,-1,-10,-4,-2,-1,6,kuro,mimic,matsu
1.57E+15,3,5,7,20,2,0,2,31,kuro,mimic,matsu
1.57E+15,-5,-4,-3,-23,-10,-5,-6,-27,kuro,mimic,matsu
1.57E+15,5,19,16,7,-2,-1,-1,6,kuro,mimic,matsu
1.57E+15,-6,-21,-23,12,5,2,5,6,kuro,mimic,matsu
1.57E+15,-3,-4,-8,-1,-4,-5,-3,-3,kuro,mimic,matsu
1.57E+15,5,15,2,3,0,1,3,-1,kuro,mimic,matsu
1.57E+15,-15,-23,-2,-8,0,1,-5,-13,kuro,mimic,matsu
1.57E+15,-3,11,6,-3,0,-2,-3,8,kuro,mimic,matsu
1.57E+15,-2,3,-3,-2,4,-3,-6,-29,kuro,mimic,matsu
1.57E+15,7,8,18,8,0,1,7,24,kuro,mimic,matsu
1.57E+15,5,9,-18,-9,-2,-3,-7,-25,kuro,mimic,matsu
1.57E+15,2,2,2,6,-3,-1,6,27,kuro,mimic,matsu
1.57E+15,-5,-3,2,2,-3,-5,-13,-51,kuro,mimic,matsu
1.57E+15,-5,2,-4,5,1,-3,-3,4,kuro,mimic,matsu
1.57E+15,-1,-6,5,3,2,-1,3,12,kuro,mimic,matsu
1.57E+15,4,2,-2,-28,-2,1,0,-6,kuro,mimic,matsu
1.57E+15,6,10,0,17,-1,0,3,14,kuro,mimic,matsu
1.57E+15,-1,-4,-3,8,0,-2,2,-5,kuro,mimic,matsu
1.57E+15,-1,-12,-5,1,8,3,1,31,kuro,mimic,matsu
1.57E+15,-12,1,0,5,1,0,-8,-27,kuro,mimic,matsu
1.57E+15,-3,-25,1,4,-3,-2,1,11,kuro,mimic,matsu
1.57E+15,-4,0,-10,-15,-3,-1,-7,-16,kuro,mimic,matsu
1.57E+15,1,5,2,-13,-12,-4,4,19,kuro,mimic,matsu
1.57E+15,-1,-3,2,4,4,0,3,0,kuro,mimic,matsu
1.57E+15,1,7,2,-6,-3,0,-2,0,kuro,mimic,matsu
1.57E+15,1,-5,1,2,-2,-3,-4,-1,kuro,mimic,matsu
1.57E+15,-5,-11,-4,4,2,2,9,15,kuro,mimic,matsu
1.57E+15,2,2,2,3,1,-2,-9,-24,kuro,mimic,matsu
1.57E+15,0,3,-1,-8,-1,0,-1,-3,kuro,mimic,matsu
1.57E+15,-3,-14,-8,4,2,-2,-4,3,kuro,mimic,matsu
1.57E+15,5,16,8,-8,-2,1,1,-2,kuro,mimic,matsu
1.57E+15,7,-2,-7,-8,-4,-1,3,26,kuro,mimic,matsu
1.57E+15,-35,-34,-5,29,1,-3,-4,-15,kuro,mimic,matsu
1.57E+15,-1,13,2,-25,-2,-1,-1,-13,kuro,mimic,matsu
1.57E+15,-4,-6,-14,-47,-7,-6,-6,-13,kuro,mimic,matsu
1.57E+15,2,-1,0,-1,-1,-3,-4,9,kuro,mimic,matsu
1.57E+15,16,23,3,-17,-1,0,1,6,kuro,mimic,matsu
1.57E+15,0,1,4,30,6,1,0,7,kuro,mimic,matsu
1.57E+15,-8,-13,1,28,3,1,-2,-14,kuro,mimic,matsu
1.57E+15,-1,2,-5,-27,-5,-1,-1,-9,kuro,mimic,matsu
1.57E+15,1,5,1,6,-3,-2,0,21,kuro,mimic,matsu
1.57E+15,-2,-4,-1,-5,0,2,-2,-23,kuro,mimic,matsu
1.57E+15,16,11,3,3,2,-2,0,5,kuro,mimic,matsu
1.57E+15,-3,-1,7,15,3,1,0,4,kuro,mimic,matsu
1.57E+15,12,0,-9,-16,-3,-2,-4,-5,kuro,mimic,matsu
1.57E+15,-49,-60,-7,2,-3,-1,1,36,kuro,mimic,matsu
1.57E+15,-3,15,-1,-4,-3,-2,-3,-35,kuro,mimic,matsu
1.57E+15,40,57,12,4,4,1,3,5,kuro,mimic,matsu
1.57E+15,27,18,3,-16,-9,-3,0,8,kuro,mimic,matsu
1.57E+15,-48,-54,-37,5,13,-7,-12,4,kuro,mimic,matsu
1.57E+15,6,-12,10,17,-6,6,9,11,kuro,mimic,matsu
1.57E+15,-6,28,-12,-4,-8,-12,9,12,kuro,mimic,matsu
1.57E+15,81,84,12,-11,-14,2,8,14,kuro,mimic,matsu
1.57E+15,10,51,11,5,9,2,10,0,kuro,mimic,matsu
1.57E+15,33,66,-4,12,-46,-18,-1,27,kuro,mimic,matsu
1.57E+15,-38,-28,7,29,83,24,-37,-98,kuro,mimic,matsu
1.57E+15,73,70,53,52,-46,16,83,93,kuro,mimic,matsu
1.57E+15,-72,-89,-65,-85,-2,-11,-58,-119,kuro,mimic,matsu
1.57E+15,-18,19,-1,86,98,9,-39,-47,kuro,mimic,matsu
1.57E+15,53,52,14,11,-1,14,32,65,kuro,mimic,matsu
1.57E+15,-40,-4,34,-41,-19,-15,-58,-60,kuro,mimic,matsu
1.57E+15,32,37,93,81,15,9,24,-10,kuro,mimic,matsu
1.57E+15,-71,-75,-57,-46,-85,-19,16,74,kuro,mimic,matsu
1.57E+15,61,20,-3,16,23,9,-11,1,kuro,mimic,matsu
1.57E+15,-128,-128,-47,15,37,16,29,20,kuro,mimic,matsu
1.57E+15,92,36,-22,-39,-16,9,10,-29,kuro,mimic,matsu
1.57E+15,47,53,56,2,35,5,12,80,kuro,mimic,matsu
1.57E+15,-68,-86,-59,-19,-56,-43,-74,-100,kuro,mimic,matsu
1.57E+15,54,111,29,-52,-39,-7,54,31,kuro,mimic,matsu
1.57E+15,80,31,45,47,14,21,27,60,kuro,mimic,matsu
1.57E+15,-32,-38,21,14,115,54,-2,-80,kuro,mimic,matsu
1.57E+15,70,82,60,6,-19,21,46,45,kuro,mimic,matsu
1.57E+15,-86,-72,-91,-22,-12,-33,-66,-95,kuro,mimic,matsu
1.57E+15,-19,6,26,-10,-21,-19,20,-26,kuro,mimic,matsu
1.57E+15,-17,46,4,6,-34,-21,-33,-33,kuro,mimic,matsu
1.57E+15,6,68,-29,-11,6,-3,-4,-49,kuro,mimic,matsu
1.57E+15,34,122,41,33,39,8,-28,13,kuro,mimic,matsu
1.57E+15,-36,-91,-49,-23,-37,-12,15,90,kuro,mimic,matsu
1.57E+15,102,93,13,-3,-12,-3,27,45,kuro,mimic,matsu
1.57E+15,-123,-113,-82,-48,-42,-34,-30,-74,kuro,mimic,matsu
1.57E+15,111,74,61,15,40,18,13,32,kuro,mimic,matsu
1.57E+15,11,46,-43,-34,9,3,-32,-20,kuro,mimic,matsu
1.57E+15,61,24,20,-8,-1,12,48,33,kuro,mimic,matsu
1.57E+15,-62,-42,20,5,-12,-10,-53,-49,kuro,mimic,matsu
1.57E+15,-35,-25,-15,15,2,-7,-26,-77,kuro,mimic,matsu
1.57E+15,-27,-19,4,3,0,4,21,46,kuro,mimic,matsu
1.57E+15,-34,-65,-14,-29,-18,-10,-2,-8,kuro,mimic,matsu
1.57E+15,30,19,34,8,15,13,33,36,kuro,mimic,matsu
1.57E+15,-31,-79,-31,-16,2,-3,-11,16,kuro,mimic,matsu
1.57E+15,12,52,-14,1,8,2,-5,17,kuro,mimic,matsu
1.57E+15,-12,-6,-2,-10,-27,-16,-16,-47,kuro,mimic,matsu
1.57E+15,2,-25,1,-7,-18,-15,3,30,kuro,mimic,matsu
1.57E+15,-8,-8,-12,-1,15,-1,-10,-1,kuro,mimic,matsu
1.57E+15,3,3,32,39,18,11,4,8,kuro,mimic,matsu
1.57E+15,-22,-39,-35,-20,-14,-8,-9,4,kuro,mimic,matsu
1.57E+15,-4,-9,-4,-15,-18,-3,9,22,kuro,mimic,matsu
1.57E+15,-2,-7,-5,1,11,2,-3,-3,kuro,mimic,matsu
1.57E+15,18,37,7,3,-3,-7,-7,-2,kuro,mimic,matsu
1.57E+15,-11,-16,-8,-17,-4,2,0,-9,kuro,mimic,matsu
1.57E+15,13,10,14,3,5,3,14,49,kuro,mimic,matsu
1.57E+15,-4,-1,-28,-6,-13,-5,-6,-16,kuro,mimic,matsu
1.57E+15,-6,8,-1,5,-1,-9,-6,-20,kuro,mimic,matsu
1.57E+15,-9,-4,-3,-5,-2,3,-3,-7,kuro,mimic,matsu
1.57E+15,21,24,17,5,3,7,32,51,kuro,mimic,matsu
1.57E+15,-22,-34,-13,-7,1,1,-7,9,kuro,mimic,matsu
1.57E+15,-8,7,2,3,-4,-6,-20,-47,kuro,mimic,matsu
1.57E+15,-4,1,-5,-9,-6,-1,-6,-18,kuro,mimic,matsu
1.57E+15,15,6,-1,1,3,1,16,52,kuro,mimic,matsu
1.57E+15,-2,-6,12,7,3,-2,3,-3,kuro,mimic,matsu
1.57E+15,-3,8,-19,-9,-7,-5,-13,-15,kuro,mimic,matsu
1.57E+15,-12,-21,0,-5,-9,-6,-2,23,kuro,mimic,matsu
1.57E+15,4,4,2,21,17,2,2,-11,kuro,mimic,matsu
1.57E+15,-1,-4,12,-18,-14,-1,1,12,kuro,mimic,matsu
1.57E+15,9,18,5,1,-1,-1,6,5,kuro,mimic,matsu
1.57E+15,-2,-9,3,-5,4,-1,-12,-20,kuro,mimic,matsu
1.57E+15,-7,-10,6,-1,5,2,1,7,kuro,mimic,matsu
1.57E+15,3,0,-3,8,-2,-3,1,-2,kuro,mimic,matsu
1.57E+15,5,7,7,2,-5,-1,5,17,kuro,mimic,matsu
1.57E+15,-1,6,-10,-2,-2,-6,-7,-17,kuro,mimic,matsu
1.57E+15,-6,-10,9,-4,0,-2,-11,1,kuro,mimic,matsu
1.57E+15,0,-2,-5,-6,2,2,7,5,kuro,mimic,matsu
1.57E+15,-4,3,2,-4,-6,-3,-9,-15,kuro,mimic,matsu
1.57E+15,3,11,16,6,5,5,5,3,kuro,mimic,matsu
1.57E+15,1,7,-6,-1,-4,0,2,-3,kuro,mimic,matsu
1.57E+15,2,-12,-12,-7,-1,-1,4,32,kuro,mimic,matsu
1.57E+15,-12,-11,10,3,2,-1,-4,-40,kuro,mimic,matsu
1.57E+15,-4,-5,-20,-6,-5,-2,2,22,kuro,mimic,matsu
1.57E+15,-2,-3,-3,5,2,-1,-2,-8,kuro,mimic,matsu
,,,,,,,,,,,
1.57E+15,0,2,-3,13,-5,-2,-3,-7,kuro,mimic,matsu
1.57E+15,7,2,2,-11,-4,-3,0,18,kuro,mimic,matsu
1.57E+15,0,0,-2,-2,-3,0,-1,-8,kuro,mimic,matsu
1.57E+15,3,5,3,23,4,2,3,12,kuro,mimic,matsu
1.57E+15,-7,0,-6,-6,4,-2,1,-17,kuro,mimic,matsu
1.57E+15,-3,-12,-6,-16,-3,0,-1,11,kuro,mimic,matsu
1.57E+15,-2,4,3,3,-1,-2,-1,-24,kuro,mimic,matsu
1.57E+15,13,13,1,-4,1,-2,-3,0,kuro,mimic,matsu
1.57E+15,0,8,2,-7,-4,-1,-1,2,kuro,mimic,matsu
1.57E+15,-14,-33,-8,-3,0,-3,-5,-6,kuro,mimic,matsu
1.57E+15,2,10,3,-6,-4,1,3,-1,kuro,mimic,matsu
1.57E+15,-21,-31,-21,-11,3,-2,-1,0,kuro,mimic,matsu
1.57E+15,25,44,9,6,6,5,2,-6,kuro,mimic,matsu
1.57E+15,-16,-17,11,11,11,8,4,14,kuro,mimic,matsu
1.57E+15,59,-12,9,-5,-50,-14,16,58,kuro,mimic,matsu
1.57E+15,-60,-28,9,24,83,13,-10,-22,kuro,mimic,matsu
1.57E+15,-14,-2,-41,-8,-45,-3,-16,-68,kuro,mimic,matsu
1.57E+15,65,43,53,-11,40,0,11,17,kuro,mimic,matsu
1.57E+15,-11,-34,-67,-54,-24,-12,5,10,kuro,mimic,matsu
1.57E+15,-65,-35,-74,-24,-58,-7,-7,-42,kuro,mimic,matsu
1.57E+15,58,95,86,29,58,15,-26,32,kuro,mimic,matsu
1.57E+15,28,36,-77,-42,-86,-32,-38,18,kuro,mimic,matsu
1.57E+15,13,81,-28,-53,53,-9,24,32,kuro,mimic,matsu
1.57E+15,127,125,127,75,68,47,50,40,kuro,mimic,matsu
1.57E+15,-128,-128,-128,-84,-37,-52,-80,3,kuro,mimic,matsu
1.57E+15,38,127,61,47,14,-5,-50,-65,kuro,mimic,matsu
1.57E+15,77,99,48,21,-31,6,-8,84,kuro,mimic,matsu
1.57E+15,44,37,-11,-40,-80,-36,46,112,kuro,mimic,matsu
1.57E+15,67,111,74,53,28,18,49,-56,kuro,mimic,matsu
1.57E+15,-31,11,-18,-34,-5,7,22,-66,kuro,mimic,matsu
1.57E+15,-27,-47,66,56,76,33,46,33,kuro,mimic,matsu
1.57E+15,-7,-19,13,-9,-63,-21,-29,62,kuro,mimic,matsu
1.57E+15,-34,-58,-15,15,87,15,30,34,kuro,mimic,matsu
1.57E+15,-23,-71,-56,-14,-30,0,12,101,kuro,mimic,matsu
1.57E+15,9,52,22,6,14,22,12,-52,kuro,mimic,matsu
1.57E+15,-28,-66,-79,-29,-24,-4,6,6,kuro,mimic,matsu
1.57E+15,-41,2,-6,-17,-7,-22,-48,-45,kuro,mimic,matsu
1.57E+15,-32,-22,41,-2,0,-7,5,-27,kuro,mimic,matsu
1.57E+15,-30,36,-4,5,-18,-7,-41,-57,kuro,mimic,matsu
1.57E+15,22,-2,-9,8,-5,-11,-16,3,kuro,mimic,matsu
1.57E+15,3,87,21,3,-22,-3,34,74,kuro,mimic,matsu
1.57E+15,11,-96,-16,-7,17,9,27,95,kuro,mimic,matsu
1.57E+15,-30,-54,-10,20,-5,0,-32,4,kuro,mimic,matsu
1.57E+15,-66,-104,-16,-1,19,0,-22,-101,kuro,mimic,matsu
1.57E+15,50,35,28,-6,-16,2,14,29,kuro,mimic,matsu
1.57E+15,22,56,19,7,4,6,-1,-15,kuro,mimic,matsu
1.57E+15,-18,-27,-16,9,-5,-12,-8,-39,kuro,mimic,matsu
1.57E+15,5,43,7,-23,-2,2,3,5,kuro,mimic,matsu
1.57E+15,10,-50,-2,7,-1,15,13,19,kuro,mimic,matsu
1.57E+15,-9,-23,-14,15,31,13,3,-34,kuro,mimic,matsu
1.57E+15,-9,-16,-16,-23,-17,-14,-13,-5,kuro,mimic,matsu
1.57E+15,-9,25,6,10,24,-6,-17,-27,kuro,mimic,matsu
1.57E+15,24,-2,4,-5,-45,-10,-6,-13,kuro,mimic,matsu
1.57E+15,-16,-6,-7,10,19,6,7,22,kuro,mimic,matsu
1.57E+15,-13,-6,-1,5,12,4,4,-41,kuro,mimic,matsu
1.57E+15,21,32,13,-9,-19,0,-6,30,kuro,mimic,matsu
1.57E+15,-7,-24,9,-17,-9,-3,0,20,kuro,mimic,matsu
1.57E+15,-1,1,-9,2,-4,1,10,0,kuro,mimic,matsu
1.57E+15,-9,-6,-5,-3,-6,-12,-21,-31,kuro,mimic,matsu
1.57E+15,0,19,6,5,4,-6,-19,-35,kuro,mimic,matsu
1.57E+15,11,-32,8,13,0,4,14,48,kuro,mimic,matsu
1.57E+15,-11,8,-16,-1,3,2,4,-37,kuro,mimic,matsu
1.57E+15,-18,-4,-1,-7,-7,-8,-21,-36,kuro,mimic,matsu
1.57E+15,16,6,1,4,13,8,11,3,kuro,mimic,matsu
1.57E+15,-11,-2,-16,-12,0,1,-1,-18,kuro,mimic,matsu
1.57E+15,7,11,15,10,-11,-4,-2,0,kuro,mimic,matsu
1.57E+15,0,-11,-2,-11,-8,-4,7,21,kuro,mimic,matsu
1.57E+15,-4,11,-3,30,13,5,4,13,kuro,mimic,matsu
1.57E+15,8,4,-2,-10,11,6,5,-2,kuro,mimic,matsu
1.57E+15,-3,-11,-2,1,-12,-9,2,16,kuro,mimic,matsu
1.57E+15,-1,8,-3,21,3,-1,-15,-68,kuro,mimic,matsu
1.57E+15,-10,-3,-17,-74,-13,-8,-7,11,kuro,mimic,matsu
1.57E+15,9,7,13,-5,-6,1,5,-8,kuro,mimic,matsu
1.57E+15,-10,-6,-9,-15,-6,-9,-18,-15,kuro,mimic,matsu
1.57E+15,5,-2,12,18,16,12,22,47,kuro,mimic,matsu
1.57E+15,3,0,22,6,-7,-3,-6,-4,kuro,mimic,matsu
1.57E+15,-12,-9,-3,6,-2,-3,-15,-50,kuro,mimic,matsu
1.57E+15,1,-2,1,-7,0,-2,4,3,kuro,mimic,matsu
1.57E+15,-4,-9,-3,-5,-13,-1,3,25,kuro,mimic,matsu
1.57E+15,-8,2,-9,11,20,1,-4,-7,kuro,mimic,matsu
1.57E+15,5,5,-1,5,1,4,2,23,kuro,mimic,matsu
1.57E+15,1,7,14,16,-2,0,-5,-11,kuro,mimic,matsu
1.57E+15,-2,-12,-24,-17,-7,1,2,-6,kuro,mimic,matsu
1.57E+15,-1,-3,-3,-20,-13,-3,4,6,kuro,mimic,matsu
1.57E+15,4,7,0,24,4,-2,1,12,kuro,mimic,matsu
1.57E+15,-7,-3,7,-14,-1,-1,-4,-15,kuro,mimic,matsu
1.57E+15,0,0,13,0,0,-2,-2,14,kuro,mimic,matsu
1.57E+15,1,5,2,28,4,-1,-6,-20,kuro,mimic,matsu
1.57E+15,3,5,-2,11,2,4,5,13,kuro,mimic,matsu
1.57E+15,-10,-18,-15,-25,-6,-2,-5,3,kuro,mimic,matsu
1.57E+15,3,13,17,0,5,2,9,-7,kuro,mimic,matsu
1.57E+15,5,8,-3,0,-4,-3,-8,5,kuro,mimic,matsu
1.57E+15,-8,-17,9,13,-9,-5,-2,-17,kuro,mimic,matsu
1.57E+15,-3,0,-1,8,11,0,-4,6,kuro,mimic,matsu
1.57E+15,-1,-11,-12,-23,-9,0,5,11,kuro,mimic,matsu
1.57E+15,1,0,-4,20,8,6,4,4,kuro,mimic,matsu
1.57E+15,5,8,-7,-10,-3,-4,-2,8,kuro,mimic,matsu
1.57E+15,-7,-1,-13,-21,-13,-8,-16,-23,kuro,mimic,matsu
1.57E+15,5,14,-3,-4,-4,-6,-5,3,kuro,mimic,matsu
1.57E+15,-10,-28,8,36,7,0,4,-4,kuro,mimic,matsu
1.57E+15,3,5,-7,-48,-9,-2,2,6,kuro,mimic,matsu
1.57E+15,0,-3,-14,32,1,-1,0,7,kuro,mimic,matsu
1.57E+15,-3,-4,-1,0,4,-2,-10,-13,kuro,mimic,matsu
1.57E+15,1,9,1,9,1,0,0,-1,kuro,mimic,matsu
1.57E+15,-1,-3,-10,-3,0,0,4,-1,kuro,mimic,matsu
1.57E+15,-3,7,11,-5,-2,-2,-2,0,kuro,mimic,matsu
1.57E+15,1,4,-4,0,-3,-1,-1,-1,kuro,mimic,matsu
1.57E+15,0,-1,-8,-7,1,1,6,15,kuro,mimic,matsu
1.57E+15,-6,-10,-1,22,4,-1,-16,-42,kuro,mimic,matsu
1.57E+15,11,14,-1,-20,-1,5,11,33,kuro,mimic,matsu
1.57E+15,-19,-13,-6,-19,-8,-11,-28,-86,kuro,mimic,matsu
1.57E+15,2,16,12,-8,-2,-1,-1,-1,kuro,mimic,matsu
1.57E+15,3,6,3,-3,-5,-1,0,3,kuro,mimic,matsu
1.57E+15,8,13,5,19,5,3,4,4,kuro,mimic,matsu
1.57E+15,-3,-27,-2,16,14,10,15,46,kuro,mimic,matsu
1.57E+15,-4,-5,-1,-6,-1,0,-4,-24,kuro,mimic,matsu
1.57E+15,-2,1,-8,-17,-5,-4,-7,-17,kuro,mimic,matsu
1.57E+15,3,10,7,4,-3,-2,-2,12,kuro,mimic,matsu
1.57E+15,5,5,-6,-6,-4,-4,1,16,kuro,mimic,matsu
1.57E+15,-4,-9,6,-5,3,-1,-3,-10,kuro,mimic,matsu
1.57E+15,-5,-1,3,22,1,-2,5,17,kuro,mimic,matsu
1.57E+15,-4,-7,-12,-3,3,2,0,0,kuro,mimic,matsu
1.57E+15,-1,-7,-5,-25,-8,-4,-4,-12,kuro,mimic,matsu
1.57E+15,6,18,-4,13,1,-1,-1,7,kuro,mimic,matsu
1.57E+15,2,-11,5,4,4,4,2,0,kuro,mimic,matsu
1.57E+15,-13,-12,8,-11,-5,-4,-6,-13,kuro,mimic,matsu
1.57E+15,5,15,-10,12,-3,-1,1,9,kuro,mimic,matsu
1.57E+15,-15,-24,-4,10,-1,-1,1,4,kuro,mimic,matsu
1.57E+15,0,-9,-18,6,1,2,1,-8,kuro,mimic,matsu
1.57E+15,-2,1,7,-42,-5,-4,-8,-36,kuro,mimic,matsu
1.57E+15,-4,3,-3,-1,-4,-1,1,19,kuro,mimic,matsu
1.57E+15,19,24,1,-12,-7,-2,-3,-7,kuro,mimic,matsu
1.57E+15,-20,-17,-2,18,5,-3,0,14,kuro,mimic,matsu
1.57E+15,-7,-8,5,25,9,4,7,9,kuro,mimic,matsu
1.57E+15,-2,4,4,-5,0,0,1,-1,kuro,mimic,matsu
1.57E+15,0,-10,-5,-10,-3,-1,-3,-5,kuro,mimic,matsu
1.57E+15,8,18,7,-5,-1,-1,2,-1,kuro,mimic,matsu
1.57E+15,14,20,0,3,-4,-4,0,3,kuro,mimic,matsu
1.57E+15,4,3,1,3,3,1,0,5,kuro,mimic,matsu
1.57E+15,-20,-20,0,-3,-4,0,1,11,kuro,mimic,matsu
1.57E+15,13,10,-1,-11,0,-1,-6,-34,kuro,mimic,matsu
1.57E+15,-29,-32,-13,2,-3,-5,-6,-7,kuro,mimic,matsu
1.57E+15,12,25,8,13,1,1,0,12,kuro,mimic,matsu
1.57E+15,23,27,7,-1,5,1,4,-2,kuro,mimic,matsu
1.57E+15,-15,-30,-8,-5,2,0,0,12,kuro,mimic,matsu
1.57E+15,-2,8,-10,-5,-30,-7,0,7,kuro,mimic,matsu
1.57E+15,-10,-16,4,2,8,-3,2,-8,kuro,mimic,matsu
1.57E+15,6,26,-4,-48,-2,2,-3,-9,kuro,mimic,matsu
1.57E+15,17,22,24,14,19,9,9,19,kuro,mimic,matsu
1.57E+15,32,16,3,10,-2,7,5,25,kuro,mimic,matsu
1.57E+15,-31,-25,-29,-29,-21,-11,-13,-44,kuro,mimic,matsu
1.57E+15,45,33,20,45,33,22,33,41,kuro,mimic,matsu
1.57E+15,-88,-65,0,-23,-7,-9,-24,-64,kuro,mimic,matsu
1.57E+15,43,80,-6,4,9,6,-12,-14,kuro,mimic,matsu
1.57E+15,7,-42,26,18,-25,5,54,66,kuro,mimic,matsu
1.57E+15,-74,-14,-26,-27,20,-25,-32,-58,kuro,mimic,matsu
1.57E+15,13,-9,-15,-73,-91,-41,-40,-46,kuro,mimic,matsu
1.57E+15,47,61,61,50,77,36,19,-50,kuro,mimic,matsu
1.57E+15,-56,-67,-28,2,27,3,-6,39,kuro,mimic,matsu
1.57E+15,26,93,78,65,6,11,29,-17,kuro,mimic,matsu
1.57E+15,52,105,-4,-20,3,-5,21,96,kuro,mimic,matsu
1.57E+15,-3,-39,-7,-69,-36,-11,98,-5,kuro,mimic,matsu
1.57E+15,15,127,-29,-5,-7,-20,-39,-53,kuro,mimic,matsu
1.57E+15,46,26,37,-13,-12,3,39,21,kuro,mimic,matsu
1.57E+15,-101,-88,-19,41,24,-3,20,78,kuro,mimic,matsu
1.57E+15,30,-59,-24,5,-61,-20,45,67,kuro,mimic,matsu
1.57E+15,80,118,75,55,60,29,-50,-30,kuro,mimic,matsu
1.57E+15,-107,-128,-73,-75,-76,-35,-44,-115,kuro,mimic,matsu
1.57E+15,77,108,-56,0,12,23,58,82,kuro,mimic,matsu
1.57E+15,-114,-127,-65,-47,30,-11,-90,-65,kuro,mimic,matsu
1.57E+15,45,31,2,3,1,-9,-10,-97,kuro,mimic,matsu
1.57E+15,31,89,29,63,-22,9,2,24,kuro,mimic,matsu
1.57E+15,95,73,46,13,8,7,12,76,kuro,mimic,matsu
1.57E+15,-30,-67,20,17,29,5,10,5,kuro,mimic,matsu
1.57E+15,-70,18,-82,-115,-69,-21,-63,-42,kuro,mimic,matsu
1.57E+15,-9,-25,-46,10,2,-3,-4,36,kuro,mimic,matsu
1.57E+15,21,59,20,42,5,3,-23,-69,kuro,mimic,matsu
1.57E+15,32,127,50,37,12,-1,-31,-35,kuro,mimic,matsu
1.57E+15,-4,-75,27,27,6,6,79,120,kuro,mimic,matsu
1.57E+15,8,-40,-36,-29,5,1,-33,-17,kuro,mimic,matsu
1.57E+15,3,-72,-1,4,-5,-2,-9,-79,kuro,mimic,matsu
1.57E+15,0,22,14,11,-4,-2,-16,8,kuro,mimic,matsu
1.57E+15,-62,-62,-32,8,-5,-11,7,74,kuro,mimic,matsu
1.57E+15,16,-11,12,2,23,15,32,51,kuro,mimic,matsu
1.57E+15,-42,-88,6,-10,6,8,-6,-19,kuro,mimic,matsu
1.57E+15,-13,-9,-47,-6,-8,-10,-29,-13,kuro,mimic,matsu
1.57E+15,19,11,24,-19,-3,1,-22,-18,kuro,mimic,matsu
1.57E+15,19,-9,10,-4,-12,-10,-22,-27,kuro,mimic,matsu
1.57E+15,-22,26,14,9,-2,-3,3,23,kuro,mimic,matsu
1.57E+15,-7,-23,-19,-4,1,5,22,3,kuro,mimic,matsu
1.57E+15,8,-23,5,15,18,9,11,8,kuro,mimic,matsu
1.57E+15,-12,-1,-25,-9,0,-8,-9,-26,kuro,mimic,matsu
1.57E+15,11,5,-9,-4,2,3,4,-35,kuro,mimic,matsu
1.57E+15,15,60,10,8,-14,-7,0,51,kuro,mimic,matsu
1.57E+15,49,20,24,21,1,1,12,-10,kuro,mimic,matsu
1.57E+15,-35,-33,-12,-26,8,3,3,9,kuro,mimic,matsu
1.57E+15,-12,4,11,9,-12,-1,9,7,kuro,mimic,matsu
1.57E+15,10,-12,-15,7,-1,2,-17,9,kuro,mimic,matsu
1.57E+15,1,-7,0,-1,5,2,5,50,kuro,mimic,matsu
1.57E+15,17,23,19,0,-2,-4,-6,-25,kuro,mimic,matsu
1.57E+15,5,2,2,30,11,5,8,5,kuro,mimic,matsu
1.57E+15,-3,-7,-13,-25,-1,-1,-19,8,kuro,mimic,matsu
1.57E+15,-1,4,15,-4,-6,1,15,8,kuro,mimic,matsu
1.57E+15,13,8,-19,-19,-5,-4,4,3,kuro,mimic,matsu
1.57E+15,-11,13,3,4,2,-1,-2,0,kuro,mimic,matsu
1.57E+15,2,1,16,35,5,4,-1,-3,kuro,mimic,matsu
1.57E+15,-1,6,-29,-19,-5,-2,4,-45,kuro,mimic,matsu
1.57E+15,8,-6,1,2,-5,-8,-7,37,kuro,mimic,matsu
1.57E+15,5,12,4,4,7,-2,-11,-47,kuro,mimic,matsu
1.57E+15,-9,-23,-12,-17,-7,0,1,-29,kuro,mimic,matsu
1.57E+15,-7,-18,1,13,3,3,-2,-9,kuro,mimic,matsu
1.57E+15,-2,10,20,25,8,5,9,1,kuro,mimic,matsu
1.57E+15,5,2,-13,-15,-5,-4,-10,16,kuro,mimic,matsu
1.57E+15,-4,17,19,5,-4,-6,-5,-12,kuro,mimic,matsu
1.57E+15,5,-5,-11,6,-5,-4,6,7,kuro,mimic,matsu
1.57E+15,-1,8,13,9,5,5,-1,6,kuro,mimic,matsu
1.57E+15,-8,1,-6,-26,-7,-11,-26,-26,kuro,mimic,matsu
1.57E+15,7,7,-4,15,-1,1,16,30,kuro,mimic,matsu
1.57E+15,-1,-9,15,16,12,6,-1,-5,kuro,mimic,matsu
1.57E+15,1,-3,-6,-65,-16,-1,1,13,kuro,mimic,matsu
1.57E+15,7,-3,-30,-2,-6,-2,-2,10,kuro,mimic,matsu
1.57E+15,-2,2,-8,-23,0,-2,-7,-17,kuro,mimic,matsu
1.57E+15,7,10,28,41,6,2,3,1,kuro,mimic,matsu
1.57E+15,-3,5,-4,12,-10,-9,-1,15,kuro,mimic,matsu
1.57E+15,10,18,6,-37,-1,-4,2,-2,kuro,mimic,matsu
1.57E+15,2,-29,1,21,19,11,-1,-7,kuro,mimic,matsu
1.57E+15,-21,-18,-2,-8,-4,-5,-8,-27,kuro,mimic,matsu
1.57E+15,-5,-2,-19,9,3,-1,-3,14,kuro,mimic,matsu
1.57E+15,-5,-20,-8,-12,-12,-2,1,7,kuro,mimic,matsu
1.57E+15,9,18,17,10,3,2,10,-5,kuro,mimic,matsu
1.57E+15,1,7,-16,-33,-3,-7,-10,-24,kuro,mimic,matsu
1.57E+15,-6,1,-8,-1,-12,-6,-6,-12,kuro,mimic,matsu
1.57E+15,0,-6,3,45,9,5,5,18,kuro,mimic,matsu
1.57E+15,0,6,0,-48,-11,-2,-1,-11,kuro,mimic,matsu
1.57E+15,4,3,-13,0,-3,-2,2,13,kuro,mimic,matsu
1.57E+15,0,-7,9,20,9,3,6,1,kuro,mimic,matsu
1.57E+15,-1,0,-5,-34,-3,-1,-7,11,kuro,mimic,matsu
1.57E+15,2,12,4,17,-4,-6,1,20,kuro,mimic,matsu
1.57E+15,7,11,-4,-7,-7,-2,4,-4,kuro,mimic,matsu
1.57E+15,1,-8,13,4,9,7,1,11,kuro,mimic,matsu
1.57E+15,-7,-24,-4,10,7,2,5,10,kuro,mimic,matsu
1.57E+15,-9,-6,-18,-11,-12,-5,-8,-29,kuro,mimic,matsu
1.57E+15,9,25,3,-18,-2,-6,-3,2,kuro,mimic,matsu
1.57E+15,0,-12,11,36,10,4,4,10,kuro,mimic,matsu
1.57E+15,-4,-1,-7,-23,-4,-1,-3,-24,kuro,mimic,matsu
1.57E+15,-10,-11,-20,-75,-27,-13,-8,26,kuro,mimic,matsu
1.57E+15,4,2,15,39,5,6,14,46,kuro,mimic,matsu
1.57E+15,-1,6,-1,3,5,0,-9,-83,kuro,mimic,matsu
1.57E+15,-3,-3,-6,9,-1,-5,-9,-4,kuro,mimic,matsu
1.57E+15,6,6,18,33,9,3,7,33,kuro,mimic,matsu
1.57E+15,1,8,-2,-14,-2,1,0,-22,kuro,mimic,matsu
1.57E+15,1,-2,-1,-6,-1,-1,2,43,kuro,mimic,matsu
1.57E+15,-3,1,0,7,0,-3,-2,-17,kuro,mimic,matsu
1.57E+15,-2,2,-1,6,0,2,3,-3,kuro,mimic,matsu
1.57E+15,-5,-11,-8,1,2,-1,-1,-7,kuro,mimic,matsu
1.57E+15,5,6,-8,-25,-8,-3,-3,8,kuro,mimic,matsu
1.57E+15,3,10,10,-2,-1,0,-3,-15,kuro,mimic,matsu
1.57E+15,-4,13,1,11,2,-1,-1,14,kuro,mimic,matsu
1.57E+15,-2,-5,-3,0,1,1,-2,1,kuro,mimic,matsu
1.57E+15,-4,3,-8,30,7,2,2,4,kuro,mimic,matsu
1.57E+15,0,-2,-9,-33,-5,0,-3,2,kuro,mimic,matsu
1.57E+15,2,1,5,-2,-7,-8,-11,-14,kuro,mimic,matsu
1.57E+15,-4,6,5,7,-2,-2,0,-11,kuro,mimic,matsu
1.57E+15,-1,9,-5,-12,-2,-5,-3,-1,kuro,mimic,matsu
1.57E+15,4,-3,9,32,10,4,6,7,kuro,mimic,matsu
1.57E+15,8,-7,8,18,9,1,1,3,kuro,mimic,matsu
1.57E+15,-20,-23,-22,7,-2,-1,-4,-6,kuro,mimic,matsu
1.57E+15,-1,11,-13,-43,-16,-4,-3,3,kuro,mimic,matsu
1.57E+15,-5,-1,-4,-58,-10,-3,-2,-7,kuro,mimic,matsu
1.57E+15,0,-5,-3,-3,-7,-5,-4,8,kuro,mimic,matsu
1.57E+15,10,12,7,-21,1,2,3,-5,kuro,mimic,matsu
1.57E+15,1,-2,2,24,7,2,0,-3,kuro,mimic,matsu
1.57E+15,-14,-42,-9,12,-1,-2,-4,3,kuro,mimic,matsu
1.57E+15,-6,-2,0,2,1,1,-2,-9,kuro,mimic,matsu
1.57E+15,0,-1,1,14,1,-1,1,7,kuro,mimic,matsu
1.57E+15,2,11,1,-11,-2,-3,-5,-29,kuro,mimic,matsu
1.57E+15,20,17,10,5,0,2,7,-3,kuro,mimic,matsu
1.57E+15,-13,-7,-5,7,0,-4,-7,0,kuro,mimic,matsu
1.57E+15,-28,-24,-15,-6,-3,-4,-7,-2,kuro,mimic,matsu
1.57E+15,8,-12,4,-21,-5,3,8,23,kuro,mimic,matsu
1.57E+15,5,21,10,16,-13,-4,0,-5,kuro,mimic,matsu
1.57E+15,10,22,10,5,13,2,-1,-12,kuro,mimic,matsu
1.57E+15,51,13,10,3,-8,8,9,42,kuro,mimic,matsu
1.57E+15,-60,-94,-34,-19,-1,-2,-1,6,kuro,mimic,matsu
1.57E+15,-17,18,4,36,17,-3,-15,-36,kuro,mimic,matsu
1.57E+15,0,23,20,9,-57,-8,18,-27,kuro,mimic,matsu
1.57E+15,-12,-8,7,14,63,9,-48,-5,kuro,mimic,matsu
1.57E+15,-7,13,2,0,-4,-5,-16,-46,kuro,mimic,matsu
1.57E+15,7,39,35,47,-39,4,42,81,kuro,mimic,matsu
1.57E+15,55,29,0,-10,27,-7,4,3,kuro,mimic,matsu
1.57E+15,-101,-109,-74,-10,-14,-14,22,-59,kuro,mimic,matsu
1.57E+15,34,60,29,8,25,21,55,34,kuro,mimic,matsu
1.57E+15,30,100,-2,16,-20,-27,-31,-48,kuro,mimic,matsu
1.57E+15,-25,-74,53,7,33,33,58,79,kuro,mimic,matsu
1.57E+15,-19,47,11,-31,-37,-16,15,31,kuro,mimic,matsu
1.57E+15,11,51,8,24,37,7,-18,-87,kuro,mimic,matsu
1.57E+15,-36,89,33,-27,2,13,65,108,kuro,mimic,matsu
1.57E+15,-90,-50,-109,-35,-48,-39,-75,-101,kuro,mimic,matsu
1.57E+15,41,83,50,95,28,4,62,93,kuro,mimic,matsu
1.57E+15,41,83,7,-10,-8,10,49,116,kuro,mimic,matsu
1.57E+15,71,-57,3,-87,14,13,55,94,kuro,mimic,matsu
1.57E+15,-60,16,-66,15,-43,-26,-52,-106,kuro,mimic,matsu
1.57E+15,48,62,60,27,-13,-6,-12,69,kuro,mimic,matsu
1.57E+15,-61,-22,-28,-2,-8,0,26,90,kuro,mimic,matsu
1.57E+15,23,63,-7,28,9,10,-32,-68,kuro,mimic,matsu
1.57E+15,23,-68,-38,-74,-13,6,39,107,kuro,mimic,matsu
1.57E+15,-13,28,-63,18,-14,-11,-66,-97,kuro,mimic,matsu
1.57E+15,-17,2,33,-35,-6,-6,-10,17,kuro,mimic,matsu
1.57E+15,-1,-15,-31,-3,21,2,-19,-79,kuro,mimic,matsu
1.57E+15,82,121,14,22,12,19,15,28,kuro,mimic,matsu
1.57E+15,-70,-13,-25,-78,-23,-29,-66,-128,kuro,mimic,matsu
1.57E+15,52,50,34,47,22,5,55,88,kuro,mimic,matsu
1.57E+15,-74,-88,-95,-52,-33,-39,-115,-126,kuro,mimic,matsu
1.57E+15,49,127,118,52,42,18,35,-47,kuro,mimic,matsu
1.57E+15,6,-56,-20,-35,-12,5,-11,-21,kuro,mimic,matsu
1.57E+15,23,27,-5,-11,-12,-14,-25,21,kuro,mimic,matsu
1.57E+15,-9,-54,-8,7,-9,-8,-4,6,kuro,mimic,matsu
1.57E+15,41,96,62,61,45,18,31,-42,kuro,mimic,matsu
1.57E+15,-48,-99,-21,-17,-2,5,22,67,kuro,mimic,matsu
1.57E+15,2,37,-46,1,-10,-6,-66,-73,kuro,mimic,matsu
1.57E+15,-12,-70,-2,-9,-21,4,25,20,kuro,mimic,matsu
1.57E+15,19,26,-5,41,-22,-15,-21,29,kuro,mimic,matsu
1.57E+15,97,127,46,-30,39,21,46,65,kuro,mimic,matsu
1.57E+15,-101,-105,-85,-21,-21,-7,-18,-72,kuro,mimic,matsu
1.57E+15,7,127,63,32,27,15,-12,40,kuro,mimic,matsu
1.57E+15,-39,-128,-56,-11,-6,-9,-18,-4,kuro,mimic,matsu
1.57E+15,21,28,32,8,-26,-9,-3,-4,kuro,mimic,matsu
1.57E+15,37,30,57,45,12,0,26,53,kuro,mimic,matsu
1.57E+15,33,-21,-6,-5,14,5,30,21,kuro,mimic,matsu
1.57E+15,4,-48,-30,-5,-6,-9,-35,-60,kuro,mimic,matsu
1.57E+15,-10,-15,24,3,11,4,25,2,kuro,mimic,matsu
1.57E+15,39,-23,-22,-10,-9,-13,-36,-55,kuro,mimic,matsu
1.57E+15,-62,-63,-9,8,9,5,17,14,kuro,mimic,matsu
1.57E+15,25,42,29,-7,6,-2,-12,-14,kuro,mimic,matsu
1.57E+15,19,2,-6,-2,-11,0,15,24,kuro,mimic,matsu
1.57E+15,-11,-9,0,-4,3,-6,-28,0,kuro,mimic,matsu
1.57E+15,9,-7,6,13,-3,-1,0,-26,kuro,mimic,matsu
1.57E+15,-10,5,8,-19,0,1,17,68,kuro,mimic,matsu
1.57E+15,-1,-6,-14,9,1,4,-11,-31,kuro,mimic,matsu
1.57E+15,-11,-18,7,8,-4,4,4,-34,kuro,mimic,matsu
1.57E+15,16,32,13,7,7,4,9,-20,kuro,mimic,matsu
1.57E+15,-18,-27,-18,-17,9,3,-5,14,kuro,mimic,matsu
1.57E+15,-8,-12,-20,-11,-13,-6,-2,-53,kuro,mimic,matsu
1.57E+15,23,27,28,8,0,0,31,47,kuro,mimic,matsu
1.57E+15,0,4,14,1,2,-10,-29,-77,kuro,mimic,matsu
1.57E+15,-17,0,-29,-29,-10,-6,-1,16,kuro,mimic,matsu
1.57E+15,20,39,18,4,5,12,13,23,kuro,mimic,matsu
1.57E+15,-7,-42,-2,1,-3,3,-2,25,kuro,mimic,matsu
1.57E+15,1,11,4,-5,-4,-3,-10,-17,kuro,mimic,matsu
1.57E+15,-27,-26,0,-13,-3,2,-3,18,kuro,mimic,matsu
1.57E+15,26,43,-4,22,11,8,4,26,kuro,mimic,matsu
1.57E+15,-2,11,3,3,-2,-9,-14,-72,kuro,mimic,matsu
1.57E+15,-7,-20,-8,-11,-3,-1,3,17,kuro,mimic,matsu
1.57E+15,7,12,2,1,0,-3,-3,2,kuro,mimic,matsu
1.57E+15,-1,-7,-7,1,0,2,7,18,kuro,mimic,matsu
1.57E+15,-3,-3,12,9,0,-2,-7,-29,kuro,mimic,matsu
1.57E+15,-3,-8,-5,9,-12,-7,2,20,kuro,mimic,matsu
1.57E+15,0,4,12,-13,6,4,6,14,kuro,mimic,matsu
1.57E+15,15,1,15,2,6,-2,-11,-30,kuro,mimic,matsu
1.57E+15,-43,-29,8,-12,-10,-1,-10,-17,kuro,mimic,matsu
1.57E+15,7,8,-16,1,3,-1,-1,8,kuro,mimic,matsu
1.57E+15,-5,-6,7,5,1,-1,3,7,kuro,mimic,matsu
1.57E+15,-6,-12,0,-10,-5,-1,-1,3,kuro,mimic,matsu
1.57E+15,21,26,12,1,-3,-1,-4,-25,kuro,mimic,matsu
1.57E+15,1,-2,-45,-15,3,1,3,8,kuro,mimic,matsu
1.57E+15,-6,2,14,28,2,2,4,8,kuro,mimic,matsu
1.57E+15,-5,-5,-3,-24,-3,-2,-2,-17,kuro,mimic,matsu
1.57E+15,3,4,-7,-6,-9,-4,-8,11,kuro,mimic,matsu
1.57E+15,-8,-5,-1,27,4,1,-3,-4,kuro,mimic,matsu
1.57E+15,-5,-5,-4,-45,-11,-4,-4,-3,kuro,mimic,matsu
1.57E+15,1,7,-14,8,-1,-1,-1,-5,kuro,mimic,matsu
1.57E+15,3,1,-14,-6,0,0,3,8,kuro,mimic,matsu
1.57E+15,0,-4,11,-7,0,3,4,10,kuro,mimic,matsu
1.57E+15,-3,4,-11,20,4,-3,-3,3,kuro,mimic,matsu
1.57E+15,-5,-4,-2,1,1,3,3,6,kuro,mimic,matsu
1.57E+15,1,0,-7,-16,-8,-3,-6,-11,kuro,mimic,matsu
1.57E+15,5,5,10,11,10,2,1,15,kuro,mimic,matsu
1.57E+15,10,13,-2,7,3,3,3,-13,kuro,mimic,matsu
1.57E+15,-3,-1,-3,-8,-7,-8,-8,-10,kuro,mimic,matsu
1.57E+15,-11,-25,-4,-3,6,-3,2,-5,kuro,mimic,matsu
1.57E+15,0,-7,-8,-8,-4,1,3,11,kuro,mimic,matsu
1.57E+15,0,-15,-8,-10,-2,-2,-4,0,kuro,mimic,matsu
1.57E+15,-1,15,15,9,-2,-4,-4,-13,kuro,mimic,matsu
1.57E+15,8,24,-2,-9,-5,-1,-1,-1,kuro,mimic,matsu
1.57E+15,8,2,1,5,2,1,9,46,kuro,mimic,matsu
1.57E+15,-7,-5,15,17,2,0,-5,-51,kuro,mimic,matsu
1.57E+15,-3,-7,-16,-4,0,-4,-6,-3,kuro,mimic,matsu
1.57E+15,-2,-11,-17,-17,-11,-3,0,2,kuro,mimic,matsu
1.57E+15,-4,-1,12,4,1,-1,-3,-8,kuro,mimic,matsu
1.57E+15,-1,-3,1,1,-2,3,10,39,kuro,mimic,matsu
1.57E+15,-5,-3,0,10,2,-1,-5,-30,kuro,mimic,matsu
1.57E+15,2,4,-2,1,4,1,-2,-5,kuro,mimic,matsu
1.57E+15,-3,-2,-3,6,-3,-3,1,10,kuro,mimic,matsu
1.57E+15,-3,3,2,-22,-10,-6,-9,-13,kuro,mimic,matsu
1.57E+15,-4,-7,-4,0,-4,-1,1,6,kuro,mimic,matsu
1.57E+15,0,-1,0,-4,-3,-1,-1,-3,kuro,mimic,matsu
1.57E+15,-4,9,6,6,2,-1,-2,-7,kuro,mimic,matsu
1.57E+15,-2,-9,-12,-1,3,-3,0,14,kuro,mimic,matsu
1.57E+15,2,-3,0,-11,1,1,0,1,kuro,mimic,matsu
