timestamp,emg1,emg2,emg3,emg4,emg5,emg6,emg7,emg8,performer,situation,gesture
1.57E+15,0,3,9,2,0,-2,4,4,matsu,walk,matsu
1.57E+15,-4,2,16,0,0,1,4,-2,matsu,walk,matsu
1.57E+15,-1,3,18,1,0,1,-1,1,matsu,walk,matsu
1.57E+15,-1,-6,-9,-1,0,1,1,0,matsu,walk,matsu
1.57E+15,4,1,-5,-2,1,1,0,7,matsu,walk,matsu
1.57E+15,-3,-1,0,-2,0,-4,3,-4,matsu,walk,matsu
1.57E+15,-2,-3,-3,-1,-2,-4,-10,-5,matsu,walk,matsu
1.57E+15,1,0,-4,1,-1,-1,-1,5,matsu,walk,matsu
1.57E+15,0,-1,4,-2,0,1,6,2,matsu,walk,matsu
1.57E+15,-1,-7,-17,-3,-2,-2,-2,-3,matsu,walk,matsu
1.57E+15,-2,1,4,0,-2,-2,-3,-4,matsu,walk,matsu
1.57E+15,-2,-1,-1,-1,-1,-1,1,0,matsu,walk,matsu
1.57E+15,0,-2,-6,-1,-1,-1,2,-2,matsu,walk,matsu
1.57E+15,-4,-1,-8,-2,-1,0,-4,-3,matsu,walk,matsu
1.57E+15,1,3,9,1,-1,1,-4,5,matsu,walk,matsu
1.57E+15,0,-3,5,-1,-1,1,14,4,matsu,walk,matsu
1.57E+15,-9,-6,-10,-1,-3,-5,-12,-12,matsu,walk,matsu
1.57E+15,-4,1,-2,-1,0,1,0,-2,matsu,walk,matsu
1.57E+15,-1,2,8,-2,0,-1,-2,2,matsu,walk,matsu
1.57E+15,7,0,-3,0,1,1,1,5,matsu,walk,matsu
1.57E+15,7,-1,-3,-1,0,0,6,1,matsu,walk,matsu
1.57E+15,-8,-3,2,-1,-1,-2,7,-1,matsu,walk,matsu
1.57E+15,-3,3,2,-2,1,-1,-15,-7,matsu,walk,matsu
1.57E+15,-1,-3,-11,-2,-1,-1,-7,-5,matsu,walk,matsu
1.57E+15,4,0,0,0,1,1,12,7,matsu,walk,matsu
1.57E+15,-6,-8,4,-3,0,-1,-3,2,matsu,walk,matsu
1.57E+15,2,1,-3,1,-2,-3,0,2,matsu,walk,matsu
1.57E+15,-1,-1,4,-3,-3,-5,-8,-1,matsu,walk,matsu
1.57E+15,-5,-1,-1,0,-1,1,2,-18,matsu,walk,matsu
1.57E+15,-7,6,-4,-2,-2,-4,-1,-10,matsu,walk,matsu
1.57E+15,-4,-2,5,1,-1,1,-1,0,matsu,walk,matsu
1.57E+15,5,-4,-4,1,0,4,9,17,matsu,walk,matsu
1.57E+15,2,4,-2,-1,-3,-6,10,-1,matsu,walk,matsu
1.57E+15,0,3,-1,-1,-3,-3,-21,-7,matsu,walk,matsu
1.57E+15,-2,-2,1,-1,0,-1,2,-4,matsu,walk,matsu
1.57E+15,1,0,3,-1,0,1,0,-2,matsu,walk,matsu
1.57E+15,4,-2,-2,-1,-2,3,2,13,matsu,walk,matsu
1.57E+15,3,-4,-7,-1,-2,0,4,2,matsu,walk,matsu
1.57E+15,7,0,8,-1,-3,-2,-3,2,matsu,walk,matsu
1.57E+15,-8,12,23,3,3,0,1,-5,matsu,walk,matsu
1.57E+15,-12,-35,-54,-10,-4,-4,-8,-2,matsu,walk,matsu
1.57E+15,6,3,-6,-3,-2,0,-2,0,matsu,walk,matsu
1.57E+15,-5,1,-9,-1,-1,1,3,1,matsu,walk,matsu
1.57E+15,5,2,12,1,0,1,12,-2,matsu,walk,matsu
1.57E+15,11,20,45,4,0,-1,-23,1,matsu,walk,matsu
1.57E+15,-6,3,-2,2,-1,-1,2,7,matsu,walk,matsu
1.57E+15,-13,7,3,-6,-4,-8,-22,-42,matsu,walk,matsu
1.57E+15,-2,-6,-9,-1,-1,4,0,4,matsu,walk,matsu
1.57E+15,19,5,0,1,3,5,26,44,matsu,walk,matsu
1.57E+15,8,-4,-1,0,-1,-1,-9,-18,matsu,walk,matsu
1.57E+15,-14,11,10,-3,-3,-5,-15,-15,matsu,walk,matsu
1.57E+15,-25,-7,-11,-5,-5,-8,-9,-21,matsu,walk,matsu
1.57E+15,3,-8,5,1,0,-2,-14,-6,matsu,walk,matsu
1.57E+15,10,21,18,4,5,9,29,36,matsu,walk,matsu
1.57E+15,33,1,-27,1,1,5,21,31,matsu,walk,matsu
1.57E+15,-19,-17,-17,-1,2,-1,26,-6,matsu,walk,matsu
1.57E+15,-13,-4,4,-7,-2,4,-4,-1,matsu,walk,matsu
1.57E+15,10,9,21,5,0,-2,-1,4,matsu,walk,matsu
1.57E+15,18,-6,-6,-6,4,6,-4,23,matsu,walk,matsu
1.57E+15,47,-1,6,3,-4,-7,-13,-17,matsu,walk,matsu
1.57E+15,-36,-24,-15,-4,-2,-13,-55,-54,matsu,walk,matsu
1.57E+15,8,20,-9,0,6,12,28,50,matsu,walk,matsu
1.57E+15,-43,-22,9,-5,-17,-16,-14,-79,matsu,walk,matsu
1.57E+15,-61,33,-28,-1,10,9,40,15,matsu,walk,matsu
1.57E+15,-20,-7,5,-11,-7,-10,-52,-55,matsu,walk,matsu
1.57E+15,-30,-91,-73,-21,-12,-19,-39,54,matsu,walk,matsu
1.57E+15,-83,-28,26,6,-2,-13,0,-84,matsu,walk,matsu
1.57E+15,46,25,20,-7,-7,12,68,94,matsu,walk,matsu
1.57E+15,-49,21,28,25,3,9,54,-14,matsu,walk,matsu
1.57E+15,7,-21,-98,-39,-8,-11,-33,76,matsu,walk,matsu
1.57E+15,-2,0,24,1,7,12,8,37,matsu,walk,matsu
1.57E+15,-128,-83,-39,-31,-35,-61,-81,-128,matsu,walk,matsu
1.57E+15,127,65,55,24,20,47,127,127,matsu,walk,matsu
1.57E+15,-109,-53,39,-5,-37,-71,-92,-128,matsu,walk,matsu
1.57E+15,94,55,6,33,21,44,94,107,matsu,walk,matsu
1.57E+15,-27,-49,-66,-27,-7,-8,-54,36,matsu,walk,matsu
1.57E+15,0,10,11,-3,7,19,42,-21,matsu,walk,matsu
1.57E+15,-66,-1,30,16,6,-3,36,-40,matsu,walk,matsu
1.57E+15,27,-5,15,-1,-2,-1,6,24,matsu,walk,matsu
1.57E+15,30,5,31,13,10,15,34,12,matsu,walk,matsu
1.57E+15,18,24,-37,-7,-11,-32,-88,-44,matsu,walk,matsu
1.57E+15,41,-34,3,-19,9,29,47,15,matsu,walk,matsu
1.57E+15,-24,17,1,-4,-1,-4,-3,9,matsu,walk,matsu
1.57E+15,48,32,27,16,14,31,60,35,matsu,walk,matsu
1.57E+15,-31,-25,-3,-1,-7,-12,-31,-13,matsu,walk,matsu
1.57E+15,27,35,22,12,4,8,0,-32,matsu,walk,matsu
1.57E+15,4,-3,-9,-4,-3,-5,-12,27,matsu,walk,matsu
1.57E+15,10,5,12,8,5,7,0,-7,matsu,walk,matsu
1.57E+15,-12,-6,-5,-7,-7,-12,-19,54,matsu,walk,matsu
1.57E+15,17,24,2,8,2,3,-1,-24,matsu,walk,matsu
1.57E+15,3,-13,-12,-5,0,2,10,-9,matsu,walk,matsu
1.57E+15,25,19,13,4,2,-2,-28,-29,matsu,walk,matsu
1.57E+15,-21,-23,-29,-9,-2,-6,0,-14,matsu,walk,matsu
1.57E+15,31,22,17,10,6,18,36,43,matsu,walk,matsu
1.57E+15,-20,-12,-19,-9,-6,-14,-17,0,matsu,walk,matsu
1.57E+15,6,2,0,0,-3,-8,-29,-34,matsu,walk,matsu
1.57E+15,-1,-7,-7,-2,0,0,7,-12,matsu,walk,matsu
1.57E+15,8,10,3,5,2,6,10,2,matsu,walk,matsu
1.57E+15,2,1,-3,-4,-2,-1,-6,5,matsu,walk,matsu
1.57E+15,-2,1,-1,0,-3,-5,-17,-56,matsu,walk,matsu
1.57E+15,-1,-5,-1,-2,1,4,17,23,matsu,walk,matsu
1.57E+15,11,14,6,3,2,4,1,-6,matsu,walk,matsu
1.57E+15,-6,-6,-12,-6,-2,-7,-13,-16,matsu,walk,matsu
1.57E+15,10,4,6,4,3,3,2,35,matsu,walk,matsu
1.57E+15,-3,-4,-5,-1,0,-2,-1,-4,matsu,walk,matsu
1.57E+15,7,7,2,2,1,0,1,-10,matsu,walk,matsu
1.57E+15,5,-4,-4,-4,-1,-4,-7,-8,matsu,walk,matsu
1.57E+15,6,-1,0,0,-1,1,1,22,matsu,walk,matsu
1.57E+15,2,0,0,-2,0,-2,1,-14,matsu,walk,matsu
1.57E+15,2,9,-2,1,0,-2,2,4,matsu,walk,matsu
1.57E+15,-3,-12,-6,-2,0,1,1,2,matsu,walk,matsu
1.57E+15,-2,1,3,-1,-2,-3,-9,-4,matsu,walk,matsu
1.57E+15,-7,7,-7,-3,-1,-3,-2,-7,matsu,walk,matsu
1.57E+15,5,19,9,1,1,3,4,3,matsu,walk,matsu
1.57E+15,-5,-21,-19,-3,-1,-3,-8,-9,matsu,walk,matsu
1.57E+15,-2,-6,1,-1,0,0,-3,1,matsu,walk,matsu
1.57E+15,1,2,0,0,0,0,4,-1,matsu,walk,matsu
1.57E+15,5,-1,1,-1,-1,-2,2,18,matsu,walk,matsu
1.57E+15,-14,1,3,-1,-3,-4,-7,-52,matsu,walk,matsu
1.57E+15,5,5,-2,-1,-1,-1,-3,9,matsu,walk,matsu
1.57E+15,-3,-4,0,-1,-1,0,4,1,matsu,walk,matsu
1.57E+15,3,1,-2,0,-1,1,-1,0,matsu,walk,matsu
1.57E+15,7,7,-6,-1,1,0,1,9,matsu,walk,matsu
1.57E+15,-7,-8,-4,-2,-2,-4,-6,1,matsu,walk,matsu
1.57E+15,0,4,2,-1,0,-2,-1,-4,matsu,walk,matsu
1.57E+15,-4,-12,-5,1,-2,0,-1,-4,matsu,walk,matsu
1.57E+15,9,5,4,-1,-1,0,1,9,matsu,walk,matsu
1.57E+15,-4,10,1,1,0,1,-1,1,matsu,walk,matsu
1.57E+15,-2,-9,-5,-2,-2,-3,-4,-3,matsu,walk,matsu
1.57E+15,-5,11,0,-2,0,2,-2,-5,matsu,walk,matsu
1.57E+15,-3,-2,1,0,-1,-2,0,5,matsu,walk,matsu
1.57E+15,4,3,-2,2,-1,1,0,1,matsu,walk,matsu
1.57E+15,-4,-11,-2,-1,0,-2,-2,-3,matsu,walk,matsu
1.57E+15,2,3,5,1,1,-2,0,-2,matsu,walk,matsu
1.57E+15,2,11,4,-1,-1,-1,-2,3,matsu,walk,matsu
1.57E+15,2,-21,-4,2,1,0,1,1,matsu,walk,matsu
1.57E+15,-1,-4,-10,-1,-3,-1,-1,-4,matsu,walk,matsu
1.57E+15,-11,12,8,-10,-7,-6,-6,-9,matsu,walk,matsu
1.57E+15,-3,0,7,-1,-1,1,-2,0,matsu,walk,matsu
1.57E+15,1,10,2,-1,0,-1,-1,4,matsu,walk,matsu
1.57E+15,1,-9,-2,0,1,1,2,1,matsu,walk,matsu
1.57E+15,4,-1,2,2,1,1,2,3,matsu,walk,matsu
1.57E+15,-1,-5,-7,-2,-3,-4,-2,0,matsu,walk,matsu
1.57E+15,-6,-4,-1,-2,-1,-2,-2,-11,matsu,walk,matsu
1.57E+15,6,7,9,-1,0,-1,1,3,matsu,walk,matsu
1.57E+15,3,-7,-7,-1,3,-1,0,0,matsu,walk,matsu
1.57E+15,-8,-1,-1,-2,0,0,-2,-5,matsu,walk,matsu
1.57E+15,-4,-1,-1,-1,0,1,1,3,matsu,walk,matsu
1.57E+15,1,-1,-1,0,-2,-1,1,1,matsu,walk,matsu
1.57E+15,1,-6,-1,1,-1,-1,2,-1,matsu,walk,matsu
1.57E+15,1,-4,-4,1,-1,-1,-4,1,matsu,walk,matsu
1.57E+15,2,5,-1,-2,-1,-2,7,0,matsu,walk,matsu
1.57E+15,-7,1,0,-1,-2,-2,-3,-3,matsu,walk,matsu
1.57E+15,1,-1,-3,2,1,0,0,0,matsu,walk,matsu
1.57E+15,-3,-4,-3,-2,-2,0,0,-1,matsu,walk,matsu
1.57E+15,4,3,1,0,-1,-1,-3,3,matsu,walk,matsu
1.57E+15,-1,-3,-3,-1,-2,0,2,-1,matsu,walk,matsu
1.57E+15,-2,0,3,1,0,-1,-1,-3,matsu,walk,matsu
1.57E+15,1,2,1,-1,0,-2,1,2,matsu,walk,matsu
1.57E+15,3,-1,-3,0,0,0,-3,2,matsu,walk,matsu
1.57E+15,3,3,6,2,1,-1,-1,1,matsu,walk,matsu
1.57E+15,-5,-2,-3,1,-1,-2,-9,-6,matsu,walk,matsu
1.57E+15,-11,-49,-46,-10,-5,-4,-4,-6,matsu,walk,matsu
1.57E+15,10,-2,5,-2,-1,0,0,10,matsu,walk,matsu
1.57E+15,28,10,10,2,0,1,5,37,matsu,walk,matsu
1.57E+15,-4,-1,-14,0,1,2,10,-7,matsu,walk,matsu
1.57E+15,-50,-7,12,-1,-6,-10,-15,-71,matsu,walk,matsu
1.57E+15,-2,12,-2,-2,0,-1,-3,1,matsu,walk,matsu
1.57E+15,3,-7,-8,-3,-1,2,1,9,matsu,walk,matsu
1.57E+15,60,19,22,10,8,21,51,84,matsu,walk,matsu
1.57E+15,14,31,32,9,12,7,27,25,matsu,walk,matsu
1.57E+15,-61,-26,-72,-21,-11,-22,-27,-96,matsu,walk,matsu
1.57E+15,-43,-5,8,-4,-7,-6,-14,-15,matsu,walk,matsu
1.57E+15,0,-16,-14,0,3,5,33,8,matsu,walk,matsu
1.57E+15,27,2,31,-2,-8,1,27,39,matsu,walk,matsu
1.57E+15,-10,7,9,26,6,-3,-58,-5,matsu,walk,matsu
1.57E+15,48,21,15,1,10,8,13,-49,matsu,walk,matsu
1.57E+15,12,17,-26,-5,-4,3,15,14,matsu,walk,matsu
1.57E+15,82,24,38,10,24,56,118,119,matsu,walk,matsu
1.57E+15,-62,2,44,5,-31,-76,-99,-91,matsu,walk,matsu
1.57E+15,-77,-23,-38,-3,-9,-20,14,1,matsu,walk,matsu
1.57E+15,-36,-71,-58,-12,-4,2,29,10,matsu,walk,matsu
1.57E+15,104,29,40,-2,4,26,87,91,matsu,walk,matsu
1.57E+15,-36,-33,-59,-16,-6,-9,49,-14,matsu,walk,matsu
1.57E+15,-80,-16,20,-11,-23,-53,-84,-72,matsu,walk,matsu
1.57E+15,74,41,23,5,4,7,66,53,matsu,walk,matsu
1.57E+15,-66,-37,-48,-15,-15,-29,-75,-53,matsu,walk,matsu
1.57E+15,25,21,32,2,9,33,37,21,matsu,walk,matsu
1.57E+15,9,-10,-21,-14,-10,-11,-5,-28,matsu,walk,matsu
1.57E+15,10,22,11,24,20,29,30,-4,matsu,walk,matsu
1.57E+15,-13,-20,-11,-8,-11,-32,-36,-47,matsu,walk,matsu
1.57E+15,-43,9,33,0,4,18,65,-50,matsu,walk,matsu
1.57E+15,20,-16,-82,-6,-1,3,-21,21,matsu,walk,matsu
1.57E+15,-34,-2,49,-3,-9,-30,-101,-71,matsu,walk,matsu
1.57E+15,9,21,1,12,5,13,16,6,matsu,walk,matsu
1.57E+15,27,-5,-6,-5,5,4,-7,59,matsu,walk,matsu
1.57E+15,-2,-29,3,-4,7,25,65,49,matsu,walk,matsu
1.57E+15,19,35,2,-3,3,13,19,2,matsu,walk,matsu
1.57E+15,-28,-13,-14,2,-5,-19,-49,-20,matsu,walk,matsu
1.57E+15,25,5,-5,-7,-1,2,-7,35,matsu,walk,matsu
1.57E+15,36,26,12,12,9,20,25,41,matsu,walk,matsu
1.57E+15,-26,-12,-2,-7,-8,-18,-34,-32,matsu,walk,matsu
1.57E+15,-8,3,-12,-2,-3,-16,-31,-29,matsu,walk,matsu
1.57E+15,19,1,4,7,9,17,30,38,matsu,walk,matsu
1.57E+15,9,14,16,2,5,9,32,13,matsu,walk,matsu
1.57E+15,-29,-19,-1,-8,-14,-28,-56,-7,matsu,walk,matsu
1.57E+15,-8,7,-8,-1,-1,4,-1,5,matsu,walk,matsu
1.57E+15,48,3,1,3,10,24,34,35,matsu,walk,matsu
1.57E+15,-6,-11,5,-2,-8,-16,0,-11,matsu,walk,matsu
1.57E+15,-20,-8,-7,-7,-6,-8,-16,-23,matsu,walk,matsu
1.57E+15,2,-2,-8,2,2,3,1,3,matsu,walk,matsu
1.57E+15,20,18,2,0,0,-1,7,21,matsu,walk,matsu
1.57E+15,-7,-25,8,2,1,3,3,-6,matsu,walk,matsu
1.57E+15,-1,7,-14,-3,-5,-2,3,21,matsu,walk,matsu
1.57E+15,-14,-13,-5,-1,-1,-3,-10,-38,matsu,walk,matsu
1.57E+15,-1,-12,4,0,0,0,11,2,matsu,walk,matsu
1.57E+15,7,17,5,-1,2,5,2,8,matsu,walk,matsu
1.57E+15,3,-3,5,-2,0,-1,2,5,matsu,walk,matsu
1.57E+15,-8,12,-1,0,1,0,-2,-12,matsu,walk,matsu
1.57E+15,3,3,8,-7,-3,-3,-4,9,matsu,walk,matsu
1.57E+15,15,-8,2,3,4,4,1,9,matsu,walk,matsu
1.57E+15,-12,5,8,-1,-2,-3,-4,-19,matsu,walk,matsu
1.57E+15,-18,-24,-2,-2,-4,-6,-5,-7,matsu,walk,matsu
1.57E+15,13,0,-18,0,0,0,6,20,matsu,walk,matsu
1.57E+15,8,13,15,0,1,4,-9,-6,matsu,walk,matsu
1.57E+15,-8,-10,-3,-2,-2,-3,-1,-16,matsu,walk,matsu
1.57E+15,-1,20,8,0,0,-2,0,1,matsu,walk,matsu
1.57E+15,6,-14,1,-1,0,0,2,12,matsu,walk,matsu
1.57E+15,2,9,-2,0,0,2,2,-3,matsu,walk,matsu
1.57E+15,-10,-19,-5,-2,-2,-2,-6,-8,matsu,walk,matsu
1.57E+15,1,13,2,-2,-1,-2,-3,5,matsu,walk,matsu
1.57E+15,3,-6,1,-1,-1,1,0,0,matsu,walk,matsu
1.57E+15,0,3,-7,-1,0,-1,0,-1,matsu,walk,matsu
1.57E+15,-4,-17,2,0,-1,-2,0,-2,matsu,walk,matsu
1.57E+15,-7,-5,-11,-1,-1,-1,-2,0,matsu,walk,matsu
1.57E+15,-1,-7,-4,-1,0,-1,1,-4,matsu,walk,matsu
1.57E+15,-1,8,12,0,-1,0,-2,8,matsu,walk,matsu
1.57E+15,1,1,-5,-1,-2,1,2,3,matsu,walk,matsu
1.57E+15,-1,-4,-7,-1,-1,1,1,1,matsu,walk,matsu
1.57E+15,1,2,0,-1,-1,0,-3,0,matsu,walk,matsu
1.57E+15,-4,-2,-3,-2,0,-2,-2,-8,matsu,walk,matsu
1.57E+15,-1,0,-3,-1,-2,-1,-2,-6,matsu,walk,matsu
1.57E+15,-9,1,-1,-2,-1,-3,-2,-2,matsu,walk,matsu
1.57E+15,6,5,6,0,-3,1,3,10,matsu,walk,matsu
1.57E+15,0,0,12,2,2,0,3,1,matsu,walk,matsu
1.57E+15,-1,7,-13,-2,0,-4,0,-3,matsu,walk,matsu
1.57E+15,1,10,-4,-2,-1,-2,-4,0,matsu,walk,matsu
1.57E+15,-1,-16,21,-1,0,0,0,-1,matsu,walk,matsu
1.57E+15,1,5,-35,-1,0,2,0,-1,matsu,walk,matsu
1.57E+15,-5,-3,8,-2,-1,-1,-3,-4,matsu,walk,matsu
1.57E+15,0,1,-18,-4,-1,-3,-2,-2,matsu,walk,matsu
1.57E+15,-1,3,7,0,0,0,0,-1,matsu,walk,matsu
1.57E+15,2,6,14,2,-1,-2,2,-1,matsu,walk,matsu
1.57E+15,3,3,17,3,2,2,4,8,matsu,walk,matsu
1.57E+15,-1,-6,-11,0,-1,-3,-5,-6,matsu,walk,matsu
1.57E+15,-3,-7,-11,-4,-5,-2,-1,1,matsu,walk,matsu
1.57E+15,3,-5,1,0,2,1,-1,-1,matsu,walk,matsu
1.57E+15,-1,2,-6,-1,-3,-2,-1,-2,matsu,walk,matsu
1.57E+15,-2,-10,8,0,1,0,0,-2,matsu,walk,matsu
1.57E+15,2,11,-6,-1,-1,-2,-1,-6,matsu,walk,matsu
1.57E+15,1,-2,-2,-2,-3,-2,-1,0,matsu,walk,matsu
1.57E+15,-2,-14,5,0,-1,0,-1,-3,matsu,walk,matsu
1.57E+15,4,17,39,7,2,1,1,1,matsu,walk,matsu
1.57E+15,-15,-52,-38,-10,-3,-4,-3,-4,matsu,walk,matsu
1.57E+15,0,26,5,-4,-2,-1,1,2,matsu,walk,matsu
1.57E+15,-1,-2,20,-1,-2,-1,-2,-3,matsu,walk,matsu
1.57E+15,7,3,16,3,2,1,2,3,matsu,walk,matsu
1.57E+15,11,28,11,7,1,1,0,-2,matsu,walk,matsu
1.57E+15,5,-40,-21,-5,-1,-3,-2,15,matsu,walk,matsu
1.57E+15,-14,22,-19,-5,-3,-4,0,-10,matsu,walk,matsu
1.57E+15,2,-7,-4,-2,-1,-2,-1,6,matsu,walk,matsu
1.57E+15,13,21,11,3,2,3,-1,9,matsu,walk,matsu
1.57E+15,-4,-10,3,3,0,0,4,6,matsu,walk,matsu
1.57E+15,-8,14,1,0,-1,-3,-7,-33,matsu,walk,matsu
1.57E+15,-10,-5,-8,-3,-3,-4,-2,9,matsu,walk,matsu
1.57E+15,6,-3,-11,-1,1,0,6,21,matsu,walk,matsu
1.57E+15,5,3,2,1,2,1,2,-7,matsu,walk,matsu
1.57E+15,-2,-14,8,-1,-1,-1,-10,-6,matsu,walk,matsu
1.57E+15,21,-6,-17,-5,-1,6,2,19,matsu,walk,matsu
1.57E+15,23,-2,1,3,1,3,82,53,matsu,walk,matsu
1.57E+15,-50,6,13,-5,-8,-22,-88,-92,matsu,walk,matsu
1.57E+15,-41,-18,-21,-8,-13,-18,-26,-10,matsu,walk,matsu
1.57E+15,1,12,-3,9,12,29,43,43,matsu,walk,matsu
1.57E+15,-6,-5,23,2,0,-1,68,29,matsu,walk,matsu
1.57E+15,29,-3,-44,-19,-6,-21,-65,-68,matsu,walk,matsu
1.57E+15,8,26,17,3,5,17,-24,57,matsu,walk,matsu
1.57E+15,29,-6,-27,7,4,2,53,34,matsu,walk,matsu
1.57E+15,-10,-24,10,-11,-10,-13,-13,-63,matsu,walk,matsu
1.57E+15,-99,8,14,16,13,24,73,-29,matsu,walk,matsu
1.57E+15,61,-24,-69,-27,0,6,-14,71,matsu,walk,matsu
1.57E+15,12,40,32,-2,3,-9,-78,-4,matsu,walk,matsu
1.57E+15,9,4,-23,-16,-28,-34,-86,-73,matsu,walk,matsu
1.57E+15,23,-56,-39,-9,-15,-11,-77,-12,matsu,walk,matsu
1.57E+15,7,15,12,-2,-3,-9,78,17,matsu,walk,matsu
1.57E+15,45,21,-17,14,20,17,81,55,matsu,walk,matsu
1.57E+15,-70,7,47,6,-12,-19,-73,-54,matsu,walk,matsu
1.57E+15,28,-9,-61,-10,7,14,46,40,matsu,walk,matsu
1.57E+15,-104,-53,1,-19,-38,-73,-54,-87,matsu,walk,matsu
1.57E+15,60,6,54,0,0,15,86,98,matsu,walk,matsu
1.57E+15,-57,-16,9,-4,8,8,-8,-46,matsu,walk,matsu
1.57E+15,24,12,40,27,0,-3,55,38,matsu,walk,matsu
1.57E+15,78,20,1,7,18,24,-37,63,matsu,walk,matsu
1.57E+15,-36,3,9,10,2,2,-6,-128,matsu,walk,matsu
1.57E+15,-58,-6,-46,-13,-15,-39,-90,-66,matsu,walk,matsu
1.57E+15,-14,11,30,3,2,13,55,-32,matsu,walk,matsu
1.57E+15,-2,-30,-40,8,9,7,27,13,matsu,walk,matsu
1.57E+15,2,-20,29,-12,-15,-21,-53,-39,matsu,walk,matsu
1.57E+15,5,-2,-51,-6,15,46,78,87,matsu,walk,matsu
1.57E+15,22,-33,-59,-25,-8,-30,-77,-38,matsu,walk,matsu
1.57E+15,-32,21,53,6,-1,-7,-25,-50,matsu,walk,matsu
1.57E+15,-11,2,27,3,-7,8,18,-16,matsu,walk,matsu
1.57E+15,47,18,12,12,8,15,21,53,matsu,walk,matsu
1.57E+15,-1,22,27,2,0,-5,-8,23,matsu,walk,matsu
1.57E+15,55,12,24,8,7,26,69,49,matsu,walk,matsu
1.57E+15,-105,-35,-52,-16,-11,-29,-89,-60,matsu,walk,matsu
1.57E+15,19,4,13,3,3,1,10,-8,matsu,walk,matsu
1.57E+15,-2,8,21,-1,-2,3,7,42,matsu,walk,matsu
1.57E+15,16,8,-1,6,6,14,21,-11,matsu,walk,matsu
1.57E+15,0,-25,-19,-6,-8,-14,-24,19,matsu,walk,matsu
1.57E+15,23,0,-7,0,1,-1,-10,4,matsu,walk,matsu
1.57E+15,2,10,34,7,3,12,23,27,matsu,walk,matsu
1.57E+15,-1,2,-4,2,0,4,24,-12,matsu,walk,matsu
1.57E+15,-12,0,-20,-10,-5,-10,-17,-85,matsu,walk,matsu
1.57E+15,1,7,13,1,2,1,1,63,matsu,walk,matsu
1.57E+15,17,-9,3,1,3,9,16,8,matsu,walk,matsu
1.57E+15,-1,16,12,3,0,-3,-3,2,matsu,walk,matsu
1.57E+15,-10,-5,-1,-3,-2,-5,-9,0,matsu,walk,matsu
1.57E+15,13,14,-3,0,2,8,17,2,matsu,walk,matsu
1.57E+15,4,-8,3,1,0,-1,4,25,matsu,walk,matsu
1.57E+15,-8,1,17,0,-1,-6,-13,-6,matsu,walk,matsu
1.57E+15,0,-31,-34,1,-2,0,8,3,matsu,walk,matsu
1.57E+15,21,33,57,4,5,5,7,12,matsu,walk,matsu
1.57E+15,-11,6,-78,-6,-3,-4,4,11,matsu,walk,matsu
1.57E+15,-19,-69,-13,-4,-2,-3,-7,-16,matsu,walk,matsu
1.57E+15,2,7,28,-5,-2,1,-5,13,matsu,walk,matsu
1.57E+15,6,-11,-19,4,3,0,1,-1,matsu,walk,matsu
1.57E+15,7,24,34,4,1,3,9,3,matsu,walk,matsu
1.57E+15,5,23,1,1,0,2,1,5,matsu,walk,matsu
1.57E+15,-3,-4,-2,-4,-4,-4,1,5,matsu,walk,matsu
1.57E+15,4,-14,-13,-2,0,-3,-7,1,matsu,walk,matsu
1.57E+15,1,7,18,1,-2,2,9,6,matsu,walk,matsu
1.57E+15,-3,6,-15,-1,2,1,1,-13,matsu,walk,matsu
1.57E+15,-4,1,3,-1,-1,-4,-7,13,matsu,walk,matsu
1.57E+15,0,1,-6,-1,0,2,-2,-13,matsu,walk,matsu
1.57E+15,1,-2,3,-1,-2,0,2,7,matsu,walk,matsu
1.57E+15,-2,-4,6,-1,-3,-2,-3,-6,matsu,walk,matsu
1.57E+15,-1,9,-10,-2,0,-2,-3,4,matsu,walk,matsu
1.57E+15,0,-4,-2,-1,0,-1,1,-2,matsu,walk,matsu
1.57E+15,-2,-6,13,0,-1,-1,2,2,matsu,walk,matsu
1.57E+15,-1,-4,-7,-3,-4,-2,-7,-4,matsu,walk,matsu
1.57E+15,1,2,-4,-1,-2,0,4,3,matsu,walk,matsu
1.57E+15,5,-5,-3,1,0,1,1,-5,matsu,walk,matsu
1.57E+15,-8,-4,13,0,0,-1,-2,6,matsu,walk,matsu
1.57E+15,-4,8,-3,0,1,0,2,-6,matsu,walk,matsu
1.57E+15,0,-12,-8,-1,-1,-1,-2,2,matsu,walk,matsu
1.57E+15,2,5,0,-1,0,-1,-3,0,matsu,walk,matsu
1.57E+15,1,-6,-7,-2,0,-3,-1,2,matsu,walk,matsu
1.57E+15,0,3,3,-1,-1,2,0,-2,matsu,walk,matsu
1.57E+15,3,3,4,0,2,1,1,2,matsu,walk,matsu
1.57E+15,-1,-3,-2,0,0,-1,-1,-2,matsu,walk,matsu
1.57E+15,-4,1,6,-1,-2,-2,-2,5,matsu,walk,matsu
1.57E+15,-2,8,-1,0,-1,-1,-1,-5,matsu,walk,matsu
1.57E+15,1,-2,-5,-1,-2,-3,-2,3,matsu,walk,matsu
1.57E+15,-1,0,-2,0,-3,3,0,-1,matsu,walk,matsu
1.57E+15,4,6,8,0,1,0,2,2,matsu,walk,matsu
1.57E+15,0,-7,-4,-1,-1,-2,-1,-2,matsu,walk,matsu
1.57E+15,-1,2,-2,-1,-1,0,-2,2,matsu,walk,matsu
1.57E+15,-2,-2,-2,0,0,0,0,-1,matsu,walk,matsu
1.57E+15,0,-2,2,-3,-3,-1,0,-2,matsu,walk,matsu
,,,,,,,,,,,
1.57E+15,-1,0,-5,-4,-1,0,-2,1,matsu,walk,matsu
1.57E+15,-2,2,-4,0,0,1,3,2,matsu,walk,matsu
1.57E+15,4,0,2,1,-3,-1,-1,0,matsu,walk,matsu
1.57E+15,6,7,4,0,-1,-1,-5,0,matsu,walk,matsu
1.57E+15,-3,-8,-5,-2,-3,-2,11,4,matsu,walk,matsu
1.57E+15,-8,7,-2,-2,-5,-4,-20,-15,matsu,walk,matsu
1.57E+15,-9,-6,-2,-1,-1,1,1,-3,matsu,walk,matsu
1.57E+15,-6,-2,0,-3,1,2,2,-1,matsu,walk,matsu
1.57E+15,2,6,0,1,1,1,1,4,matsu,walk,matsu
1.57E+15,6,4,4,2,0,1,8,9,matsu,walk,matsu
1.57E+15,2,-3,-6,-3,-1,-4,-2,-6,matsu,walk,matsu
1.57E+15,-3,-7,-2,-2,-3,-2,-3,-3,matsu,walk,matsu
1.57E+15,-3,0,-3,-1,0,-2,-3,-1,matsu,walk,matsu
1.57E+15,1,-2,1,-1,-2,-2,-1,1,matsu,walk,matsu
1.57E+15,0,-2,5,-2,1,0,-4,-1,matsu,walk,matsu
1.57E+15,0,-4,-6,-1,-1,-1,3,2,matsu,walk,matsu
1.57E+15,2,0,-3,-1,-1,0,-2,1,matsu,walk,matsu
1.57E+15,3,-1,1,0,1,1,9,5,matsu,walk,matsu
1.57E+15,-2,-1,1,2,0,1,17,3,matsu,walk,matsu
1.57E+15,-7,-5,-4,-2,-3,-4,-23,-16,matsu,walk,matsu
1.57E+15,-7,-2,0,-1,-3,-2,-5,-6,matsu,walk,matsu
1.57E+15,1,0,-4,-3,-1,-1,-2,1,matsu,walk,matsu
1.57E+15,15,5,1,1,1,3,17,21,matsu,walk,matsu
1.57E+15,6,-4,2,-2,1,-3,-7,-1,matsu,walk,matsu
1.57E+15,-9,9,-3,-1,3,0,2,-3,matsu,walk,matsu
1.57E+15,-3,-5,-2,-2,-2,-1,-6,-33,matsu,walk,matsu
1.57E+15,-6,0,-1,-3,-3,-1,2,7,matsu,walk,matsu
1.57E+15,5,1,0,6,1,3,0,6,matsu,walk,matsu
1.57E+15,-10,-19,0,-3,-3,-7,-14,-18,matsu,walk,matsu
1.57E+15,4,0,6,1,3,4,29,20,matsu,walk,matsu
1.57E+15,3,-6,-27,-7,0,-5,-43,-8,matsu,walk,matsu
1.57E+15,8,9,31,-2,-6,-5,-14,19,matsu,walk,matsu
1.57E+15,-30,19,-24,16,4,-6,1,-44,matsu,walk,matsu
1.57E+15,-7,-20,-2,-9,-8,-6,-9,-4,matsu,walk,matsu
1.57E+15,8,16,11,0,0,4,-13,-15,matsu,walk,matsu
1.57E+15,-2,-12,-6,0,10,22,74,57,matsu,walk,matsu
1.57E+15,13,1,21,7,-1,0,-36,26,matsu,walk,matsu
1.57E+15,-17,3,5,1,0,-11,-9,-33,matsu,walk,matsu
1.57E+15,5,-25,-23,-11,-11,-6,39,20,matsu,walk,matsu
1.57E+15,42,35,33,18,20,38,104,69,matsu,walk,matsu
1.57E+15,-76,-16,-30,-16,-20,-52,-93,-99,matsu,walk,matsu
1.57E+15,70,12,1,1,5,18,104,115,matsu,walk,matsu
1.57E+15,-2,-59,-16,-7,-3,-5,6,22,matsu,walk,matsu
1.57E+15,-94,-63,-53,-35,-41,-62,-90,-92,matsu,walk,matsu
1.57E+15,-3,-10,8,1,-1,19,75,31,matsu,walk,matsu
1.57E+15,49,16,11,4,5,-7,-33,23,matsu,walk,matsu
1.57E+15,66,44,35,5,-1,1,-30,5,matsu,walk,matsu
1.57E+15,7,-1,13,25,18,24,77,-21,matsu,walk,matsu
1.57E+15,-14,-28,-39,-24,-20,-39,-72,-7,matsu,walk,matsu
1.57E+15,-2,11,58,-9,-8,-14,9,49,matsu,walk,matsu
1.57E+15,19,7,-11,8,5,9,32,23,matsu,walk,matsu
1.57E+15,57,29,69,19,14,33,32,71,matsu,walk,matsu
1.57E+15,78,94,63,15,24,59,127,63,matsu,walk,matsu
1.57E+15,-34,-98,-85,-3,0,-14,-65,-115,matsu,walk,matsu
1.57E+15,-46,19,19,-13,-6,-18,-33,-40,matsu,walk,matsu
1.57E+15,-43,10,-5,-12,-8,-23,-36,-69,matsu,walk,matsu
1.57E+15,-6,-28,-44,3,1,13,9,-8,matsu,walk,matsu
1.57E+15,-9,-7,-4,-21,-7,11,26,45,matsu,walk,matsu
1.57E+15,-33,5,8,10,-1,-11,-3,-47,matsu,walk,matsu
1.57E+15,45,23,-30,-7,-17,-46,-110,-70,matsu,walk,matsu
1.57E+15,13,-12,-20,-11,3,10,41,8,matsu,walk,matsu
1.57E+15,17,28,9,17,16,34,87,58,matsu,walk,matsu
1.57E+15,-38,-18,-11,-3,-16,-35,-48,-36,matsu,walk,matsu
1.57E+15,-9,7,0,-6,1,4,35,16,matsu,walk,matsu
1.57E+15,23,1,19,6,-1,-2,-11,29,matsu,walk,matsu
1.57E+15,-9,5,-11,-2,-3,-1,-14,-19,matsu,walk,matsu
1.57E+15,6,2,17,6,7,15,36,24,matsu,walk,matsu
1.57E+15,9,-7,-12,-1,-1,1,-7,2,matsu,walk,matsu
1.57E+15,2,-11,1,-5,-3,-5,-4,29,matsu,walk,matsu
1.57E+15,-20,-6,-2,0,-5,-7,-24,-34,matsu,walk,matsu
1.57E+15,-2,7,2,-2,0,-1,-10,-7,matsu,walk,matsu
1.57E+15,-7,-12,-17,-6,0,-1,-14,-1,matsu,walk,matsu
1.57E+15,5,-11,5,-1,0,1,-1,-16,matsu,walk,matsu
1.57E+15,-11,18,8,1,-3,-8,-8,-1,matsu,walk,matsu
1.57E+15,15,5,-1,0,2,5,5,-35,matsu,walk,matsu
1.57E+15,-3,-10,-15,-6,-4,2,7,20,matsu,walk,matsu
1.57E+15,2,7,18,3,2,5,15,10,matsu,walk,matsu
1.57E+15,-3,5,0,1,-3,-9,-34,-12,matsu,walk,matsu
1.57E+15,2,0,-1,1,2,5,21,31,matsu,walk,matsu
1.57E+15,-10,-29,-39,-5,-2,-4,-3,2,matsu,walk,matsu
1.57E+15,3,-2,11,1,0,-3,-5,-1,matsu,walk,matsu
1.57E+15,-2,10,0,1,-2,-3,0,-18,matsu,walk,matsu
1.57E+15,-3,6,-1,-1,1,5,12,17,matsu,walk,matsu
1.57E+15,0,5,20,0,-1,-1,-1,8,matsu,walk,matsu
1.57E+15,4,1,-10,-5,-3,-4,-2,7,matsu,walk,matsu
1.57E+15,-14,-28,-15,-4,-3,-3,-3,-16,matsu,walk,matsu
1.57E+15,2,10,10,2,-1,2,8,9,matsu,walk,matsu
1.57E+15,2,-15,-24,-1,0,0,6,2,matsu,walk,matsu
1.57E+15,2,2,16,1,0,0,-2,0,matsu,walk,matsu
1.57E+15,-2,7,2,0,-2,-2,-2,-3,matsu,walk,matsu
1.57E+15,0,2,1,0,0,4,5,2,matsu,walk,matsu
1.57E+15,-2,1,3,-1,-2,-3,-1,4,matsu,walk,matsu
1.57E+15,0,-6,-7,0,-1,-1,-1,-3,matsu,walk,matsu
1.57E+15,-6,0,6,-1,-2,-2,-4,-7,matsu,walk,matsu
1.57E+15,1,-3,-11,-1,1,4,6,8,matsu,walk,matsu
1.57E+15,-1,0,-1,-1,1,2,1,-4,matsu,walk,matsu
1.57E+15,4,0,0,-4,-1,-3,-1,2,matsu,walk,matsu
1.57E+15,-2,15,7,0,-1,-3,0,-2,matsu,walk,matsu
1.57E+15,-7,-8,-5,1,2,0,5,0,matsu,walk,matsu
1.57E+15,1,-1,-8,-1,-1,-1,-1,0,matsu,walk,matsu
1.57E+15,-5,11,5,-2,-2,-4,-3,-4,matsu,walk,matsu
1.57E+15,3,-4,-1,1,0,-1,-3,8,matsu,walk,matsu
1.57E+15,4,-7,-7,-5,-1,2,6,0,matsu,walk,matsu
1.57E+15,-25,1,7,-2,-2,-4,-5,-14,matsu,walk,matsu
1.57E+15,3,18,-2,0,1,0,0,4,matsu,walk,matsu
1.57E+15,14,-3,-3,-4,-4,-1,0,3,matsu,walk,matsu
1.57E+15,14,27,18,5,5,4,4,3,matsu,walk,matsu
1.57E+15,-19,-35,-4,-1,-3,-4,-4,-2,matsu,walk,matsu
1.57E+15,-10,-3,14,-2,-2,-3,-4,-24,matsu,walk,matsu
1.57E+15,-7,16,-17,-1,0,-2,-2,0,matsu,walk,matsu
1.57E+15,1,-19,-4,-5,-4,-1,-3,7,matsu,walk,matsu
1.57E+15,14,18,5,-3,-2,-1,3,9,matsu,walk,matsu
1.57E+15,-3,-10,-1,3,0,-1,1,-1,matsu,walk,matsu
1.57E+15,4,17,20,5,1,1,-3,-4,matsu,walk,matsu
1.57E+15,-5,-15,-13,0,0,4,8,8,matsu,walk,matsu
1.57E+15,-9,-7,-26,-10,-5,0,22,8,matsu,walk,matsu
1.57E+15,-5,-16,1,-5,-7,-8,-11,-13,matsu,walk,matsu
1.57E+15,11,31,29,5,4,4,-5,2,matsu,walk,matsu
1.57E+15,10,5,37,4,0,-11,-47,-25,matsu,walk,matsu
1.57E+15,-6,-33,-71,-1,2,5,20,8,matsu,walk,matsu
1.57E+15,3,-15,-15,-7,-1,1,-1,11,matsu,walk,matsu
1.57E+15,5,9,-1,-3,-1,0,3,1,matsu,walk,matsu
1.57E+15,-7,-2,34,1,1,4,7,8,matsu,walk,matsu
1.57E+15,19,27,38,8,6,11,17,-12,matsu,walk,matsu
1.57E+15,2,-25,-6,4,0,1,6,-4,matsu,walk,matsu
1.57E+15,-32,-16,-19,-7,-6,-15,-49,-32,matsu,walk,matsu
1.57E+15,-12,-2,-1,0,-3,1,0,2,matsu,walk,matsu
1.57E+15,-5,6,16,-1,0,-4,-7,-13,matsu,walk,matsu
1.57E+15,6,10,-3,4,5,8,31,31,matsu,walk,matsu
1.57E+15,15,-10,-2,2,4,6,29,27,matsu,walk,matsu
1.57E+15,3,-2,-64,-8,-5,-5,-8,-25,matsu,walk,matsu
1.57E+15,-15,-23,22,-6,-5,-2,-9,7,matsu,walk,matsu
1.57E+15,15,-30,-18,1,0,0,-2,7,matsu,walk,matsu
1.57E+15,-21,11,-12,-2,-3,-5,-6,-11,matsu,walk,matsu
1.57E+15,1,11,-13,3,2,2,11,8,matsu,walk,matsu
1.57E+15,23,-5,10,4,4,2,6,24,matsu,walk,matsu
1.57E+15,8,21,23,1,-2,-6,-21,-3,matsu,walk,matsu
1.57E+15,-10,-22,-7,0,-2,-1,6,-28,matsu,walk,matsu
1.57E+15,-42,-5,-4,-7,-8,-9,-11,-23,matsu,walk,matsu
1.57E+15,-9,-17,0,-5,-7,-11,2,22,matsu,walk,matsu
1.57E+15,59,15,7,1,6,18,26,67,matsu,walk,matsu
1.57E+15,-49,-12,-12,-2,-4,-23,-30,-85,matsu,walk,matsu
1.57E+15,-10,0,-8,-1,-3,-1,37,32,matsu,walk,matsu
1.57E+15,22,21,19,2,1,3,12,15,matsu,walk,matsu
1.57E+15,49,12,-3,3,6,12,45,86,matsu,walk,matsu
1.57E+15,50,7,18,14,20,40,64,63,matsu,walk,matsu
1.57E+15,-80,12,-5,-10,-27,-58,-101,-86,matsu,walk,matsu
1.57E+15,-9,-7,15,-1,4,12,15,3,matsu,walk,matsu
1.57E+15,-52,-12,-20,-5,-6,0,-3,-88,matsu,walk,matsu
1.57E+15,20,19,14,-6,-8,-12,-54,34,matsu,walk,matsu
1.57E+15,85,25,32,24,21,24,32,63,matsu,walk,matsu
1.57E+15,-15,-51,-69,-17,-19,-8,51,63,matsu,walk,matsu
1.57E+15,-96,-8,-60,-23,-17,-59,-128,-103,matsu,walk,matsu
1.57E+15,4,-2,25,-6,6,35,111,43,matsu,walk,matsu
1.57E+15,4,-22,7,3,-3,-21,-40,20,matsu,walk,matsu
1.57E+15,71,48,-15,11,10,5,-22,10,matsu,walk,matsu
1.57E+15,-20,-38,17,-21,-11,-8,-18,6,matsu,walk,matsu
1.57E+15,1,6,-29,-9,4,16,66,14,matsu,walk,matsu
1.57E+15,9,6,-13,0,-8,-13,-46,-49,matsu,walk,matsu
1.57E+15,-1,15,26,2,16,37,72,-7,matsu,walk,matsu
1.57E+15,-29,-3,14,10,-8,-30,-98,-75,matsu,walk,matsu
1.57E+15,-22,-6,-16,0,-4,-5,77,-20,matsu,walk,matsu
1.57E+15,62,24,27,-5,4,1,-50,7,matsu,walk,matsu
1.57E+15,-51,0,-46,-5,-10,-25,-58,-17,matsu,walk,matsu
1.57E+15,7,31,34,15,9,26,79,50,matsu,walk,matsu
1.57E+15,10,-41,11,-2,-1,2,-3,19,matsu,walk,matsu
1.57E+15,3,14,-24,8,11,24,60,43,matsu,walk,matsu
1.57E+15,-3,-4,15,-11,-8,-18,-45,-31,matsu,walk,matsu
1.57E+15,15,0,3,-1,3,16,38,33,matsu,walk,matsu
1.57E+15,0,5,9,0,-7,-21,-59,0,matsu,walk,matsu
1.57E+15,-20,-28,-16,-9,-2,0,25,-13,matsu,walk,matsu
1.57E+15,7,22,28,7,5,2,-16,-15,matsu,walk,matsu
1.57E+15,-1,9,-4,1,0,4,29,6,matsu,walk,matsu
1.57E+15,5,-9,-2,5,-1,-4,-21,-54,matsu,walk,matsu
1.57E+15,-5,-10,-5,-6,0,8,13,21,matsu,walk,matsu
1.57E+15,-9,1,-2,-1,-5,-15,-17,-13,matsu,walk,matsu
1.57E+15,17,1,14,7,2,0,33,18,matsu,walk,matsu
1.57E+15,-6,2,-16,-5,-6,-14,-34,-7,matsu,walk,matsu
1.57E+15,-1,-21,-2,-6,1,8,34,17,matsu,walk,matsu
1.57E+15,-7,9,12,3,0,0,-16,-45,matsu,walk,matsu
1.57E+15,5,-8,-11,-3,0,5,17,-19,matsu,walk,matsu
1.57E+15,3,9,7,-3,-6,-14,-53,-30,matsu,walk,matsu
1.57E+15,-13,-22,-18,-5,0,8,37,0,matsu,walk,matsu
1.57E+15,3,-13,8,2,0,-2,-12,9,matsu,walk,matsu
1.57E+15,8,12,2,2,3,2,-4,12,matsu,walk,matsu
1.57E+15,-13,-16,-12,-4,-1,0,2,-7,matsu,walk,matsu
1.57E+15,1,-3,15,1,1,2,3,12,matsu,walk,matsu
1.57E+15,2,11,0,2,1,2,2,-2,matsu,walk,matsu
1.57E+15,-2,7,-5,-2,-2,1,-1,-14,matsu,walk,matsu
1.57E+15,-4,-15,2,-2,-4,-7,-12,20,matsu,walk,matsu
1.57E+15,-4,-2,-1,-2,-1,-1,7,-7,matsu,walk,matsu
1.57E+15,5,0,-2,1,3,0,4,7,matsu,walk,matsu
1.57E+15,-2,-1,3,0,-1,-1,2,12,matsu,walk,matsu
1.57E+15,-9,16,1,-2,-3,-7,-19,-20,matsu,walk,matsu
1.57E+15,-3,-2,3,-1,0,3,9,-11,matsu,walk,matsu
1.57E+15,3,13,8,-1,0,-1,6,3,matsu,walk,matsu
1.57E+15,4,-23,-8,-1,-2,-4,-9,12,matsu,walk,matsu
1.57E+15,3,0,-3,-2,2,0,-4,-1,matsu,walk,matsu
1.57E+15,-8,0,-5,-2,-2,-1,7,0,matsu,walk,matsu
1.57E+15,0,8,12,0,-2,-3,-2,-4,matsu,walk,matsu
1.57E+15,1,-6,-13,-1,-1,-2,-3,-3,matsu,walk,matsu
1.57E+15,3,2,-1,0,-1,0,-1,18,matsu,walk,matsu
1.57E+15,1,5,4,-2,0,2,6,-1,matsu,walk,matsu
1.57E+15,0,-6,-3,0,0,-5,-6,0,matsu,walk,matsu
1.57E+15,8,0,2,0,0,2,-1,4,matsu,walk,matsu
1.57E+15,5,-3,-2,0,1,1,2,14,matsu,walk,matsu
1.57E+15,-10,12,-1,-3,-3,-4,-5,2,matsu,walk,matsu
1.57E+15,-23,-22,-12,-1,-2,-2,-2,-18,matsu,walk,matsu
1.57E+15,0,2,2,-2,-1,0,1,1,matsu,walk,matsu
1.57E+15,4,4,6,4,0,-2,-1,13,matsu,walk,matsu
1.57E+15,7,2,-10,1,2,1,3,4,matsu,walk,matsu
1.57E+15,5,-4,2,-3,-3,-1,0,3,matsu,walk,matsu
1.57E+15,4,9,3,-1,-1,-2,0,-3,matsu,walk,matsu
1.57E+15,-4,1,-1,-1,-2,-1,-5,0,matsu,walk,matsu
1.57E+15,-9,-14,-4,-2,-3,0,2,-6,matsu,walk,matsu
1.57E+15,2,2,-2,-1,-1,-2,0,5,matsu,walk,matsu
1.57E+15,-1,5,2,0,1,-1,-3,-5,matsu,walk,matsu
1.57E+15,-3,-8,-5,-1,1,-1,-2,2,matsu,walk,matsu
1.57E+15,2,0,1,-2,-2,-1,2,0,matsu,walk,matsu
1.57E+15,5,2,0,1,-2,0,0,0,matsu,walk,matsu
1.57E+15,-1,-3,2,-1,-2,0,-2,2,matsu,walk,matsu
1.57E+15,-5,-8,-7,-1,0,-1,0,2,matsu,walk,matsu
1.57E+15,2,-1,1,0,1,-1,2,0,matsu,walk,matsu
1.57E+15,-11,-5,-3,0,-1,-2,-5,-5,matsu,walk,matsu
1.57E+15,-2,5,-2,0,0,-2,1,-1,matsu,walk,matsu
1.57E+15,2,0,-4,-3,-2,-1,-4,-4,matsu,walk,matsu
1.57E+15,-1,-9,-1,-1,-1,0,0,-2,matsu,walk,matsu
1.57E+15,2,17,4,1,1,3,2,1,matsu,walk,matsu
1.57E+15,-2,-17,-3,-1,1,0,0,6,matsu,walk,matsu
1.57E+15,5,-5,-2,-3,-2,-5,-10,2,matsu,walk,matsu
1.57E+15,5,2,1,-1,0,2,13,9,matsu,walk,matsu
1.57E+15,-19,3,-4,-3,-1,-2,-2,-6,matsu,walk,matsu
1.57E+15,-20,2,4,-2,-6,-14,-42,-52,matsu,walk,matsu
1.57E+15,-3,-11,-7,-1,-2,-1,4,14,matsu,walk,matsu
1.57E+15,1,-17,-5,-1,-2,1,-1,-1,matsu,walk,matsu
1.57E+15,21,9,11,3,1,5,13,28,matsu,walk,matsu
1.57E+15,-5,-6,-8,-2,1,1,18,9,matsu,walk,matsu
1.57E+15,-3,5,5,-1,-1,-4,-18,-15,matsu,walk,matsu
1.57E+15,-5,7,-4,-1,-3,0,-1,-4,matsu,walk,matsu
1.57E+15,0,-44,-18,-5,-4,-2,3,7,matsu,walk,matsu
1.57E+15,11,17,23,7,0,0,16,28,matsu,walk,matsu
1.57E+15,8,11,12,0,9,8,19,-13,matsu,walk,matsu
1.57E+15,11,-23,-8,4,-5,-12,-34,-12,matsu,walk,matsu
1.57E+15,-4,12,14,-1,0,-5,-48,-29,matsu,walk,matsu
1.57E+15,-52,-17,-41,-8,-10,-18,-30,-47,matsu,walk,matsu
1.57E+15,-38,6,14,-3,-3,0,3,-8,matsu,walk,matsu
1.57E+15,34,-11,-7,-6,3,20,94,64,matsu,walk,matsu
1.57E+15,77,15,16,11,16,32,98,92,matsu,walk,matsu
1.57E+15,-36,-9,-11,-9,-20,-51,-58,-76,matsu,walk,matsu
1.57E+15,-1,20,-1,-19,-11,3,31,72,matsu,walk,matsu
1.57E+15,-81,-31,12,20,-3,-26,45,-81,matsu,walk,matsu
1.57E+15,27,6,39,9,-1,27,55,-1,matsu,walk,matsu
1.57E+15,-9,-16,-81,-40,10,-8,-35,-54,matsu,walk,matsu
1.57E+15,-33,-34,15,-7,-26,-47,-99,-79,matsu,walk,matsu
1.57E+15,57,30,-22,-20,8,30,66,116,matsu,walk,matsu
1.57E+15,2,52,10,1,4,9,58,-27,matsu,walk,matsu
1.57E+15,20,17,38,22,11,31,58,21,matsu,walk,matsu
1.57E+15,-72,-81,-52,-34,-52,-55,-40,-34,matsu,walk,matsu
1.57E+15,-22,20,16,14,5,-3,-42,-110,matsu,walk,matsu
1.57E+15,-6,28,12,4,5,6,-13,-9,matsu,walk,matsu
1.57E+15,28,3,-16,9,7,32,96,60,matsu,walk,matsu
1.57E+15,11,13,22,5,8,-14,-36,-20,matsu,walk,matsu
1.57E+15,29,24,103,24,-2,-1,16,22,matsu,walk,matsu
1.57E+15,-51,-62,-117,-36,-7,-12,-1,23,matsu,walk,matsu
1.57E+15,20,15,-13,-7,-3,-1,-20,4,matsu,walk,matsu
1.57E+15,26,9,13,17,22,41,59,3,matsu,walk,matsu
1.57E+15,15,8,-3,-6,-3,-4,-10,14,matsu,walk,matsu
1.57E+15,31,2,35,14,3,-9,-49,-31,matsu,walk,matsu
1.57E+15,-58,-15,16,-2,-7,-2,1,8,matsu,walk,matsu
1.57E+15,30,19,-18,12,13,16,40,4,matsu,walk,matsu
1.57E+15,-26,-9,-5,-8,-2,-2,-38,-22,matsu,walk,matsu
1.57E+15,-8,-9,-15,-9,-10,-23,-56,46,matsu,walk,matsu
1.57E+15,39,3,18,9,5,13,0,10,matsu,walk,matsu
1.57E+15,-5,6,6,4,4,17,61,32,matsu,walk,matsu
1.57E+15,-14,-4,-27,-12,-9,-27,-63,-9,matsu,walk,matsu
1.57E+15,-22,-12,3,-2,-6,-9,9,-49,matsu,walk,matsu
1.57E+15,18,1,16,1,-4,-7,-10,82,matsu,walk,matsu
1.57E+15,23,11,6,7,13,17,-7,-30,matsu,walk,matsu
1.57E+15,2,1,-14,-5,1,6,8,-2,matsu,walk,matsu
1.57E+15,-11,-15,-7,-1,-4,-9,-12,0,matsu,walk,matsu
1.57E+15,2,3,21,3,1,5,18,-1,matsu,walk,matsu
1.57E+15,6,7,-10,1,2,5,15,23,matsu,walk,matsu
1.57E+15,-2,-3,-10,-2,-2,0,-10,1,matsu,walk,matsu
1.57E+15,-15,-3,13,2,-2,-9,-18,-28,matsu,walk,matsu
1.57E+15,10,5,8,2,2,4,5,1,matsu,walk,matsu
1.57E+15,10,4,-6,0,3,2,2,30,matsu,walk,matsu
1.57E+15,-5,-9,-9,-4,-2,-4,-19,-19,matsu,walk,matsu
1.57E+15,-12,-8,-14,0,0,-1,-2,-2,matsu,walk,matsu
1.57E+15,4,0,9,0,-4,2,1,-7,matsu,walk,matsu
1.57E+15,10,0,-1,3,1,-3,-6,9,matsu,walk,matsu
1.57E+15,-3,1,-7,-3,0,2,1,-4,matsu,walk,matsu
1.57E+15,-5,7,3,-1,-4,-2,0,-11,matsu,walk,matsu
1.57E+15,7,-5,8,1,-1,-2,-1,8,matsu,walk,matsu
1.57E+15,4,7,-5,1,1,-2,-5,-5,matsu,walk,matsu
1.57E+15,-7,-6,-1,-4,-2,2,0,2,matsu,walk,matsu
1.57E+15,-4,-2,7,-2,-3,-4,-3,6,matsu,walk,matsu
1.57E+15,3,2,-1,2,0,-2,-5,-10,matsu,walk,matsu
1.57E+15,1,0,4,1,1,3,2,6,matsu,walk,matsu
1.57E+15,3,2,-2,-1,1,1,-1,8,matsu,walk,matsu
1.57E+15,-1,-6,-3,-1,-1,-5,-3,-1,matsu,walk,matsu
1.57E+15,-3,-2,5,-1,-1,0,0,-1,matsu,walk,matsu
1.57E+15,1,2,-4,0,-2,0,4,2,matsu,walk,matsu
1.57E+15,-3,-7,-8,-3,0,-2,-1,1,matsu,walk,matsu
1.57E+15,-1,0,6,1,0,-1,-4,0,matsu,walk,matsu
1.57E+15,-1,5,-2,0,-2,-1,1,-5,matsu,walk,matsu
1.57E+15,1,-3,-4,-2,-1,0,2,7,matsu,walk,matsu
1.57E+15,1,0,-2,-1,1,1,-1,2,matsu,walk,matsu
1.57E+15,-2,-1,1,1,0,-2,-1,-6,matsu,walk,matsu
1.57E+15,0,-3,-1,-2,-1,-3,2,4,matsu,walk,matsu
1.57E+15,2,-3,0,-1,1,-2,-5,0,matsu,walk,matsu
1.57E+15,-1,2,1,1,0,1,1,-1,matsu,walk,matsu
1.57E+15,-4,1,-1,-3,-1,-2,-1,-12,matsu,walk,matsu
1.57E+15,1,-3,-4,0,-2,-2,-3,-2,matsu,walk,matsu
1.57E+15,0,2,1,0,0,0,-3,0,matsu,walk,matsu
1.57E+15,2,1,2,-2,1,2,-1,0,matsu,walk,matsu
1.57E+15,-2,-3,2,0,-2,-1,-1,2,matsu,walk,matsu
1.57E+15,0,0,1,-2,-2,0,-3,-4,matsu,walk,matsu
1.57E+15,0,0,0,0,0,0,-1,0,matsu,walk,matsu
1.57E+15,1,-1,-3,-1,-1,-1,-2,0,matsu,walk,matsu
,,,,,,,,,,,
1.57E+15,0,0,-5,-2,-2,-1,0,-1,matsu,walk,matsu
1.57E+15,0,-3,-2,0,-3,-2,0,2,matsu,walk,matsu
1.57E+15,0,1,1,1,-1,0,0,-3,matsu,walk,matsu
1.57E+15,0,-2,-2,1,1,-1,-2,-4,matsu,walk,matsu
1.57E+15,-3,-1,2,-2,0,-1,-2,-2,matsu,walk,matsu
1.57E+15,-3,-2,-13,-3,0,-1,-5,-6,matsu,walk,matsu
1.57E+15,3,1,2,0,-1,-1,0,3,matsu,walk,matsu
1.57E+15,-5,-2,1,-1,-3,-2,-1,1,matsu,walk,matsu
1.57E+15,-1,-2,1,-1,0,0,0,1,matsu,walk,matsu
1.57E+15,-1,-4,-7,-3,-1,0,0,0,matsu,walk,matsu
1.57E+15,-2,1,4,2,-1,1,-1,-1,matsu,walk,matsu
1.57E+15,0,0,-7,-5,0,-1,-1,-1,matsu,walk,matsu
1.57E+15,-2,-3,0,5,-1,-1,0,-1,matsu,walk,matsu
1.57E+15,-2,-1,1,-1,1,0,0,1,matsu,walk,matsu
1.57E+15,5,0,0,-2,2,1,1,1,matsu,walk,matsu
1.57E+15,0,1,2,3,-1,0,0,0,matsu,walk,matsu
1.57E+15,-3,-6,-7,-4,-2,-2,-1,-1,matsu,walk,matsu
1.57E+15,-12,-5,2,-2,-2,-4,-4,-16,matsu,walk,matsu
1.57E+15,-2,-1,-9,0,-2,-2,-2,-1,matsu,walk,matsu
1.57E+15,2,-1,2,3,1,-2,1,2,matsu,walk,matsu
1.57E+15,9,1,-3,1,0,1,1,7,matsu,walk,matsu
1.57E+15,5,1,5,0,-1,0,-3,5,matsu,walk,matsu
1.57E+15,-7,0,1,-2,0,0,2,-4,matsu,walk,matsu
1.57E+15,-7,-4,-6,-4,-4,-3,-4,-7,matsu,walk,matsu
1.57E+15,-6,-4,1,-1,-1,0,-2,-3,matsu,walk,matsu
1.57E+15,3,0,1,-1,0,4,0,2,matsu,walk,matsu
1.57E+15,6,0,1,-2,-1,-1,7,12,matsu,walk,matsu
1.57E+15,4,0,0,2,0,-2,36,13,matsu,walk,matsu
1.57E+15,-7,5,7,-2,-5,-8,-40,-34,matsu,walk,matsu
1.57E+15,1,-3,-9,0,-1,-1,0,3,matsu,walk,matsu
1.57E+15,-4,-12,-4,-2,-2,-1,-9,-4,matsu,walk,matsu
1.57E+15,1,10,6,-1,1,3,6,7,matsu,walk,matsu
1.57E+15,6,9,8,0,1,3,15,11,matsu,walk,matsu
1.57E+15,2,-2,-8,0,-2,-3,-1,-2,matsu,walk,matsu
1.57E+15,0,4,19,0,0,0,-3,-4,matsu,walk,matsu
1.57E+15,-10,-7,-10,3,1,-1,-13,-5,matsu,walk,matsu
1.57E+15,-1,5,9,-8,-4,-1,5,5,matsu,walk,matsu
1.57E+15,6,4,-64,-3,0,2,2,3,matsu,walk,matsu
1.57E+15,-3,6,17,1,-2,-5,-9,-10,matsu,walk,matsu
1.57E+15,2,0,27,0,-2,1,-13,-10,matsu,walk,matsu
1.57E+15,-5,0,-29,-2,0,1,0,0,matsu,walk,matsu
1.57E+15,-5,-17,19,-2,-4,0,9,3,matsu,walk,matsu
1.57E+15,0,-4,-7,-3,-1,0,2,6,matsu,walk,matsu
1.57E+15,7,5,1,0,0,-2,-8,3,matsu,walk,matsu
1.57E+15,3,6,23,2,4,3,4,-4,matsu,walk,matsu
1.57E+15,6,3,4,2,1,3,11,20,matsu,walk,matsu
1.57E+15,-5,6,23,4,0,-5,5,-22,matsu,walk,matsu
1.57E+15,-4,-8,-2,1,-1,-1,-21,-12,matsu,walk,matsu
1.57E+15,8,-20,-65,-12,-2,-2,8,22,matsu,walk,matsu
1.57E+15,10,9,32,4,6,9,19,23,matsu,walk,matsu
1.57E+15,-11,-4,-5,-3,-5,-11,-12,-36,matsu,walk,matsu
1.57E+15,2,9,-5,5,-1,-5,-23,-10,matsu,walk,matsu
1.57E+15,-12,-26,-2,-26,-21,-27,-22,-19,matsu,walk,matsu
1.57E+15,19,13,13,13,9,16,50,20,matsu,walk,matsu
1.57E+15,-37,-14,-5,-7,-10,-16,-61,-28,matsu,walk,matsu
1.57E+15,8,-12,23,0,-5,-16,-1,-9,matsu,walk,matsu
1.57E+15,-5,-6,-13,2,-5,-1,57,28,matsu,walk,matsu
1.57E+15,-66,-22,-19,-9,-12,-27,-63,-95,matsu,walk,matsu
1.57E+15,-15,-34,-33,-26,-22,-29,-21,-18,matsu,walk,matsu
1.57E+15,31,30,11,14,12,20,15,17,matsu,walk,matsu
1.57E+15,95,6,75,31,30,46,99,109,matsu,walk,matsu
1.57E+15,-78,-62,-46,-28,-25,-47,-82,-77,matsu,walk,matsu
1.57E+15,65,23,33,39,20,26,97,90,matsu,walk,matsu
1.57E+15,22,20,-44,-45,3,17,71,21,matsu,walk,matsu
1.57E+15,4,-27,54,26,8,14,6,14,matsu,walk,matsu
1.57E+15,-69,18,-67,-25,-21,-49,-48,-41,matsu,walk,matsu
1.57E+15,-14,17,19,2,3,9,35,88,matsu,walk,matsu
1.57E+15,8,-49,27,1,-8,-7,-12,-21,matsu,walk,matsu
1.57E+15,50,36,9,13,18,35,48,48,matsu,walk,matsu
1.57E+15,43,-7,-3,13,13,23,32,30,matsu,walk,matsu
1.57E+15,-46,22,-14,-8,-5,-8,-28,-31,matsu,walk,matsu
1.57E+15,-2,-23,-21,4,2,9,23,26,matsu,walk,matsu
1.57E+15,-50,5,-26,-8,-13,-28,-67,-76,matsu,walk,matsu
1.57E+15,29,1,44,10,3,7,-2,34,matsu,walk,matsu
1.57E+15,38,20,-24,-4,3,7,12,-17,matsu,walk,matsu
1.57E+15,-47,-9,2,0,-5,-8,-36,-37,matsu,walk,matsu
1.57E+15,-17,14,-16,-9,-5,-11,-33,-35,matsu,walk,matsu
1.57E+15,14,1,9,-1,1,5,24,24,matsu,walk,matsu
1.57E+15,40,-1,11,1,9,23,27,23,matsu,walk,matsu
1.57E+15,-21,-5,-24,-3,-10,-18,-38,-13,matsu,walk,matsu
1.57E+15,-33,-5,-4,-7,-9,-18,-39,-28,matsu,walk,matsu
1.57E+15,40,23,24,4,8,18,32,41,matsu,walk,matsu
1.57E+15,-10,-20,-16,-5,-3,-10,-16,-25,matsu,walk,matsu
1.57E+15,-7,1,1,2,-2,-2,-3,-12,matsu,walk,matsu
1.57E+15,1,2,-17,-6,-4,-5,4,-1,matsu,walk,matsu
1.57E+15,18,6,22,4,6,10,4,12,matsu,walk,matsu
1.57E+15,-4,-8,-9,-3,-1,1,-20,-18,matsu,walk,matsu
1.57E+15,5,-10,-2,-1,0,-4,21,22,matsu,walk,matsu
1.57E+15,2,25,-1,-2,2,1,-4,5,matsu,walk,matsu
1.57E+15,-2,-22,-2,-1,-2,0,5,-14,matsu,walk,matsu
1.57E+15,-9,-7,1,-1,-2,-4,-4,1,matsu,walk,matsu
1.57E+15,9,19,4,1,2,3,10,21,matsu,walk,matsu
1.57E+15,-14,-21,-19,-3,-4,-6,-10,-22,matsu,walk,matsu
1.57E+15,6,12,14,1,0,1,3,0,matsu,walk,matsu
1.57E+15,5,-7,-8,-2,-1,2,3,5,matsu,walk,matsu
1.57E+15,-2,-9,-2,1,0,1,-4,4,matsu,walk,matsu
1.57E+15,-9,0,-7,-4,-3,-7,-5,-11,matsu,walk,matsu
1.57E+15,9,12,8,0,-1,3,6,12,matsu,walk,matsu
1.57E+15,7,-8,-8,-1,2,2,0,5,matsu,walk,matsu
1.57E+15,-5,6,-8,-1,-2,-2,-1,-2,matsu,walk,matsu
1.57E+15,-10,2,7,0,-2,-4,-4,-3,matsu,walk,matsu
1.57E+15,7,-2,9,1,0,0,8,5,matsu,walk,matsu
1.57E+15,-3,5,-14,-1,-3,-3,-4,-9,matsu,walk,matsu
1.57E+15,-4,-9,9,-3,-4,-2,-3,-1,matsu,walk,matsu
1.57E+15,-1,-1,-3,-4,-2,-2,-1,0,matsu,walk,matsu
1.57E+15,5,2,10,2,2,2,2,3,matsu,walk,matsu
1.57E+15,3,14,7,2,1,0,0,-1,matsu,walk,matsu
1.57E+15,3,-8,-2,-1,1,-1,1,7,matsu,walk,matsu
1.57E+15,-9,19,18,-7,-5,-5,-4,-4,matsu,walk,matsu
1.57E+15,-9,-17,-18,-4,-2,0,0,-6,matsu,walk,matsu
1.57E+15,3,8,33,3,1,-1,0,0,matsu,walk,matsu
1.57E+15,6,18,-32,0,0,0,1,3,matsu,walk,matsu
1.57E+15,-10,-35,-4,-4,-2,-2,-3,-7,matsu,walk,matsu
1.57E+15,6,17,11,1,0,2,0,1,matsu,walk,matsu
1.57E+15,3,6,3,0,1,1,0,1,matsu,walk,matsu
1.57E+15,-8,-10,9,0,-2,-3,-3,4,matsu,walk,matsu
1.57E+15,-7,-4,-13,0,-1,-1,-3,-4,matsu,walk,matsu
1.57E+15,-7,15,-8,-2,-1,-1,-1,1,matsu,walk,matsu
1.57E+15,4,-13,4,-1,0,2,2,2,matsu,walk,matsu
1.57E+15,9,40,83,7,3,3,5,3,matsu,walk,matsu
1.57E+15,-2,-24,-71,-3,-2,-2,-4,-4,matsu,walk,matsu
1.57E+15,-1,-14,-21,-10,-5,-5,-2,-7,matsu,walk,matsu
1.57E+15,4,12,10,2,0,0,-5,-2,matsu,walk,matsu
1.57E+15,3,11,-50,-6,-1,1,-1,2,matsu,walk,matsu
1.57E+15,-4,-21,30,-4,-3,-2,-1,1,matsu,walk,matsu
1.57E+15,2,8,35,7,5,3,3,-3,matsu,walk,matsu
1.57E+15,-20,-22,-66,-21,-14,-9,-9,-11,matsu,walk,matsu
1.57E+15,-1,-16,50,4,0,-1,-6,-1,matsu,walk,matsu
1.57E+15,5,-3,-67,2,4,4,3,8,matsu,walk,matsu
1.57E+15,4,2,23,1,-2,-1,1,-3,matsu,walk,matsu
1.57E+15,4,43,33,3,2,-1,0,5,matsu,walk,matsu
1.57E+15,3,-24,-27,0,-1,0,3,3,matsu,walk,matsu
1.57E+15,7,11,48,0,0,0,-4,-3,matsu,walk,matsu
1.57E+15,-8,1,-3,0,-2,0,-3,-19,matsu,walk,matsu
1.57E+15,5,23,18,4,3,2,0,11,matsu,walk,matsu
1.57E+15,12,1,-23,-3,-2,1,9,13,matsu,walk,matsu
1.57E+15,-1,-65,-23,-5,0,-1,14,10,matsu,walk,matsu
1.57E+15,-13,-13,-9,-1,-6,-18,-44,-40,matsu,walk,matsu
1.57E+15,-40,-20,9,3,2,-1,-22,-32,matsu,walk,matsu
1.57E+15,33,29,-51,-4,-4,-2,-9,-8,matsu,walk,matsu
1.57E+15,-2,44,61,-9,-2,6,-2,3,matsu,walk,matsu
1.57E+15,30,45,13,3,6,14,43,61,matsu,walk,matsu
1.57E+15,28,16,25,3,1,1,5,24,matsu,walk,matsu
1.57E+15,-25,-8,14,2,-1,-6,-18,-17,matsu,walk,matsu
1.57E+15,12,73,18,11,10,15,19,5,matsu,walk,matsu
1.57E+15,7,-40,-1,-4,-2,0,-1,7,matsu,walk,matsu
1.57E+15,7,4,-6,10,5,4,-10,-4,matsu,walk,matsu
1.57E+15,-8,-26,-9,-13,-11,-3,67,33,matsu,walk,matsu
1.57E+15,-38,-28,-2,-3,-22,-45,-89,-72,matsu,walk,matsu
1.57E+15,-33,-9,-3,-15,-13,-24,-71,-20,matsu,walk,matsu
1.57E+15,94,47,-30,7,15,33,53,94,matsu,walk,matsu
1.57E+15,-95,-49,3,13,6,-5,5,-75,matsu,walk,matsu
1.57E+15,-57,-72,-62,-33,-32,-43,-59,-41,matsu,walk,matsu
1.57E+15,39,25,14,11,4,7,52,31,matsu,walk,matsu
1.57E+15,10,-1,-25,-30,-18,-11,25,61,matsu,walk,matsu
1.57E+15,55,67,79,48,33,38,53,75,matsu,walk,matsu
1.57E+15,69,26,65,19,12,28,43,119,matsu,walk,matsu
1.57E+15,-59,-13,-107,-38,-12,-33,-67,-112,matsu,walk,matsu
1.57E+15,3,-4,-16,-4,7,25,77,26,matsu,walk,matsu
1.57E+15,11,-1,-6,-13,4,21,60,47,matsu,walk,matsu
1.57E+15,-9,16,28,9,-15,-55,-74,-74,matsu,walk,matsu
1.57E+15,16,26,23,11,-2,-6,-32,-6,matsu,walk,matsu
1.57E+15,5,-20,12,8,2,6,57,7,matsu,walk,matsu
1.57E+15,-12,10,-31,-16,-10,-6,-13,1,matsu,walk,matsu
1.57E+15,19,6,9,13,19,32,56,16,matsu,walk,matsu
1.57E+15,12,15,-10,1,4,15,40,44,matsu,walk,matsu
1.57E+15,-70,-70,10,-5,-12,-24,-61,-80,matsu,walk,matsu
1.57E+15,21,4,-9,8,1,0,-6,12,matsu,walk,matsu
1.57E+15,-3,24,-22,-16,-1,4,-7,-30,matsu,walk,matsu
1.57E+15,-7,-53,33,3,0,5,23,17,matsu,walk,matsu
1.57E+15,0,13,-52,2,-2,-7,-30,-8,matsu,walk,matsu
1.57E+15,-6,-12,39,-16,-11,-12,-23,-28,matsu,walk,matsu
1.57E+15,19,31,13,6,9,11,32,84,matsu,walk,matsu
1.57E+15,-5,-11,-40,-2,-3,-4,-5,-1,matsu,walk,matsu
1.57E+15,-4,-1,47,6,3,2,-2,-30,matsu,walk,matsu
1.57E+15,14,11,-39,-5,-4,-13,-50,-30,matsu,walk,matsu
1.57E+15,-31,-72,-62,-21,-9,-3,12,-7,matsu,walk,matsu
1.57E+15,14,14,49,10,7,12,32,40,matsu,walk,matsu
1.57E+15,0,-8,-21,0,-2,0,-13,7,matsu,walk,matsu
1.57E+15,-5,4,41,-3,-7,-19,-9,-29,matsu,walk,matsu
1.57E+15,7,9,25,7,6,14,26,4,matsu,walk,matsu
1.57E+15,-3,-14,-61,-3,-2,-2,-5,1,matsu,walk,matsu
1.57E+15,-3,-1,25,-3,-2,-5,-5,-17,matsu,walk,matsu
1.57E+15,-3,-10,-19,-5,-4,-1,-21,-3,matsu,walk,matsu
1.57E+15,0,-3,22,1,2,5,16,1,matsu,walk,matsu
1.57E+15,12,3,47,7,1,5,17,7,matsu,walk,matsu
1.57E+15,-4,30,-48,-1,-1,-7,-16,-11,matsu,walk,matsu
1.57E+15,-1,-2,10,-3,0,-1,-3,8,matsu,walk,matsu
1.57E+15,-2,-49,-46,-5,-1,-3,2,3,matsu,walk,matsu
1.57E+15,2,29,74,9,4,6,14,8,matsu,walk,matsu
1.57E+15,-8,7,12,-3,-4,-5,-6,-15,matsu,walk,matsu
1.57E+15,9,15,9,3,-1,-2,-14,18,matsu,walk,matsu
1.57E+15,6,-12,19,7,4,5,15,0,matsu,walk,matsu
1.57E+15,1,-19,-30,-5,-1,1,1,-4,matsu,walk,matsu
1.57E+15,0,-9,18,3,-1,-6,-8,-2,matsu,walk,matsu
1.57E+15,-6,-28,-20,-10,-6,-7,-6,-2,matsu,walk,matsu
1.57E+15,15,47,-2,3,3,5,3,6,matsu,walk,matsu
1.57E+15,-7,-6,-6,0,1,3,6,3,matsu,walk,matsu
1.57E+15,-6,-24,-9,-4,-2,-5,-9,-3,matsu,walk,matsu
1.57E+15,-9,-28,-11,-2,0,0,-5,-5,matsu,walk,matsu
1.57E+15,-7,5,-25,-4,-4,-1,-1,-9,matsu,walk,matsu
1.57E+15,1,33,7,2,-1,1,1,6,matsu,walk,matsu
1.57E+15,2,-4,3,-2,1,-4,-2,-9,matsu,walk,matsu
1.57E+15,-4,-6,-19,-5,-4,-2,-5,7,matsu,walk,matsu
1.57E+15,6,13,26,1,1,1,9,11,matsu,walk,matsu
1.57E+15,11,9,24,2,-1,0,-6,-19,matsu,walk,matsu
1.57E+15,-10,-1,22,0,2,-1,1,-6,matsu,walk,matsu
1.57E+15,-14,-37,-63,-21,-6,-10,-12,-9,matsu,walk,matsu
1.57E+15,12,54,90,9,1,6,5,3,matsu,walk,matsu
1.57E+15,1,-7,14,-1,0,1,-5,11,matsu,walk,matsu
1.57E+15,-4,-5,1,0,-4,-3,1,-5,matsu,walk,matsu
1.57E+15,29,20,22,7,6,10,-9,10,matsu,walk,matsu
1.57E+15,2,-19,-50,-4,0,5,39,34,matsu,walk,matsu
1.57E+15,-17,2,-7,0,-2,-9,-31,-75,matsu,walk,matsu
1.57E+15,-22,0,3,1,-1,0,-17,-11,matsu,walk,matsu
1.57E+15,4,4,-9,0,0,4,16,17,matsu,walk,matsu
1.57E+15,16,29,-13,1,5,11,28,15,matsu,walk,matsu
1.57E+15,-49,-29,-14,-7,-11,-21,-54,-48,matsu,walk,matsu
1.57E+15,-23,-3,-20,-7,-5,-18,-43,-2,matsu,walk,matsu
1.57E+15,12,4,4,2,-1,-5,-12,-2,matsu,walk,matsu
1.57E+15,21,10,24,11,8,20,73,47,matsu,walk,matsu
1.57E+15,28,18,-10,-1,2,6,32,44,matsu,walk,matsu
1.57E+15,20,-3,-5,2,11,53,58,31,matsu,walk,matsu
1.57E+15,105,53,38,19,30,71,86,116,matsu,walk,matsu
1.57E+15,44,7,13,18,32,10,79,67,matsu,walk,matsu
1.57E+15,-82,-55,-24,-22,-44,-85,-85,-73,matsu,walk,matsu
1.57E+15,-2,-5,-8,2,-11,10,93,46,matsu,walk,matsu
1.57E+15,-33,-72,-38,-21,-5,40,-29,-56,matsu,walk,matsu
1.57E+15,-18,-13,26,11,-19,-74,-19,-40,matsu,walk,matsu
1.57E+15,-43,-36,-53,-22,-2,55,63,35,matsu,walk,matsu
1.57E+15,36,43,123,38,25,16,-108,-38,matsu,walk,matsu
1.57E+15,-32,50,-86,-8,-12,-20,-52,-38,matsu,walk,matsu
1.57E+15,-31,-73,13,-39,-16,0,-75,-59,matsu,walk,matsu
1.57E+15,12,-53,10,7,-3,-13,46,24,matsu,walk,matsu
1.57E+15,21,19,-74,-17,4,5,88,76,matsu,walk,matsu
1.57E+15,-28,13,36,16,8,30,47,24,matsu,walk,matsu
1.57E+15,-6,10,-22,-1,-4,-5,-78,-61,matsu,walk,matsu
1.57E+15,16,32,1,9,7,-6,-4,26,matsu,walk,matsu
1.57E+15,22,-7,16,-2,-2,8,11,-8,matsu,walk,matsu
1.57E+15,-16,5,33,5,-6,-51,-12,-43,matsu,walk,matsu
1.57E+15,-25,-9,-36,-6,-9,-7,-13,-13,matsu,walk,matsu
1.57E+15,42,15,21,5,10,32,7,17,matsu,walk,matsu
1.57E+15,-19,-6,-8,-5,-9,-33,-56,9,matsu,walk,matsu
1.57E+15,-26,-21,3,-10,-9,-25,2,-48,matsu,walk,matsu
1.57E+15,-20,-5,-5,-3,-8,-9,-26,-51,matsu,walk,matsu
1.57E+15,62,34,17,12,18,44,49,127,matsu,walk,matsu
1.57E+15,-39,-27,-18,-12,-10,-22,-14,-98,matsu,walk,matsu
1.57E+15,-18,-16,0,-4,-14,-35,36,19,matsu,walk,matsu
1.57E+15,21,20,0,10,23,114,82,14,matsu,walk,matsu
1.57E+15,10,11,2,2,-3,-77,-85,-51,matsu,walk,matsu
1.57E+15,-13,-23,-16,-12,-18,-17,30,9,matsu,walk,matsu
1.57E+15,9,-1,20,0,0,-4,4,-33,matsu,walk,matsu
1.57E+15,11,27,-3,2,0,2,-18,28,matsu,walk,matsu
1.57E+15,2,26,1,0,8,27,53,-35,matsu,walk,matsu
1.57E+15,-6,-30,-11,-6,-6,-12,-51,1,matsu,walk,matsu
1.57E+15,15,8,19,3,4,8,6,7,matsu,walk,matsu
1.57E+15,-11,0,-7,-5,-6,-18,-49,-10,matsu,walk,matsu
1.57E+15,-2,1,-3,0,1,5,6,18,matsu,walk,matsu
1.57E+15,8,-10,-5,0,1,-9,-3,1,matsu,walk,matsu
1.57E+15,2,18,12,0,0,5,-11,11,matsu,walk,matsu
1.57E+15,-14,-20,-22,-5,-7,-19,-8,-2,matsu,walk,matsu
1.57E+15,3,-1,6,-1,-3,3,1,-2,matsu,walk,matsu
1.57E+15,5,10,22,3,4,12,24,-1,matsu,walk,matsu
1.57E+15,-5,-13,-9,-3,-2,-5,-15,-9,matsu,walk,matsu
1.57E+15,-6,-2,1,-1,-7,-14,-8,3,matsu,walk,matsu
1.57E+15,7,4,1,-1,2,11,18,-2,matsu,walk,matsu
1.57E+15,-1,-8,-3,-2,-5,-2,-14,-13,matsu,walk,matsu
1.57E+15,-4,4,11,0,-2,-7,-16,7,matsu,walk,matsu
1.57E+15,2,4,-13,1,-3,-6,-5,3,matsu,walk,matsu
1.57E+15,-3,-5,1,-1,0,13,14,6,matsu,walk,matsu
1.57E+15,-1,-1,-5,-2,0,-5,-8,-15,matsu,walk,matsu
1.57E+15,3,-3,-3,1,0,-2,-25,19,matsu,walk,matsu
1.57E+15,-4,-1,0,-1,-6,-3,-9,-16,matsu,walk,matsu
1.57E+15,0,-5,-3,0,1,10,22,-12,matsu,walk,matsu
1.57E+15,-7,1,-1,-4,-4,-11,-20,-18,matsu,walk,matsu
1.57E+15,-2,-8,-1,-1,-3,0,2,17,matsu,walk,matsu
1.57E+15,-3,-2,-1,-1,-1,0,1,4,matsu,walk,matsu
1.57E+15,-3,2,-2,0,-3,0,-11,0,matsu,walk,matsu
1.57E+15,3,0,-2,-1,-2,-1,0,-1,matsu,walk,matsu
1.57E+15,2,2,0,-1,-1,3,13,-6,matsu,walk,matsu
1.57E+15,-6,0,1,-1,-2,-2,-15,10,matsu,walk,matsu
1.57E+15,2,0,1,0,0,1,11,-10,matsu,walk,matsu
1.57E+15,1,-3,-3,0,2,13,29,14,matsu,walk,matsu
1.57E+15,-1,1,-1,-3,1,3,-22,1,matsu,walk,matsu
1.57E+15,4,0,1,2,4,2,4,-2,matsu,walk,matsu
1.57E+15,2,3,0,1,2,3,-4,11,matsu,walk,matsu
1.57E+15,-3,-4,-1,0,3,3,4,-11,matsu,walk,matsu
1.57E+15,1,3,2,1,-2,-2,-2,-5,matsu,walk,matsu
1.57E+15,-2,-1,0,-1,1,0,42,-4,matsu,walk,matsu
1.57E+15,-2,-3,-3,-2,2,3,-15,1,matsu,walk,matsu
1.57E+15,1,-1,-3,-1,0,0,5,4,matsu,walk,matsu
1.57E+15,-3,-1,0,-1,-1,1,24,6,matsu,walk,matsu
1.57E+15,3,3,1,-2,0,1,-19,0,matsu,walk,matsu
1.57E+15,0,-1,-3,-1,-2,-4,4,2,matsu,walk,matsu
1.57E+15,-3,-4,-2,-1,0,1,2,-3,matsu,walk,matsu
1.57E+15,-1,-1,-1,1,0,-1,-8,1,matsu,walk,matsu
1.57E+15,1,0,1,0,0,2,20,-6,matsu,walk,matsu
1.57E+15,-4,-4,-3,-1,-2,-2,-10,-2,matsu,walk,matsu
1.57E+15,2,0,-1,0,-1,-4,-14,3,matsu,walk,matsu
,,,,,,,,,,,
1.57E+15,0,-2,1,-1,1,-2,-1,-2,matsu,walk,matsu
1.57E+15,-3,-1,0,-1,-2,-1,-3,-5,matsu,walk,matsu
1.57E+15,-1,1,-1,-1,-1,0,-1,6,matsu,walk,matsu
1.57E+15,-7,-2,-3,-2,-1,-2,-2,-17,matsu,walk,matsu
1.57E+15,2,-1,-3,0,0,1,-2,-2,matsu,walk,matsu
1.57E+15,1,-3,-3,-1,0,1,9,2,matsu,walk,matsu
1.57E+15,2,0,2,0,-1,-1,10,2,matsu,walk,matsu
1.57E+15,-4,-3,-3,-3,-2,-1,-8,-1,matsu,walk,matsu
1.57E+15,0,-1,-2,-2,-1,0,1,2,matsu,walk,matsu
1.57E+15,-5,-3,3,0,2,-2,2,2,matsu,walk,matsu
1.57E+15,1,6,-2,0,-1,0,-5,-1,matsu,walk,matsu
1.57E+15,4,1,1,0,1,0,0,4,matsu,walk,matsu
1.57E+15,-6,-8,-2,-1,-4,-5,-6,-7,matsu,walk,matsu
1.57E+15,-2,-1,-5,-3,-1,-3,-14,-3,matsu,walk,matsu
1.57E+15,1,1,1,-1,0,-3,8,-2,matsu,walk,matsu
1.57E+15,1,2,1,0,0,1,1,2,matsu,walk,matsu
1.57E+15,2,0,-1,-1,2,3,-1,6,matsu,walk,matsu
1.57E+15,5,1,6,-1,-1,1,10,4,matsu,walk,matsu
1.57E+15,-5,14,25,5,0,-2,22,-2,matsu,walk,matsu
1.57E+15,-9,-25,-38,-5,-3,-3,-13,-6,matsu,walk,matsu
1.57E+15,-2,2,-25,-5,-2,-2,4,0,matsu,walk,matsu
1.57E+15,3,7,10,0,0,1,6,2,matsu,walk,matsu
1.57E+15,4,-4,9,-2,0,0,-12,-3,matsu,walk,matsu
1.57E+15,0,4,14,-2,-2,-4,-4,2,matsu,walk,matsu
1.57E+15,-4,0,6,0,-1,1,-4,-7,matsu,walk,matsu
1.57E+15,0,-4,-11,-2,-3,-1,-3,-1,matsu,walk,matsu
1.57E+15,1,6,8,1,-1,0,7,10,matsu,walk,matsu
1.57E+15,3,5,2,2,0,-1,16,-5,matsu,walk,matsu
1.57E+15,-9,-7,-6,-2,-2,-4,-22,-14,matsu,walk,matsu
1.57E+15,-1,5,4,-2,-1,0,-8,-5,matsu,walk,matsu
1.57E+15,2,-7,-13,-1,-1,4,1,6,matsu,walk,matsu
1.57E+15,1,0,-3,-2,-1,1,20,7,matsu,walk,matsu
1.57E+15,-4,-2,1,-1,-1,-5,-12,-12,matsu,walk,matsu
1.57E+15,0,0,5,1,0,0,2,0,matsu,walk,matsu
1.57E+15,-1,-5,-10,-1,-2,-2,-12,-3,matsu,walk,matsu
1.57E+15,3,5,-3,-2,-1,1,-3,6,matsu,walk,matsu
1.57E+15,-1,8,12,0,0,3,10,3,matsu,walk,matsu
1.57E+15,-14,-9,-6,-3,-1,-3,-7,-12,matsu,walk,matsu
1.57E+15,2,-5,-11,-3,-2,-1,-8,-2,matsu,walk,matsu
1.57E+15,8,9,8,1,1,0,-3,9,matsu,walk,matsu
1.57E+15,7,4,6,-1,1,-1,6,3,matsu,walk,matsu
1.57E+15,-15,-27,-17,-3,-1,-3,-4,-1,matsu,walk,matsu
1.57E+15,-8,-2,-6,0,-1,-3,-5,-17,matsu,walk,matsu
1.57E+15,0,7,7,1,1,1,-3,-2,matsu,walk,matsu
1.57E+15,-3,2,24,-3,-3,-1,1,0,matsu,walk,matsu
1.57E+15,15,-9,-12,-2,-2,-2,-2,12,matsu,walk,matsu
1.57E+15,-13,-15,-12,-4,-2,-3,-2,-6,matsu,walk,matsu
1.57E+15,1,-9,-1,0,-1,-1,-7,3,matsu,walk,matsu
1.57E+15,4,7,-4,2,0,-1,6,9,matsu,walk,matsu
1.57E+15,3,5,-1,0,-1,1,-2,1,matsu,walk,matsu
1.57E+15,3,-1,10,0,-2,-2,28,10,matsu,walk,matsu
1.57E+15,-1,-1,-2,-2,-2,0,-36,-19,matsu,walk,matsu
1.57E+15,-2,-7,-6,0,-2,-5,-6,-7,matsu,walk,matsu
1.57E+15,-2,3,3,-1,-3,-1,-10,-8,matsu,walk,matsu
1.57E+15,10,1,-7,1,1,3,-5,4,matsu,walk,matsu
1.57E+15,0,5,2,0,-1,1,8,9,matsu,walk,matsu
1.57E+15,7,-9,4,-2,5,9,30,28,matsu,walk,matsu
1.57E+15,-7,9,-1,2,1,0,25,-14,matsu,walk,matsu
1.57E+15,-17,3,4,-1,-4,-9,-42,-33,matsu,walk,matsu
1.57E+15,1,17,8,-2,-3,-4,11,2,matsu,walk,matsu
1.57E+15,7,-6,4,-3,-3,-7,-17,-3,matsu,walk,matsu
1.57E+15,4,1,-7,-1,-1,2,24,12,matsu,walk,matsu
1.57E+15,-9,-46,-91,-12,-3,4,31,18,matsu,walk,matsu
1.57E+15,-2,5,33,2,-1,-5,-36,-22,matsu,walk,matsu
1.57E+15,-11,4,5,2,-4,-8,11,-5,matsu,walk,matsu
1.57E+15,3,16,38,2,-2,2,-5,6,matsu,walk,matsu
1.57E+15,-15,11,22,-2,-7,-15,-30,-57,matsu,walk,matsu
1.57E+15,10,-19,-35,1,5,15,47,34,matsu,walk,matsu
1.57E+15,58,22,9,-1,10,26,73,94,matsu,walk,matsu
1.57E+15,0,-4,-12,-1,-11,-43,-95,-77,matsu,walk,matsu
1.57E+15,-37,-8,-5,-13,-13,-16,-58,-10,matsu,walk,matsu
1.57E+15,-43,-21,16,0,2,-3,36,-61,matsu,walk,matsu
1.57E+15,-37,-24,-24,-12,-22,-29,-66,-80,matsu,walk,matsu
1.57E+15,60,11,24,-5,7,26,89,127,matsu,walk,matsu
1.57E+15,-50,-10,-21,0,6,-8,-37,-94,matsu,walk,matsu
1.57E+15,14,2,-8,-14,0,29,81,80,matsu,walk,matsu
1.57E+15,28,0,0,8,10,18,32,29,matsu,walk,matsu
1.57E+15,-108,-32,-49,-11,-21,-67,-114,-117,matsu,walk,matsu
1.57E+15,56,36,69,-6,-4,7,90,102,matsu,walk,matsu
1.57E+15,22,-8,-25,-3,-3,-2,47,75,matsu,walk,matsu
1.57E+15,36,10,-11,5,12,28,51,59,matsu,walk,matsu
1.57E+15,24,-6,56,16,17,31,25,0,matsu,walk,matsu
1.57E+15,-18,-8,0,3,2,-3,-43,-28,matsu,walk,matsu
1.57E+15,22,40,27,17,9,20,-5,0,matsu,walk,matsu
1.57E+15,11,12,2,6,0,5,21,16,matsu,walk,matsu
1.57E+15,-54,-41,3,-7,-19,-37,-49,-51,matsu,walk,matsu
1.57E+15,-37,-25,-25,1,3,2,15,-17,matsu,walk,matsu
1.57E+15,28,-6,-4,-9,-5,-15,-56,-27,matsu,walk,matsu
1.57E+15,-10,12,28,6,4,3,-1,-3,matsu,walk,matsu
1.57E+15,21,24,-40,-3,5,17,35,11,matsu,walk,matsu
1.57E+15,21,-11,9,7,1,13,22,28,matsu,walk,matsu
1.57E+15,12,1,-10,3,0,-5,-16,13,matsu,walk,matsu
1.57E+15,-21,21,9,-7,-7,-16,-29,-36,matsu,walk,matsu
1.57E+15,0,-37,9,1,2,15,23,12,matsu,walk,matsu
1.57E+15,23,17,14,2,2,4,12,64,matsu,walk,matsu
1.57E+15,-21,-7,-1,-5,-8,-13,-30,-61,matsu,walk,matsu
1.57E+15,-29,-24,-16,-4,-6,-16,-35,-46,matsu,walk,matsu
1.57E+15,16,23,-6,1,4,14,31,8,matsu,walk,matsu
1.57E+15,26,14,4,2,4,2,-14,84,matsu,walk,matsu
1.57E+15,-24,-18,0,-3,-7,-19,-13,-38,matsu,walk,matsu
1.57E+15,-14,-9,-10,-2,-3,-6,-8,-16,matsu,walk,matsu
1.57E+15,19,14,-4,-2,5,13,21,28,matsu,walk,matsu
1.57E+15,10,0,0,0,-1,-1,1,-38,matsu,walk,matsu
1.57E+15,-13,1,1,-1,-1,-4,-10,12,matsu,walk,matsu
1.57E+15,-8,-15,-7,-5,-4,-8,-25,-12,matsu,walk,matsu
1.57E+15,2,8,-4,-1,2,4,6,3,matsu,walk,matsu
1.57E+15,1,-4,2,-1,0,0,1,-12,matsu,walk,matsu
1.57E+15,-3,-2,-1,0,-2,-3,-12,3,matsu,walk,matsu
1.57E+15,4,3,-3,-2,1,-1,3,-11,matsu,walk,matsu
1.57E+15,-1,-16,-5,-3,-1,4,3,18,matsu,walk,matsu
1.57E+15,3,3,3,-1,-1,-1,4,-5,matsu,walk,matsu
1.57E+15,1,-1,-1,0,0,-2,-2,-7,matsu,walk,matsu
1.57E+15,-5,3,2,-1,-3,1,0,4,matsu,walk,matsu
1.57E+15,-1,3,-5,-1,-2,-1,-4,4,matsu,walk,matsu
1.57E+15,7,-4,-2,-1,0,-3,0,3,matsu,walk,matsu
1.57E+15,-4,-6,6,0,-1,-1,-4,-6,matsu,walk,matsu
1.57E+15,-3,21,7,0,0,-3,-6,-2,matsu,walk,matsu
1.57E+15,-9,-36,-21,-6,-4,-3,-7,4,matsu,walk,matsu
1.57E+15,9,9,3,1,1,3,7,-7,matsu,walk,matsu
1.57E+15,-5,-2,-5,-1,0,0,0,1,matsu,walk,matsu
1.57E+15,1,-7,0,0,-1,-2,-4,-2,matsu,walk,matsu
1.57E+15,7,18,7,1,0,0,3,4,matsu,walk,matsu
1.57E+15,-2,-7,-3,-1,-1,1,1,-5,matsu,walk,matsu
1.57E+15,-3,-3,-5,-3,-1,-5,-4,-3,matsu,walk,matsu
1.57E+15,-5,-5,7,0,-3,-2,-4,1,matsu,walk,matsu
1.57E+15,7,10,0,-1,1,2,1,2,matsu,walk,matsu
1.57E+15,13,-2,-2,-2,2,-1,1,7,matsu,walk,matsu
1.57E+15,-20,8,-1,-1,-2,-4,-7,-18,matsu,walk,matsu
1.57E+15,-9,-11,-11,-1,-1,-2,-3,-10,matsu,walk,matsu
1.57E+15,5,16,6,1,2,2,10,15,matsu,walk,matsu
1.57E+15,3,-11,2,1,0,1,2,1,matsu,walk,matsu
1.57E+15,-3,2,-9,-2,-3,-3,-18,-15,matsu,walk,matsu
1.57E+15,0,5,0,-1,-2,0,-1,4,matsu,walk,matsu
1.57E+15,-3,-9,-5,0,-1,0,2,-1,matsu,walk,matsu
1.57E+15,3,12,8,2,1,3,14,15,matsu,walk,matsu
1.57E+15,8,-15,-3,-2,0,0,-11,6,matsu,walk,matsu
1.57E+15,9,-10,-3,-3,-4,-9,3,-10,matsu,walk,matsu
1.57E+15,-36,6,-10,1,-1,-4,-10,-5,matsu,walk,matsu
1.57E+15,0,5,3,-3,-3,-1,5,-4,matsu,walk,matsu
1.57E+15,4,17,-2,2,3,3,6,3,matsu,walk,matsu
1.57E+15,-2,-46,-15,-2,-1,1,6,4,matsu,walk,matsu
1.57E+15,-60,15,1,0,-1,-1,-3,-4,matsu,walk,matsu
1.57E+15,26,10,1,-5,-4,-1,-6,-4,matsu,walk,matsu
1.57E+15,-14,3,0,2,-1,1,12,4,matsu,walk,matsu
1.57E+15,0,3,6,-1,0,-1,-6,1,matsu,walk,matsu
1.57E+15,14,14,10,-3,-2,-3,-2,-6,matsu,walk,matsu
1.57E+15,-15,-24,-16,1,1,-2,-10,-6,matsu,walk,matsu
1.57E+15,3,26,17,-2,-1,-1,1,8,matsu,walk,matsu
1.57E+15,30,10,-43,3,2,-1,0,2,matsu,walk,matsu
1.57E+15,12,-15,-15,-3,1,0,-2,1,matsu,walk,matsu
1.57E+15,-6,28,-12,-6,-3,-3,-3,-4,matsu,walk,matsu
1.57E+15,-1,-4,10,0,1,0,2,15,matsu,walk,matsu
1.57E+15,7,9,16,-3,-1,0,-5,-18,matsu,walk,matsu
1.57E+15,17,-1,17,5,2,4,6,15,matsu,walk,matsu
1.57E+15,-28,14,-5,-1,-1,-3,-5,-53,matsu,walk,matsu
1.57E+15,-1,-15,-7,-4,-3,-6,-3,-8,matsu,walk,matsu
1.57E+15,-6,-2,7,-2,2,10,19,29,matsu,walk,matsu
1.57E+15,11,-3,-9,-3,-1,0,19,12,matsu,walk,matsu
1.57E+15,-11,-16,16,5,-1,-11,-36,-12,matsu,walk,matsu
1.57E+15,3,-11,-21,-5,-4,-6,-15,-14,matsu,walk,matsu
1.57E+15,0,-32,0,-4,-3,-2,3,-1,matsu,walk,matsu
1.57E+15,-10,6,8,4,4,14,27,28,matsu,walk,matsu
1.57E+15,5,-23,-7,5,-1,-2,10,1,matsu,walk,matsu
1.57E+15,-16,-20,10,-14,-12,-21,-41,-60,matsu,walk,matsu
1.57E+15,-42,-1,-12,5,-8,-12,-21,-10,matsu,walk,matsu
1.57E+15,22,-7,-1,-13,-1,1,-7,10,matsu,walk,matsu
1.57E+15,11,34,20,0,-2,2,9,7,matsu,walk,matsu
1.57E+15,13,3,-11,11,9,14,28,31,matsu,walk,matsu
1.57E+15,-25,6,12,-20,0,4,0,10,matsu,walk,matsu
1.57E+15,-24,-2,-47,17,-1,-14,-34,-73,matsu,walk,matsu
1.57E+15,9,2,30,-10,0,8,35,17,matsu,walk,matsu
1.57E+15,19,7,-1,-5,-3,-9,-45,-9,matsu,walk,matsu
1.57E+15,-12,-5,14,2,2,16,46,4,matsu,walk,matsu
1.57E+15,-65,-5,-3,1,-6,-9,-27,-20,matsu,walk,matsu
1.57E+15,72,14,2,0,13,15,5,85,matsu,walk,matsu
1.57E+15,-58,-21,8,4,-3,-5,-7,-65,matsu,walk,matsu
1.57E+15,52,7,-30,0,5,7,5,35,matsu,walk,matsu
1.57E+15,7,9,20,-8,-14,-7,3,7,matsu,walk,matsu
1.57E+15,-19,-6,4,19,10,13,64,49,matsu,walk,matsu
1.57E+15,43,-8,20,0,4,5,4,14,matsu,walk,matsu
1.57E+15,-29,18,-13,-2,-8,-8,-30,-54,matsu,walk,matsu
1.57E+15,26,37,26,-10,-9,-12,30,95,matsu,walk,matsu
1.57E+15,-127,-66,-121,-41,-41,-83,-124,-126,matsu,walk,matsu
1.57E+15,80,62,65,29,11,24,103,114,matsu,walk,matsu
1.57E+15,-6,-52,-35,-13,6,5,42,37,matsu,walk,matsu
1.57E+15,-22,1,4,-4,-4,-7,-39,-66,matsu,walk,matsu
1.57E+15,38,-13,34,12,7,20,13,21,matsu,walk,matsu
1.57E+15,-12,-10,-25,-18,-4,-5,-9,-3,matsu,walk,matsu
1.57E+15,-6,50,17,8,-8,-11,-25,-21,matsu,walk,matsu
1.57E+15,49,-62,-4,1,10,17,25,25,matsu,walk,matsu
1.57E+15,-4,6,-10,-3,1,0,-7,-18,matsu,walk,matsu
1.57E+15,-85,-28,-17,-2,-6,-8,-27,-35,matsu,walk,matsu
1.57E+15,68,39,20,7,7,11,18,33,matsu,walk,matsu
1.57E+15,-9,-22,-5,-3,1,-5,-14,-23,matsu,walk,matsu
1.57E+15,-7,18,16,3,4,6,-3,-8,matsu,walk,matsu
1.57E+15,-11,6,-12,-3,-2,1,16,4,matsu,walk,matsu
1.57E+15,2,-8,8,2,0,-2,-10,-2,matsu,walk,matsu
1.57E+15,16,9,-8,-3,-1,-3,-2,24,matsu,walk,matsu
1.57E+15,3,0,5,1,-2,9,-4,6,matsu,walk,matsu
1.57E+15,10,4,-11,-4,-2,2,84,55,matsu,walk,matsu
1.57E+15,-17,-21,-5,-1,-2,-11,-27,-16,matsu,walk,matsu
1.57E+15,0,1,3,1,-4,-8,-12,-36,matsu,walk,matsu
1.57E+15,5,8,5,4,2,6,19,5,matsu,walk,matsu
1.57E+15,6,-5,-10,-2,1,1,-16,-3,matsu,walk,matsu
1.57E+15,-11,5,5,1,-1,-6,-7,-2,matsu,walk,matsu
1.57E+15,8,12,7,0,3,6,10,-15,matsu,walk,matsu
1.57E+15,12,8,4,-1,1,3,9,3,matsu,walk,matsu
1.57E+15,-3,-14,-14,-5,-2,-3,-19,-6,matsu,walk,matsu
1.57E+15,-10,-6,5,1,-3,-5,-6,3,matsu,walk,matsu
1.57E+15,12,7,0,-2,1,4,-2,5,matsu,walk,matsu
1.57E+15,2,1,-4,-3,-2,-1,2,10,matsu,walk,matsu
1.57E+15,4,-7,-1,-2,-2,-1,-17,-6,matsu,walk,matsu
1.57E+15,-10,17,3,2,0,1,-3,-4,matsu,walk,matsu
1.57E+15,9,-13,-8,-1,-1,1,7,11,matsu,walk,matsu
1.57E+15,1,1,3,-1,-1,-2,0,-2,matsu,walk,matsu
1.57E+15,-2,4,-1,0,-1,-2,-7,-3,matsu,walk,matsu
1.57E+15,1,1,3,-1,-3,-1,-3,-2,matsu,walk,matsu
1.57E+15,0,-3,0,2,0,-1,3,1,matsu,walk,matsu
1.57E+15,10,16,5,-2,-1,-2,2,-3,matsu,walk,matsu
1.57E+15,3,-12,-11,1,1,1,-9,-5,matsu,walk,matsu
1.57E+15,-10,-32,-23,-4,-2,-4,-6,-2,matsu,walk,matsu
1.57E+15,5,24,24,1,3,3,-2,-2,matsu,walk,matsu
1.57E+15,-21,0,0,-3,0,-2,1,-3,matsu,walk,matsu
1.57E+15,30,-1,-6,-1,-2,-1,-2,2,matsu,walk,matsu
1.57E+15,1,8,7,0,-2,0,-2,-5,matsu,walk,matsu
1.57E+15,0,2,-6,1,1,1,2,4,matsu,walk,matsu
1.57E+15,-2,4,14,0,1,1,3,4,matsu,walk,matsu
1.57E+15,-11,3,-4,1,2,1,-5,-4,matsu,walk,matsu
1.57E+15,-13,3,-10,-6,-6,-5,-7,-5,matsu,walk,matsu
1.57E+15,6,22,2,-3,-1,0,0,0,matsu,walk,matsu
1.57E+15,8,1,-8,2,0,-1,2,2,matsu,walk,matsu
1.57E+15,-13,-6,-4,-1,-1,0,-5,3,matsu,walk,matsu
1.57E+15,1,0,5,-2,1,-1,-1,-1,matsu,walk,matsu
1.57E+15,2,-5,-2,-3,-1,-2,2,1,matsu,walk,matsu
1.57E+15,-2,-11,-5,-1,0,0,1,1,matsu,walk,matsu
1.57E+15,-3,6,2,-2,-3,-3,-3,-5,matsu,walk,matsu
1.57E+15,4,-3,11,1,-1,-1,-1,0,matsu,walk,matsu
1.57E+15,-5,-2,-15,-1,1,1,-2,-5,matsu,walk,matsu
1.57E+15,-1,-11,-6,-1,0,-1,-1,0,matsu,walk,matsu
1.57E+15,0,-4,2,-1,-1,-2,-2,-1,matsu,walk,matsu
1.57E+15,-4,-7,6,4,3,1,-1,-4,matsu,walk,matsu
1.57E+15,-1,-3,3,1,-2,-2,0,2,matsu,walk,matsu
1.57E+15,5,-23,-12,1,-1,0,0,-2,matsu,walk,matsu
1.57E+15,-5,17,8,-1,-1,0,-2,-2,matsu,walk,matsu
1.57E+15,-4,-22,-1,-2,-2,-2,0,0,matsu,walk,matsu
1.57E+15,35,9,0,1,-1,0,2,2,matsu,walk,matsu
1.57E+15,-1,0,6,-2,-2,-1,-1,-5,matsu,walk,matsu
1.57E+15,-4,-3,-19,-3,-1,0,-3,0,matsu,walk,matsu
1.57E+15,6,9,5,-3,-1,0,-1,12,matsu,walk,matsu
1.57E+15,-4,5,5,0,0,1,0,9,matsu,walk,matsu
1.57E+15,-28,-5,5,-3,-3,-5,-5,-32,matsu,walk,matsu
1.57E+15,0,-11,2,0,-1,-2,-2,-12,matsu,walk,matsu
1.57E+15,-5,-1,-15,-1,0,0,-2,-7,matsu,walk,matsu
1.57E+15,-7,-14,0,-1,0,0,0,15,matsu,walk,matsu
1.57E+15,14,10,-9,-3,2,4,5,15,matsu,walk,matsu
1.57E+15,-10,3,3,-5,-6,-10,-8,-16,matsu,walk,matsu
1.57E+15,9,5,0,1,4,5,1,1,matsu,walk,matsu
1.57E+15,2,-10,13,3,1,9,13,10,matsu,walk,matsu
1.57E+15,-6,-4,-18,-3,-1,-3,-6,12,matsu,walk,matsu
1.57E+15,-2,-6,8,-2,-3,-5,-17,-8,matsu,walk,matsu
1.57E+15,6,1,0,4,0,-1,-8,-2,matsu,walk,matsu
1.57E+15,-7,-5,-6,-4,-5,-1,2,4,matsu,walk,matsu
1.57E+15,1,8,14,2,0,-3,6,-20,matsu,walk,matsu
1.57E+15,0,5,5,2,3,6,25,9,matsu,walk,matsu
1.57E+15,-10,-3,20,-7,-8,-8,-15,-5,matsu,walk,matsu
1.57E+15,-17,-16,-35,3,0,-1,15,-15,matsu,walk,matsu
1.57E+15,5,6,23,-2,4,-1,17,14,matsu,walk,matsu
1.57E+15,-43,-39,-19,-13,-12,-20,-63,-43,matsu,walk,matsu
1.57E+15,-10,31,35,4,-8,-17,-63,-43,matsu,walk,matsu
1.57E+15,-6,-22,-17,-2,2,11,41,29,matsu,walk,matsu
1.57E+15,26,70,31,7,1,9,39,-14,matsu,walk,matsu
1.57E+15,15,-52,-6,5,11,16,43,64,matsu,walk,matsu
1.57E+15,-72,-23,3,-4,-12,-34,-85,-86,matsu,walk,matsu
1.57E+15,23,16,1,-7,6,19,58,72,matsu,walk,matsu
1.57E+15,33,9,22,4,11,18,61,61,matsu,walk,matsu
1.57E+15,-67,-14,-88,-26,-34,-64,-83,-77,matsu,walk,matsu
1.57E+15,29,7,18,12,16,29,88,53,matsu,walk,matsu
1.57E+15,2,2,50,5,3,-9,-6,2,matsu,walk,matsu
1.57E+15,-5,4,-38,-2,2,14,43,23,matsu,walk,matsu
1.57E+15,-33,-72,4,-6,-4,4,4,-6,matsu,walk,matsu
1.57E+15,75,24,-30,16,18,26,37,100,matsu,walk,matsu
1.57E+15,-10,8,-13,-5,1,-5,-33,-43,matsu,walk,matsu
1.57E+15,20,-23,25,8,6,13,-9,5,matsu,walk,matsu
1.57E+15,-4,-3,14,10,-1,-4,-24,-20,matsu,walk,matsu
1.57E+15,-23,9,-19,-20,-7,-1,46,37,matsu,walk,matsu
1.57E+15,-7,-21,7,-4,-1,0,-34,-21,matsu,walk,matsu
1.57E+15,-22,3,-5,9,3,-2,-24,-33,matsu,walk,matsu
1.57E+15,26,-10,-11,17,18,27,106,67,matsu,walk,matsu
1.57E+15,-68,-33,-53,-30,-26,-40,-81,-96,matsu,walk,matsu
1.57E+15,43,28,24,3,-1,-4,27,64,matsu,walk,matsu
1.57E+15,-1,1,-31,-14,-13,-20,-38,11,matsu,walk,matsu
1.57E+15,-9,13,26,-6,4,11,41,4,matsu,walk,matsu
1.57E+15,26,11,14,14,7,9,28,51,matsu,walk,matsu
1.57E+15,12,16,-3,0,1,-3,-23,-19,matsu,walk,matsu
1.57E+15,2,8,21,-1,-8,-2,22,74,matsu,walk,matsu
1.57E+15,-12,-43,-19,-4,2,4,-18,-11,matsu,walk,matsu
1.57E+15,-40,-27,-15,-10,-12,-24,-80,-46,matsu,walk,matsu
1.57E+15,-31,-10,-12,-4,-8,-17,-46,-58,matsu,walk,matsu
1.57E+15,10,9,5,1,2,6,20,25,matsu,walk,matsu
1.57E+15,57,55,24,5,9,15,39,31,matsu,walk,matsu
1.57E+15,8,-14,-1,5,2,1,1,-26,matsu,walk,matsu
1.57E+15,-14,-6,0,3,-3,-3,-1,-10,matsu,walk,matsu
1.57E+15,0,-19,-12,-4,-1,-9,-30,-20,matsu,walk,matsu
1.57E+15,11,40,7,1,0,-4,-23,31,matsu,walk,matsu
1.57E+15,4,-8,1,-1,-1,6,17,-9,matsu,walk,matsu
1.57E+15,6,10,-7,-1,2,6,5,6,matsu,walk,matsu
1.57E+15,-19,-20,-17,-5,-3,-9,-4,-40,matsu,walk,matsu
1.57E+15,4,21,9,1,1,0,-13,-19,matsu,walk,matsu
1.57E+15,18,10,9,3,4,5,23,45,matsu,walk,matsu
1.57E+15,-6,-6,-8,-2,-3,-4,-1,-16,matsu,walk,matsu
1.57E+15,-20,-21,-11,-5,-7,-12,-33,-30,matsu,walk,matsu
1.57E+15,13,21,12,2,-2,3,5,13,matsu,walk,matsu
1.57E+15,17,2,2,3,4,12,31,18,matsu,walk,matsu
1.57E+15,-12,-5,-10,-3,-3,-6,-10,-21,matsu,walk,matsu
1.57E+15,-11,-13,-6,-2,-3,-5,-17,5,matsu,walk,matsu
1.57E+15,19,22,7,1,2,4,8,13,matsu,walk,matsu
1.57E+15,6,1,-3,0,1,4,19,-9,matsu,walk,matsu
1.57E+15,-7,-13,-3,-3,-5,-6,-9,9,matsu,walk,matsu
1.57E+15,-5,-3,1,-1,1,0,0,-8,matsu,walk,matsu
1.57E+15,10,18,9,-2,1,-2,-3,-1,matsu,walk,matsu
1.57E+15,-2,-15,-18,-4,-3,-2,6,-6,matsu,walk,matsu
1.57E+15,0,-1,0,-1,-3,-3,3,0,matsu,walk,matsu
1.57E+15,1,-2,-6,-3,-2,-5,-8,-6,matsu,walk,matsu
1.57E+15,1,11,11,0,-1,-2,-9,-7,matsu,walk,matsu
1.57E+15,-8,22,5,2,2,4,7,7,matsu,walk,matsu
1.57E+15,23,-10,-7,-2,-1,0,7,4,matsu,walk,matsu
1.57E+15,-3,1,-2,-1,-2,-3,-7,-16,matsu,walk,matsu
1.57E+15,-1,4,11,1,0,-2,-6,0,matsu,walk,matsu
1.57E+15,0,-5,-28,-1,1,4,10,6,matsu,walk,matsu
1.57E+15,-13,-7,2,-2,-2,-2,-5,-8,matsu,walk,matsu
1.57E+15,-8,-4,3,0,-3,-1,-8,-9,matsu,walk,matsu
1.57E+15,6,2,0,1,-1,-1,-1,0,matsu,walk,matsu
1.57E+15,9,-6,9,0,0,-1,5,4,matsu,walk,matsu
1.57E+15,-8,1,-4,1,-1,-2,-3,-7,matsu,walk,matsu
1.57E+15,1,-1,0,-1,-1,-3,-8,0,matsu,walk,matsu
1.57E+15,-1,2,-3,-1,0,0,1,3,matsu,walk,matsu
1.57E+15,5,0,1,-1,-1,1,3,-3,matsu,walk,matsu
1.57E+15,-9,-4,-5,0,0,-2,-2,-5,matsu,walk,matsu
1.57E+15,-12,10,6,-1,-1,-2,0,-3,matsu,walk,matsu
1.57E+15,5,2,-5,0,0,2,-1,-2,matsu,walk,matsu
1.57E+15,3,-1,9,-2,-1,-1,1,0,matsu,walk,matsu
1.57E+15,-2,2,0,0,-2,0,3,0,matsu,walk,matsu
1.57E+15,6,-7,-8,-1,-1,1,-2,0,matsu,walk,matsu
1.57E+15,1,4,-2,0,-1,-1,-3,-5,matsu,walk,matsu
1.57E+15,0,-6,2,-2,-2,-1,-1,-1,matsu,walk,matsu
1.57E+15,0,11,-2,-1,-1,-2,1,0,matsu,walk,matsu
1.57E+15,-5,-10,-3,0,0,-2,-6,-5,matsu,walk,matsu
1.57E+15,-1,0,-2,-2,-2,-1,-1,-1,matsu,walk,matsu
1.57E+15,0,-7,-10,-1,-3,-1,0,-2,matsu,walk,matsu
1.57E+15,-3,4,3,0,-2,-1,-2,-2,matsu,walk,matsu
1.57E+15,1,-5,-2,-1,0,-2,-2,-3,matsu,walk,matsu
1.57E+15,1,3,1,-1,-2,1,-3,1,matsu,walk,matsu
1.57E+15,-1,0,7,1,1,-1,0,0,matsu,walk,matsu
1.57E+15,-3,-1,-2,-1,-1,-1,-2,-3,matsu,walk,matsu
1.57E+15,0,-7,-7,-2,-2,-2,-2,0,matsu,walk,matsu
1.57E+15,-2,-2,-1,-1,-1,0,2,-3,matsu,walk,matsu
1.57E+15,2,3,4,-2,1,0,0,0,matsu,walk,matsu
1.57E+15,-1,-2,-4,-1,0,-3,-1,-1,matsu,walk,matsu
1.57E+15,0,0,3,0,-2,-1,0,0,matsu,walk,matsu
,,,,,,,,,,,
1.57E+15,-1,-1,-1,0,-1,-2,0,-1,matsu,walk,matsu
1.57E+15,1,-2,-1,-1,-1,0,-3,-2,matsu,walk,matsu
1.57E+15,5,4,0,-3,-1,-1,-2,0,matsu,walk,matsu
1.57E+15,-3,-11,-8,-1,-1,0,0,-3,matsu,walk,matsu
1.57E+15,-5,3,0,-1,1,-2,0,-2,matsu,walk,matsu
1.57E+15,-3,-4,-5,-2,0,-2,1,-2,matsu,walk,matsu
1.57E+15,-2,0,1,0,0,-1,0,0,matsu,walk,matsu
1.57E+15,1,1,3,-1,-1,-3,1,2,matsu,walk,matsu
1.57E+15,4,3,0,-1,-1,0,1,0,matsu,walk,matsu
1.57E+15,-2,-5,1,2,0,-1,-1,-1,matsu,walk,matsu
1.57E+15,-2,0,5,2,-1,-1,-4,1,matsu,walk,matsu
1.57E+15,1,2,-17,-9,0,0,-1,-1,matsu,walk,matsu
1.57E+15,2,0,0,2,1,3,2,4,matsu,walk,matsu
1.57E+15,4,1,4,-1,-2,-4,-4,8,matsu,walk,matsu
1.57E+15,-6,-10,-4,-2,-4,-4,-7,0,matsu,walk,matsu
1.57E+15,-14,-1,12,5,-3,-6,-5,-12,matsu,walk,matsu
1.57E+15,-15,2,-11,-9,-3,-2,-6,-37,matsu,walk,matsu
1.57E+15,-4,-29,-39,-7,-4,-3,-3,-3,matsu,walk,matsu
1.57E+15,10,12,-1,-2,0,2,6,18,matsu,walk,matsu
1.57E+15,15,0,15,2,3,5,5,24,matsu,walk,matsu
1.57E+15,6,-2,10,1,0,0,11,14,matsu,walk,matsu
1.57E+15,-5,2,2,3,-2,0,-3,-13,matsu,walk,matsu
1.57E+15,-5,-4,-11,-3,-3,0,-3,-8,matsu,walk,matsu
1.57E+15,1,6,-3,-1,-3,-4,-5,-8,matsu,walk,matsu
1.57E+15,5,6,11,1,1,2,5,9,matsu,walk,matsu
1.57E+15,0,0,9,-1,0,1,3,2,matsu,walk,matsu
1.57E+15,4,21,2,1,-1,-1,0,-6,matsu,walk,matsu
1.57E+15,-5,21,5,-4,-2,-2,-4,-5,matsu,walk,matsu
1.57E+15,-3,-16,-10,0,-3,-2,-4,1,matsu,walk,matsu
1.57E+15,-4,6,0,-3,-1,-2,0,-2,matsu,walk,matsu
1.57E+15,-1,-8,1,1,0,-1,0,-3,matsu,walk,matsu
1.57E+15,1,0,3,0,1,-1,3,1,matsu,walk,matsu
1.57E+15,-3,-1,-4,-3,-3,-3,-5,-6,matsu,walk,matsu
1.57E+15,-1,3,1,0,1,0,-1,1,matsu,walk,matsu
1.57E+15,3,-1,5,1,-1,0,2,2,matsu,walk,matsu
1.57E+15,-4,-11,-7,-1,-1,-1,-1,-5,matsu,walk,matsu
1.57E+15,1,0,3,-1,1,-1,-1,-1,matsu,walk,matsu
1.57E+15,1,0,-12,-1,-1,-1,-7,-1,matsu,walk,matsu
1.57E+15,-7,-14,1,-2,-2,-1,0,-8,matsu,walk,matsu
1.57E+15,-2,-4,-6,-1,-1,-2,2,7,matsu,walk,matsu
1.57E+15,4,-2,-1,0,-2,-1,-3,1,matsu,walk,matsu
1.57E+15,-3,4,10,0,1,-1,2,0,matsu,walk,matsu
1.57E+15,0,0,0,-3,0,-1,-2,-3,matsu,walk,matsu
1.57E+15,7,11,1,-2,-3,-1,0,-3,matsu,walk,matsu
1.57E+15,-1,-7,-5,-3,-2,-3,-2,-1,matsu,walk,matsu
1.57E+15,-8,-3,1,0,-1,0,-1,-1,matsu,walk,matsu
1.57E+15,-1,-4,-6,-4,-2,-2,-1,-1,matsu,walk,matsu
1.57E+15,0,-16,8,1,2,1,-1,-4,matsu,walk,matsu
1.57E+15,6,14,0,-2,-3,-5,-10,14,matsu,walk,matsu
1.57E+15,13,-7,-20,-10,-4,-3,-1,20,matsu,walk,matsu
1.57E+15,-20,-12,-12,7,6,4,9,-41,matsu,walk,matsu
1.57E+15,-34,-9,-10,-7,-3,-6,5,-24,matsu,walk,matsu
1.57E+15,-30,2,-3,-6,-6,-10,-39,-31,matsu,walk,matsu
1.57E+15,17,-15,2,0,4,4,3,14,matsu,walk,matsu
1.57E+15,63,29,31,6,0,8,24,78,matsu,walk,matsu
1.57E+15,3,-5,-8,3,-4,-5,37,19,matsu,walk,matsu
1.57E+15,-75,-40,-62,-24,-10,-19,-77,-90,matsu,walk,matsu
1.57E+15,-10,32,27,7,0,-4,-12,-18,matsu,walk,matsu
1.57E+15,4,-17,-5,2,2,4,26,36,matsu,walk,matsu
1.57E+15,9,-14,-4,-22,-7,-2,-25,-21,matsu,walk,matsu
1.57E+15,17,21,15,10,1,3,67,31,matsu,walk,matsu
1.57E+15,26,-15,5,2,0,-6,-56,-17,matsu,walk,matsu
1.57E+15,-14,-8,10,-4,-7,-2,14,3,matsu,walk,matsu
1.57E+15,-79,-31,-23,-7,-1,-10,-101,-85,matsu,walk,matsu
1.57E+15,13,28,20,9,20,51,118,112,matsu,walk,matsu
1.57E+15,-16,34,17,10,-3,-7,10,-40,matsu,walk,matsu
1.57E+15,4,11,39,4,-17,-36,-47,-30,matsu,walk,matsu
1.57E+15,-26,-77,-26,-4,-2,2,50,27,matsu,walk,matsu
1.57E+15,2,-7,-83,-19,-12,-16,-59,-13,matsu,walk,matsu
1.57E+15,52,23,38,11,21,39,114,113,matsu,walk,matsu
1.57E+15,84,27,1,3,13,21,19,107,matsu,walk,matsu
1.57E+15,-36,37,56,15,1,-13,-40,-100,matsu,walk,matsu
1.57E+15,15,0,72,29,4,10,48,17,matsu,walk,matsu
1.57E+15,-72,-3,-67,-12,0,-5,18,-1,matsu,walk,matsu
1.57E+15,2,-12,-27,-16,-10,-20,-62,-33,matsu,walk,matsu
1.57E+15,77,31,29,16,12,25,83,91,matsu,walk,matsu
1.57E+15,-49,-26,33,-7,-18,-39,-85,-82,matsu,walk,matsu
1.57E+15,-13,8,-26,0,-7,-5,-18,-38,matsu,walk,matsu
1.57E+15,-51,-58,-27,-16,-1,1,-8,-60,matsu,walk,matsu
1.57E+15,54,-15,-64,2,5,20,48,96,matsu,walk,matsu
1.57E+15,62,39,49,4,18,22,38,62,matsu,walk,matsu
1.57E+15,-52,-6,31,-8,-12,-28,-64,-88,matsu,walk,matsu
1.57E+15,-23,48,-10,-1,0,-3,-16,-31,matsu,walk,matsu
1.57E+15,24,3,16,-1,-5,-4,-8,2,matsu,walk,matsu
1.57E+15,19,12,40,10,3,4,10,12,matsu,walk,matsu
1.57E+15,13,-13,-27,-7,-1,-3,-11,13,matsu,walk,matsu
1.57E+15,-25,-8,5,4,2,5,18,-32,matsu,walk,matsu
1.57E+15,7,21,13,0,-3,-5,-8,10,matsu,walk,matsu
1.57E+15,-7,-14,-39,-8,-3,-5,1,-40,matsu,walk,matsu
1.57E+15,7,-3,2,-6,-2,0,11,71,matsu,walk,matsu
1.57E+15,-12,-11,-8,-1,1,-4,-14,-27,matsu,walk,matsu
1.57E+15,-4,17,4,-1,-2,-3,6,6,matsu,walk,matsu
1.57E+15,-5,-12,-29,-5,-4,-10,-28,-26,matsu,walk,matsu
1.57E+15,13,-4,9,0,-2,5,24,-5,matsu,walk,matsu
1.57E+15,-3,-1,12,3,0,2,15,35,matsu,walk,matsu
1.57E+15,-10,2,-21,-3,1,-3,-15,-22,matsu,walk,matsu
1.57E+15,10,4,-7,0,2,-2,1,25,matsu,walk,matsu
1.57E+15,10,-15,3,0,-1,2,5,-9,matsu,walk,matsu
1.57E+15,-14,7,-9,-8,-6,-3,1,4,matsu,walk,matsu
1.57E+15,-3,34,18,0,-1,-5,-17,-12,matsu,walk,matsu
1.57E+15,-5,-37,-18,-4,0,0,7,0,matsu,walk,matsu
1.57E+15,4,-4,-3,-2,-3,-4,-9,13,matsu,walk,matsu
1.57E+15,-6,-7,-7,1,1,-1,-9,-23,matsu,walk,matsu
1.57E+15,5,16,13,-2,-2,-3,1,7,matsu,walk,matsu
1.57E+15,4,12,16,3,-1,-2,-2,2,matsu,walk,matsu
1.57E+15,-2,-4,-9,-2,0,-1,-7,-12,matsu,walk,matsu
1.57E+15,-1,-8,-6,0,1,4,11,11,matsu,walk,matsu
1.57E+15,4,-9,9,1,0,0,-2,3,matsu,walk,matsu
1.57E+15,1,14,2,1,1,-2,-2,5,matsu,walk,matsu
1.57E+15,-5,-52,-45,-8,-4,-4,-6,-11,matsu,walk,matsu
1.57E+15,2,34,13,2,0,2,7,2,matsu,walk,matsu
1.57E+15,-4,-22,-24,-1,-2,-5,-8,2,matsu,walk,matsu
1.57E+15,1,7,-12,-1,-2,-3,-4,-5,matsu,walk,matsu
1.57E+15,-2,-10,19,-3,-1,-3,0,0,matsu,walk,matsu
1.57E+15,2,10,12,3,-1,1,2,2,matsu,walk,matsu
1.57E+15,3,8,0,1,1,-2,-4,-6,matsu,walk,matsu
1.57E+15,1,-8,0,-4,-3,-1,0,4,matsu,walk,matsu
1.57E+15,3,19,19,1,0,0,3,0,matsu,walk,matsu
1.57E+15,-8,-8,-14,-1,3,1,-1,-2,matsu,walk,matsu
1.57E+15,-4,-12,29,3,-2,0,-6,-3,matsu,walk,matsu
1.57E+15,0,-1,-9,-4,-1,1,2,2,matsu,walk,matsu
1.57E+15,6,13,5,2,-3,0,-3,-1,matsu,walk,matsu
1.57E+15,-2,3,21,3,3,-1,0,-1,matsu,walk,matsu
1.57E+15,-5,-24,-51,-11,-4,-5,-1,-1,matsu,walk,matsu
1.57E+15,0,17,14,-2,-2,-1,-1,0,matsu,walk,matsu
1.57E+15,-10,-2,36,7,3,3,-2,-7,matsu,walk,matsu
1.57E+15,-4,-10,-7,2,0,0,4,4,matsu,walk,matsu
1.57E+15,-8,-22,-7,-5,-2,-1,-3,-3,matsu,walk,matsu
1.57E+15,-1,0,-11,-1,1,0,-2,3,matsu,walk,matsu
1.57E+15,-1,10,41,2,1,0,-3,-5,matsu,walk,matsu
1.57E+15,-6,-28,-79,-9,-3,-3,-1,-1,matsu,walk,matsu
1.57E+15,-2,14,-14,-1,1,0,-1,-6,matsu,walk,matsu
1.57E+15,-3,-27,22,-4,-4,-3,0,6,matsu,walk,matsu
1.57E+15,-4,24,7,1,1,-2,-2,-6,matsu,walk,matsu
1.57E+15,3,15,25,3,0,0,0,-2,matsu,walk,matsu
1.57E+15,0,25,2,0,1,0,-1,0,matsu,walk,matsu
1.57E+15,-9,-22,-32,-5,-2,-2,0,-3,matsu,walk,matsu
1.57E+15,4,9,0,-1,-2,-1,2,3,matsu,walk,matsu
1.57E+15,-2,-3,5,-1,-2,-1,-2,-1,matsu,walk,matsu
1.57E+15,-7,-18,-4,-1,-1,0,-2,-1,matsu,walk,matsu
1.57E+15,2,14,20,3,2,0,-2,-5,matsu,walk,matsu
1.57E+15,3,-21,-24,-4,-2,-2,0,3,matsu,walk,matsu
1.57E+15,-11,1,-10,-3,-1,-1,-1,-5,matsu,walk,matsu
1.57E+15,7,10,18,1,-1,0,-1,9,matsu,walk,matsu
1.57E+15,5,11,2,2,3,0,0,0,matsu,walk,matsu
1.57E+15,-16,-38,-43,-11,-5,-6,-5,-11,matsu,walk,matsu
1.57E+15,-1,-8,8,0,-2,-3,0,0,matsu,walk,matsu
1.57E+15,-2,-8,5,-1,1,0,-2,-4,matsu,walk,matsu
1.57E+15,5,8,1,2,-2,-1,0,2,matsu,walk,matsu
1.57E+15,-5,-15,-5,-1,-2,1,1,5,matsu,walk,matsu
1.57E+15,6,-2,15,0,1,0,0,1,matsu,walk,matsu
1.57E+15,1,6,-21,0,-3,0,4,10,matsu,walk,matsu
1.57E+15,-7,-10,7,1,-1,-3,-5,-9,matsu,walk,matsu
1.57E+15,-1,16,-6,-1,-1,-2,-4,-14,matsu,walk,matsu
1.57E+15,7,-5,21,-2,-1,4,-4,13,matsu,walk,matsu
1.57E+15,20,13,13,4,2,3,55,36,matsu,walk,matsu
1.57E+15,14,-1,-9,3,4,-2,-37,3,matsu,walk,matsu
1.57E+15,-32,8,11,-9,-7,-17,-45,-70,matsu,walk,matsu
1.57E+15,-22,-33,-16,1,-1,3,-6,-2,matsu,walk,matsu
1.57E+15,45,25,33,9,15,36,58,73,matsu,walk,matsu
1.57E+15,22,8,-16,12,11,11,77,40,matsu,walk,matsu
1.57E+15,3,5,20,-5,-16,-27,-83,-39,matsu,walk,matsu
1.57E+15,-45,-23,-30,-15,-20,-29,-6,-33,matsu,walk,matsu
1.57E+15,-10,9,24,-4,-6,1,-41,-54,matsu,walk,matsu
1.57E+15,-24,-4,-18,22,-6,-28,-68,-49,matsu,walk,matsu
1.57E+15,19,9,37,4,-1,3,32,32,matsu,walk,matsu
1.57E+15,-47,-22,-47,-18,-15,-29,21,-80,matsu,walk,matsu
1.57E+15,63,7,33,-7,-21,-14,11,84,matsu,walk,matsu
1.57E+15,18,-29,-82,-9,10,30,78,70,matsu,walk,matsu
1.57E+15,-69,17,26,6,-17,-34,-41,-18,matsu,walk,matsu
1.57E+15,28,-8,-14,-12,9,3,-9,14,matsu,walk,matsu
1.57E+15,-56,-3,-51,-3,3,-6,4,-79,matsu,walk,matsu
1.57E+15,18,-2,32,-6,0,34,114,91,matsu,walk,matsu
1.57E+15,-21,-9,3,-1,-9,-36,-48,-71,matsu,walk,matsu
1.57E+15,-16,11,-58,-18,-4,-15,-80,-31,matsu,walk,matsu
1.57E+15,4,3,20,-2,-3,0,49,19,matsu,walk,matsu
1.57E+15,-9,-3,1,2,3,-2,-4,-71,matsu,walk,matsu
1.57E+15,48,16,10,16,26,64,98,93,matsu,walk,matsu
1.57E+15,52,50,82,21,16,22,41,64,matsu,walk,matsu
1.57E+15,-9,-16,-34,-9,-7,-25,-81,-31,matsu,walk,matsu
1.57E+15,-33,6,9,-11,-9,-4,-25,-52,matsu,walk,matsu
1.57E+15,5,-13,-16,1,1,2,1,5,matsu,walk,matsu
1.57E+15,12,-22,0,-8,-1,3,21,37,matsu,walk,matsu
1.57E+15,-4,7,-30,1,4,-1,-27,-44,matsu,walk,matsu
1.57E+15,-9,-20,-35,-9,-6,-12,-31,-20,matsu,walk,matsu
1.57E+15,13,19,-20,-1,2,5,-3,26,matsu,walk,matsu
1.57E+15,25,22,9,5,2,9,10,24,matsu,walk,matsu
1.57E+15,-31,-14,6,4,3,15,15,-4,matsu,walk,matsu
1.57E+15,3,19,32,-1,-9,-21,-29,41,matsu,walk,matsu
1.57E+15,19,-18,-26,-6,4,4,22,31,matsu,walk,matsu
1.57E+15,-5,14,15,12,6,21,22,-2,matsu,walk,matsu
1.57E+15,-9,-20,3,-6,-7,-28,-1,-34,matsu,walk,matsu
1.57E+15,-4,4,1,0,0,0,-28,-8,matsu,walk,matsu
1.57E+15,16,1,-8,-6,-1,7,18,20,matsu,walk,matsu
1.57E+15,-3,-8,1,2,-4,-8,-20,-19,matsu,walk,matsu
1.57E+15,-7,-8,7,4,4,8,-16,-26,matsu,walk,matsu
1.57E+15,1,-10,12,-8,-4,-9,-32,-2,matsu,walk,matsu
1.57E+15,10,3,12,5,6,15,50,20,matsu,walk,matsu
1.57E+15,1,-1,-20,0,-2,3,-5,-4,matsu,walk,matsu
1.57E+15,-5,-16,-6,-3,0,-4,-19,8,matsu,walk,matsu
1.57E+15,-3,20,43,1,-2,2,4,-4,matsu,walk,matsu
1.57E+15,5,12,-32,-4,2,0,-3,0,matsu,walk,matsu
1.57E+15,2,-4,39,9,4,-1,2,3,matsu,walk,matsu
1.57E+15,-3,-1,2,-4,-1,-1,1,22,matsu,walk,matsu
1.57E+15,7,32,12,-3,-3,-2,5,1,matsu,walk,matsu
1.57E+15,4,9,0,1,2,1,0,-7,matsu,walk,matsu
1.57E+15,6,-1,-14,3,1,-1,4,6,matsu,walk,matsu
1.57E+15,-5,5,-44,-3,-2,2,-1,5,matsu,walk,matsu
1.57E+15,-18,-41,12,-5,-1,-4,-11,-14,matsu,walk,matsu
1.57E+15,8,13,23,1,1,2,0,-1,matsu,walk,matsu
1.57E+15,-2,-4,-11,-1,-3,1,6,1,matsu,walk,matsu
1.57E+15,2,4,-8,0,1,0,-2,8,matsu,walk,matsu
1.57E+15,2,17,-12,1,-2,-2,-5,-10,matsu,walk,matsu
1.57E+15,-1,-27,-7,-1,0,3,7,6,matsu,walk,matsu
1.57E+15,-1,-14,18,2,-1,-1,2,4,matsu,walk,matsu
1.57E+15,-14,-3,-7,-3,-4,-3,-7,-6,matsu,walk,matsu
1.57E+15,5,10,-12,-4,-1,-2,0,0,matsu,walk,matsu
1.57E+15,-18,-37,-12,-8,-4,-2,0,-7,matsu,walk,matsu
1.57E+15,9,9,8,5,1,0,-1,2,matsu,walk,matsu
1.57E+15,-2,-16,-12,-2,-2,-2,-5,0,matsu,walk,matsu
1.57E+15,-1,1,-3,-1,-1,-1,1,-2,matsu,walk,matsu
1.57E+15,0,3,-3,-2,1,-1,0,3,matsu,walk,matsu
1.57E+15,-4,1,-27,-4,-1,-3,-1,-3,matsu,walk,matsu
1.57E+15,1,-10,12,-1,-1,-1,0,6,matsu,walk,matsu
1.57E+15,0,0,13,3,-1,0,0,2,matsu,walk,matsu
1.57E+15,-4,12,4,-5,-4,-3,-3,-4,matsu,walk,matsu
1.57E+15,1,1,3,0,0,2,1,1,matsu,walk,matsu
1.57E+15,-2,8,28,4,2,0,0,1,matsu,walk,matsu
1.57E+15,-1,-25,-4,0,-1,0,-5,-5,matsu,walk,matsu
1.57E+15,-1,7,-60,-11,-3,-4,-1,4,matsu,walk,matsu
1.57E+15,11,-7,-33,-3,-2,-1,1,11,matsu,walk,matsu
1.57E+15,-1,5,27,4,1,4,0,13,matsu,walk,matsu
1.57E+15,-28,-5,20,0,0,2,15,-35,matsu,walk,matsu
1.57E+15,10,-1,9,3,-1,-8,-60,-14,matsu,walk,matsu
1.57E+15,-9,5,2,-1,-2,-6,-15,-27,matsu,walk,matsu
1.57E+15,12,7,-4,5,2,-2,-4,1,matsu,walk,matsu
1.57E+15,17,-6,-12,-5,0,5,12,32,matsu,walk,matsu
1.57E+15,15,7,10,4,6,11,46,31,matsu,walk,matsu
1.57E+15,-9,-11,0,2,4,2,-41,-4,matsu,walk,matsu
1.57E+15,-6,10,6,-4,-6,-14,-20,-37,matsu,walk,matsu
1.57E+15,-15,2,2,0,-5,-11,-12,-30,matsu,walk,matsu
1.57E+15,-9,-13,-44,-8,-3,0,-3,8,matsu,walk,matsu
1.57E+15,17,-3,30,3,5,12,29,43,matsu,walk,matsu
1.57E+15,29,23,23,4,1,12,48,62,matsu,walk,matsu
1.57E+15,-24,-8,-42,1,0,-15,-65,-75,matsu,walk,matsu
1.57E+15,-11,8,48,3,-1,-2,14,-8,matsu,walk,matsu
1.57E+15,18,6,26,-2,2,3,12,29,matsu,walk,matsu
1.57E+15,21,-11,-97,-13,-7,-2,-13,16,matsu,walk,matsu
1.57E+15,41,14,41,13,11,25,65,52,matsu,walk,matsu
1.57E+15,-81,-35,-24,-16,-19,-23,-7,-21,matsu,walk,matsu
1.57E+15,1,24,43,21,8,-7,-45,-44,matsu,walk,matsu
1.57E+15,-44,-62,-4,-15,-14,-10,-35,-77,matsu,walk,matsu
1.57E+15,10,17,-6,-14,-18,-39,17,0,matsu,walk,matsu
1.57E+15,-51,-22,14,1,-10,-13,11,-22,matsu,walk,matsu
1.57E+15,30,-1,-37,-9,9,24,80,36,matsu,walk,matsu
1.57E+15,43,77,63,14,11,19,10,78,matsu,walk,matsu
1.57E+15,-7,-81,-65,-14,-8,6,63,-31,matsu,walk,matsu
1.57E+15,14,36,30,-9,8,17,-47,8,matsu,walk,matsu
1.57E+15,14,19,-21,16,-1,-20,26,-18,matsu,walk,matsu
1.57E+15,1,-16,17,-8,0,-3,-50,33,matsu,walk,matsu
1.57E+15,44,-8,-42,-8,8,39,54,97,matsu,walk,matsu
1.57E+15,20,56,75,31,18,17,40,-44,matsu,walk,matsu
1.57E+15,-101,-68,-53,-32,-21,-29,-47,-19,matsu,walk,matsu
1.57E+15,-26,-7,7,-5,-9,-19,4,-29,matsu,walk,matsu
1.57E+15,44,14,51,18,15,36,92,101,matsu,walk,matsu
1.57E+15,20,-4,-9,13,26,74,127,82,matsu,walk,matsu
1.57E+15,-25,23,-7,-11,-22,-79,-123,-126,matsu,walk,matsu
1.57E+15,-18,-36,-24,13,8,8,90,7,matsu,walk,matsu
1.57E+15,-12,55,60,-14,-4,-13,-47,-21,matsu,walk,matsu
1.57E+15,127,-13,-35,12,8,32,110,118,matsu,walk,matsu
1.57E+15,-90,-60,-61,-37,-34,-47,-69,-88,matsu,walk,matsu
1.57E+15,2,-11,10,26,1,-10,1,-7,matsu,walk,matsu
1.57E+15,-64,24,14,-1,-8,-27,-68,-52,matsu,walk,matsu
1.57E+15,3,-9,-19,-14,-9,-13,-25,26,matsu,walk,matsu
1.57E+15,127,23,50,27,33,88,125,127,matsu,walk,matsu
1.57E+15,-78,-65,-19,-21,-34,-84,-76,-92,matsu,walk,matsu
1.57E+15,-28,-12,-63,-6,-7,-2,-27,-1,matsu,walk,matsu
1.57E+15,24,3,8,-2,-3,9,-39,48,matsu,walk,matsu
1.57E+15,33,4,14,8,9,-15,54,59,matsu,walk,matsu
1.57E+15,34,47,11,-4,10,32,39,-37,matsu,walk,matsu
1.57E+15,-13,0,26,8,3,2,-36,-24,matsu,walk,matsu
1.57E+15,-37,-17,-33,-13,-17,-48,-44,-15,matsu,walk,matsu
1.57E+15,8,25,19,5,3,25,10,-13,matsu,walk,matsu
1.57E+15,8,10,15,0,4,5,-10,61,matsu,walk,matsu
1.57E+15,-18,4,-3,2,2,-4,-4,-88,matsu,walk,matsu
1.57E+15,6,-22,-22,-2,-3,-3,-14,-1,matsu,walk,matsu
1.57E+15,-12,-7,-5,-4,-5,3,30,-56,matsu,walk,matsu
1.57E+15,-27,-2,-6,-4,0,-1,-1,27,matsu,walk,matsu
1.57E+15,22,-19,-12,-1,0,5,1,37,matsu,walk,matsu
1.57E+15,-4,20,21,-1,0,-16,-25,-45,matsu,walk,matsu
1.57E+15,-10,22,11,0,-3,6,7,30,matsu,walk,matsu
1.57E+15,-2,-37,-13,-4,2,12,12,-46,matsu,walk,matsu
1.57E+15,26,13,10,6,5,0,18,36,matsu,walk,matsu
1.57E+15,-24,13,-1,-5,-8,-21,-30,-42,matsu,walk,matsu
1.57E+15,-11,-12,-1,-2,-1,7,6,7,matsu,walk,matsu
1.57E+15,30,42,4,3,6,14,23,34,matsu,walk,matsu
1.57E+15,-10,-42,-17,-7,-9,-14,-29,11,matsu,walk,matsu
1.57E+15,-20,-3,3,-1,0,-9,-7,-47,matsu,walk,matsu
1.57E+15,6,7,0,1,1,10,12,24,matsu,walk,matsu
1.57E+15,13,8,22,1,2,4,-4,13,matsu,walk,matsu
1.57E+15,-3,10,7,-1,-1,-5,-4,-18,matsu,walk,matsu
1.57E+15,-1,-19,-20,-1,-2,-4,7,12,matsu,walk,matsu
1.57E+15,-2,6,24,-4,-3,-1,-6,-12,matsu,walk,matsu
1.57E+15,1,9,-17,-3,0,4,6,1,matsu,walk,matsu
1.57E+15,-11,-41,-62,-8,-3,-5,-4,-8,matsu,walk,matsu
1.57E+15,7,16,31,3,0,-1,2,3,matsu,walk,matsu
1.57E+15,-5,-12,-3,0,-1,-2,-7,2,matsu,walk,matsu
1.57E+15,3,16,22,1,2,3,5,-4,matsu,walk,matsu
1.57E+15,7,10,12,1,-1,0,0,12,matsu,walk,matsu
1.57E+15,3,8,-13,1,1,-2,-3,-12,matsu,walk,matsu
1.57E+15,-13,-27,-9,-5,-2,0,-2,-1,matsu,walk,matsu
1.57E+15,2,34,-8,-6,-4,1,5,3,matsu,walk,matsu
1.57E+15,7,8,6,1,1,-1,0,15,matsu,walk,matsu
1.57E+15,-5,-8,-4,0,0,-4,-4,-14,matsu,walk,matsu
1.57E+15,2,7,13,4,0,2,1,0,matsu,walk,matsu
1.57E+15,2,-13,-15,-1,0,1,4,10,matsu,walk,matsu
1.57E+15,3,18,12,-2,-1,-1,-5,0,matsu,walk,matsu
1.57E+15,-6,-12,-4,1,0,-3,-2,-9,matsu,walk,matsu
1.57E+15,3,13,5,0,1,1,-1,2,matsu,walk,matsu
1.57E+15,-5,-4,-11,-6,-2,-3,0,-10,matsu,walk,matsu
1.57E+15,-5,-22,-24,-2,-3,-3,-2,1,matsu,walk,matsu
1.57E+15,-7,-3,25,-2,-4,-2,-4,1,matsu,walk,matsu
1.57E+15,2,13,-6,1,-1,1,2,8,matsu,walk,matsu
1.57E+15,10,11,30,8,5,4,8,8,matsu,walk,matsu
1.57E+15,1,13,4,5,3,2,1,-18,matsu,walk,matsu
1.57E+15,-8,-53,-65,-10,-4,-7,-15,-15,matsu,walk,matsu
1.57E+15,-8,7,38,-5,-5,-4,-2,0,matsu,walk,matsu
1.57E+15,-7,-15,-17,-9,-2,-2,-3,-5,matsu,walk,matsu
1.57E+15,3,23,41,2,2,0,2,11,matsu,walk,matsu
1.57E+15,2,4,9,3,1,-1,1,-4,matsu,walk,matsu
1.57E+15,4,15,21,4,0,1,1,3,matsu,walk,matsu
1.57E+15,2,-11,-20,4,1,2,3,-22,matsu,walk,matsu
1.57E+15,-4,-12,-9,-4,-4,-4,-7,17,matsu,walk,matsu
1.57E+15,-4,-8,1,-3,-4,-4,-3,7,matsu,walk,matsu
1.57E+15,-2,-10,-22,-1,0,-1,0,0,matsu,walk,matsu
1.57E+15,-3,-17,-4,-1,-1,-1,-2,6,matsu,walk,matsu
1.57E+15,4,1,6,3,1,0,3,-13,matsu,walk,matsu
1.57E+15,1,12,9,3,1,1,3,-11,matsu,walk,matsu
1.57E+15,-8,-27,-23,-5,-2,-2,1,8,matsu,walk,matsu
1.57E+15,2,12,26,-1,1,1,0,12,matsu,walk,matsu
1.57E+15,-9,-29,-62,-6,-3,-4,-7,-26,matsu,walk,matsu
1.57E+15,-1,-4,13,1,1,0,3,5,matsu,walk,matsu
1.57E+15,3,5,-1,0,2,1,-1,-6,matsu,walk,matsu
1.57E+15,1,4,14,2,2,-1,1,1,matsu,walk,matsu
1.57E+15,1,-2,14,-3,-1,-1,3,19,matsu,walk,matsu
1.57E+15,-2,6,-9,-2,-2,-3,0,-14,matsu,walk,matsu
1.57E+15,5,11,-1,2,1,1,1,-1,matsu,walk,matsu
1.57E+15,-13,-38,-26,-5,-5,-3,-3,3,matsu,walk,matsu
1.57E+15,0,10,9,0,0,0,-1,7,matsu,walk,matsu
1.57E+15,-1,-4,-9,-1,-1,0,-1,-5,matsu,walk,matsu
1.57E+15,1,13,10,0,1,-1,-2,3,matsu,walk,matsu
1.57E+15,4,-3,-8,0,0,0,-1,0,matsu,walk,matsu
1.57E+15,-1,-2,5,-1,-1,-1,0,-2,matsu,walk,matsu
1.57E+15,2,6,5,-2,-1,0,4,3,matsu,walk,matsu
1.57E+15,-4,-2,-9,-2,-2,-2,-5,-10,matsu,walk,matsu
1.57E+15,1,10,-2,-2,-2,-1,-2,3,matsu,walk,matsu
1.57E+15,-2,-13,-5,-1,-1,-2,1,-4,matsu,walk,matsu
1.57E+15,0,12,14,0,0,0,-2,5,matsu,walk,matsu
1.57E+15,-2,-6,-9,-1,0,-1,-1,3,matsu,walk,matsu
